# Blender 4.1.1
# www.blender.org
mtllib PottedCactus2.mtl
o Pot
v 0.000000 0.266573 -1.000000
v 0.000000 2.266573 -1.306025
v 0.382683 0.266573 -0.923880
v 0.499794 2.266573 -1.206610
v 0.707107 0.266573 -0.707107
v 0.923499 2.266573 -0.923499
v 0.923880 0.266573 -0.382683
v 1.206610 2.266573 -0.499794
v 1.000000 0.266573 0.000000
v 1.306025 2.266573 -0.000000
v 0.923880 0.266573 0.382683
v 1.206610 2.266573 0.499794
v 0.707107 0.266573 0.707107
v 0.923499 2.266573 0.923499
v 0.382683 0.266573 0.923880
v 0.499794 2.266573 1.206610
v 0.000000 0.266573 1.000000
v 0.000000 2.266573 1.306025
v -0.382683 0.266573 0.923880
v -0.499794 2.266573 1.206610
v -0.707107 0.266573 0.707107
v -0.923499 2.266573 0.923499
v -0.923880 0.266573 0.382683
v -1.206610 2.266573 0.499794
v -1.000000 0.266573 0.000000
v -1.306025 2.266573 -0.000000
v -0.923880 0.266573 -0.382683
v -1.206610 2.266573 -0.499794
v -0.707107 0.266573 -0.707107
v -0.923499 2.266573 -0.923499
v -0.382683 0.266573 -0.923880
v -0.499794 2.266573 -1.206610
v 0.000000 1.886006 -1.247794
v 0.477510 1.886006 -1.152811
v 0.882323 1.886006 -0.882323
v 1.152811 1.886006 -0.477510
v 1.247794 1.886006 -0.000000
v 1.152811 1.886006 0.477510
v 0.882323 1.886006 0.882323
v 0.477510 1.886006 1.152811
v 0.000000 1.886006 1.247794
v -0.477510 1.886006 1.152811
v -0.882323 1.886006 0.882323
v -1.152811 1.886006 0.477510
v -1.247794 1.886006 -0.000000
v -1.152811 1.886006 -0.477510
v -0.882323 1.886006 -0.882323
v -0.477510 1.886006 -1.152811
v 0.535116 2.266573 -1.291885
v 0.000000 2.266573 -1.398326
v 0.000000 1.886006 -1.335979
v 0.988766 2.266573 -0.988766
v 1.291885 2.266573 -0.535116
v 1.398326 2.266573 -0.000000
v 1.291885 2.266573 0.535116
v 0.988766 2.266573 0.988766
v 0.535116 2.266573 1.291885
v 0.000000 2.266573 1.398326
v -0.535116 2.266573 1.291885
v -0.988766 2.266573 0.988766
v -1.291885 2.266573 0.535116
v -1.398326 2.266573 -0.000000
v -1.291885 2.266573 -0.535116
v -0.988766 2.266573 -0.988766
v -0.535116 2.266573 -1.291885
v 0.511257 1.886006 -1.234283
v 0.944680 1.886006 -0.944680
v 1.234283 1.886006 -0.511257
v 1.335979 1.886006 -0.000000
v 1.234283 1.886006 0.511257
v 0.944680 1.886006 0.944680
v 0.511257 1.886006 1.234283
v 0.000000 1.886006 1.335979
v -0.511257 1.886006 1.234283
v -0.944680 1.886006 0.944680
v -1.234283 1.886006 0.511257
v -1.335979 1.886006 -0.000000
v -1.234283 1.886006 -0.511257
v -0.944680 1.886006 -0.944680
v -0.511257 1.886006 -1.234283
v 0.469122 1.966969 -1.132561
v -0.000000 1.966969 -1.225875
v 0.866825 1.966969 -0.866825
v 1.132561 1.966969 -0.469122
v 1.225875 1.966969 -0.000000
v 1.132561 1.966969 0.469122
v 0.866825 1.966969 0.866825
v 0.469122 1.966969 1.132561
v -0.000000 1.966969 1.225875
v -0.469122 1.966969 1.132561
v -0.866825 1.966969 0.866825
v -1.132561 1.966969 0.469122
v -1.225875 1.966969 -0.000000
v -1.132561 1.966969 -0.469122
v -0.866825 1.966969 -0.866825
v -0.469122 1.966969 -1.132561
v -0.612938 1.966969 -0.642723
v -0.000000 1.966969 -0.703683
v 0.612937 1.966969 -0.642723
v -0.663439 1.966969 0.000000
v -0.000000 1.966969 -0.000000
v 0.663439 1.966969 -0.000000
v -0.612938 1.966969 0.642723
v -0.000000 1.966969 0.703683
v 0.612937 1.966969 0.642723
v 0.724287 0.266573 -0.017181
v 0.405897 0.266573 -0.405897
v 0.017181 0.266573 -0.724287
v 0.382683 0.266573 0.382683
v 0.000000 0.266573 0.000000
v -0.382683 0.266573 -0.382683
v -0.017181 0.266573 0.724287
v -0.405897 0.266573 0.405897
v -0.724287 0.266573 0.017181
vn -0.0000 1.0000 -0.0000
vn -0.0000 -1.0000 -0.0000
vn -0.5374 0.2538 -0.8042
vn -0.1929 -0.1484 -0.9699
vn -0.5494 -0.1484 -0.8223
vn -0.8223 -0.1484 -0.5494
vn -0.9699 -0.1484 -0.1929
vn -0.9699 -0.1484 0.1929
vn -0.8223 -0.1484 0.5494
vn -0.5494 -0.1484 0.8223
vn -0.1929 -0.1484 0.9699
vn 0.1929 -0.1484 0.9699
vn 0.5494 -0.1484 0.8223
vn 0.8223 -0.1484 0.5494
vn 0.9699 -0.1484 0.1929
vn 0.9699 -0.1484 -0.1929
vn 0.8223 -0.1484 -0.5494
vn 0.5494 -0.1484 -0.8223
vn 0.1929 -0.1484 -0.9699
vn 0.1926 -0.1586 -0.9684
vn 0.5485 -0.1586 -0.8209
vn 0.8209 -0.1586 -0.5485
vn 0.9684 -0.1586 -0.1926
vn 0.9684 -0.1586 0.1926
vn 0.8209 -0.1586 0.5485
vn 0.5485 -0.1586 0.8209
vn 0.1926 -0.1586 0.9684
vn -0.1926 -0.1586 0.9684
vn -0.5485 -0.1586 0.8209
vn -0.8209 -0.1586 0.5485
vn -0.9684 -0.1586 0.1926
vn -0.9684 -0.1586 -0.1926
vn -0.8209 -0.1586 -0.5485
vn -0.5485 -0.1586 -0.8209
vn -0.1926 -0.1586 -0.9684
vn 0.9487 0.2538 -0.1887
vn -0.9487 0.2538 -0.1887
vn 0.5374 0.2538 -0.8042
vn 0.5374 0.2538 0.8042
vn -0.8042 0.2538 0.5374
vn -0.1887 0.2538 -0.9487
vn -0.1887 0.2538 0.9487
vn 0.9487 0.2538 0.1887
vn -0.8042 0.2538 -0.5374
vn 0.8042 0.2538 -0.5374
vn 0.1887 0.2538 0.9487
vn -0.9487 0.2538 0.1887
vn 0.1887 0.2538 -0.9487
vn 0.8042 0.2538 0.5374
vn -0.5374 0.2538 0.8042
vt 0.719199 0.815663
vt 0.719623 0.857792
vt 0.712044 0.859319
vt 0.711568 0.814196
vt 0.027588 0.842010
vt 0.053173 0.902051
vt 0.043530 0.908511
vt 0.016343 0.844358
vt 0.093970 0.664198
vt 0.047107 0.713728
vt 0.036628 0.707440
vt 0.087121 0.654207
vt 0.025865 0.777001
vt 0.014659 0.775312
vt 0.805512 0.941860
vt 0.848509 0.938818
vt 0.850562 0.946817
vt 0.804171 0.949722
vt 0.881782 0.739252
vt 0.842351 0.724569
vt 0.843515 0.716844
vt 0.885850 0.732679
vt 0.156588 0.637339
vt 0.154198 0.625558
vt 0.224301 0.636392
vt 0.226450 0.624883
vt 0.734561 0.776120
vt 0.728095 0.771955
vt 0.287101 0.661874
vt 0.293817 0.651596
vt 0.766090 0.925498
vt 0.761818 0.931936
vt 0.335569 0.709324
vt 0.345557 0.702695
vt 0.913208 0.767968
vt 0.919680 0.763384
vt 0.763396 0.745837
vt 0.777257 0.764183
vt 0.755510 0.789193
vt 0.361460 0.771491
vt 0.373116 0.769256
vt 0.915520 0.890119
vt 0.931778 0.850504
vt 0.939531 0.851979
vt 0.922061 0.894355
vt 0.491704 0.811246
vt 0.521268 0.823492
vt 0.485910 0.833149
vt 0.459703 0.811246
vt 0.156337 0.801935
vt 0.161230 0.789177
vt 0.157070 0.815751
vt 0.163336 0.828155
vt 0.174130 0.837170
vt 0.100231 0.948094
vt 0.187762 0.841604
vt 0.161179 0.973183
vt 0.202110 0.840539
vt 0.227137 0.972858
vt 0.214994 0.834117
vt 0.288627 0.947512
vt 0.224551 0.823584
vt 0.335869 0.900049
vt 0.229209 0.810377
vt 0.361684 0.838329
vt 0.228322 0.796567
vt 0.222047 0.784300
vt 0.211334 0.775539
vt 0.197783 0.771288
vt 0.183537 0.772555
vt 0.170640 0.778716
vt 0.978761 0.860673
vt 0.938558 0.805630
vt 0.978761 0.798341
vt 0.954381 0.740364
vt 0.908171 0.695346
vt 0.847966 0.679808
vt 0.798539 0.720029
vt 0.789988 0.683039
vt 0.759099 0.740014
vt 0.737142 0.708034
vt 0.695926 0.749993
vt 0.673139 0.805647
vt 0.672946 0.865863
vt 0.729807 0.900427
vt 0.695188 0.922207
vt 0.738352 0.968577
vt 0.798634 0.987268
vt 0.858867 0.985045
vt 0.891329 0.926786
vt 0.913415 0.959500
vt 0.954893 0.916781
vt 0.093687 0.958056
vt 0.800626 0.727768
vt 0.887009 0.920851
vt 0.159010 0.984358
vt 0.930772 0.807306
vt 0.229329 0.984358
vt 0.736249 0.896093
vt 0.295107 0.957407
vt 0.345949 0.906773
vt 0.373020 0.840571
vt 0.778903 0.905704
vt 0.809442 0.916883
vt 0.839277 0.748252
vt 0.806876 0.750034
vt 0.742685 0.852875
vt 0.755080 0.883133
vt 0.872733 0.901485
vt 0.895951 0.877835
vt 0.893652 0.782317
vt 0.869796 0.759601
vt 0.742797 0.819877
vt 0.906996 0.846208
vt 0.906903 0.812834
vt 0.842398 0.915466
vt 0.667023 0.655915
vt 0.682036 0.692158
vt 0.643015 0.669879
vt 0.639284 0.628176
vt 0.682036 0.731387
vt 0.636794 0.722388
vt 0.667023 0.767630
vt 0.622448 0.773280
vt 0.639284 0.795368
vt 0.603042 0.810381
vt 0.594686 0.655169
vt 0.603042 0.613164
vt 0.583427 0.711772
vt 0.572168 0.768376
vt 0.563813 0.810381
vt 0.544407 0.650265
vt 0.563813 0.613164
vt 0.530061 0.701157
vt 0.523839 0.753665
vt 0.527570 0.795368
vt 0.499831 0.655915
vt 0.527570 0.628176
vt 0.484819 0.692158
vt 0.484819 0.731387
vt 0.499831 0.767630
vt 0.543896 0.846120
vt 0.512609 0.867025
vt 0.556142 0.875684
vt 0.533690 0.904656
vt 0.556142 0.907685
vt 0.543896 0.937250
vt 0.449548 0.852540
vt 0.430138 0.823492
vt 0.475703 0.891685
vt 0.501859 0.930829
vt 0.521268 0.959878
vt 0.417717 0.878714
vt 0.407511 0.846119
vt 0.438798 0.916344
vt 0.465497 0.950220
vt 0.491704 0.972124
vt 0.395264 0.907685
vt 0.395264 0.875684
vt 0.407511 0.937250
vt 0.430138 0.959878
vt 0.459703 0.972124
s 0
f 18/1/1 20/2/1 59/3/1 58/4/1
f 47/5/2 46/6/2 78/7/2 79/8/2
f 34/9/2 33/10/2 51/11/2 66/12/2
f 48/13/2 47/5/2 79/8/2 80/14/2
f 26/15/1 28/16/1 63/17/1 62/18/1
f 8/19/1 10/20/1 54/21/1 53/22/1
f 35/23/2 34/9/2 66/12/2 67/24/2
f 33/10/2 48/13/2 80/14/2 51/11/2
f 36/25/2 35/23/2 67/24/2 68/26/2
f 16/27/1 18/1/1 58/4/1 57/28/1
f 37/29/2 36/25/2 68/26/2 69/30/2
f 24/31/1 26/15/1 62/18/1 61/32/1
f 38/33/2 37/29/2 69/30/2 70/34/2
f 6/35/1 8/19/1 53/22/1 52/36/1
f 16/27/3 14/37/3 87/38/3 88/39/3
f 39/40/2 38/33/2 70/34/2 71/41/2
f 32/42/1 2/43/1 50/44/1 65/45/1
f 9/46/2 11/47/2 106/48/2 7/49/2
f 31/50/4 48/13/4 33/10/4 1/51/4
f 29/52/5 47/5/5 48/13/5 31/50/5
f 27/53/6 46/6/6 47/5/6 29/52/6
f 25/54/7 45/55/7 46/6/7 27/53/7
f 23/56/8 44/57/8 45/55/8 25/54/8
f 21/58/9 43/59/9 44/57/9 23/56/9
f 19/60/10 42/61/10 43/59/10 21/58/10
f 17/62/11 41/63/11 42/61/11 19/60/11
f 15/64/12 40/65/12 41/63/12 17/62/12
f 13/66/13 39/40/13 40/65/13 15/64/13
f 11/67/14 38/33/14 39/40/14 13/66/14
f 9/68/15 37/29/15 38/33/15 11/67/15
f 7/69/16 36/25/16 37/29/16 9/68/16
f 5/70/17 35/23/17 36/25/17 7/69/17
f 3/71/18 34/9/18 35/23/18 5/70/18
f 1/51/19 33/10/19 34/9/19 3/71/19
f 51/72/20 50/44/20 49/73/20 66/74/20
f 66/74/21 49/73/21 52/36/21 67/75/21
f 67/75/22 52/36/22 53/22/22 68/76/22
f 68/76/23 53/22/23 54/21/23 69/77/23
f 69/77/24 54/21/24 55/78/24 70/79/24
f 70/79/25 55/78/25 56/80/25 71/81/25
f 71/81/26 56/80/26 57/28/26 72/82/26
f 72/82/27 57/28/27 58/4/27 73/83/27
f 73/83/28 58/4/28 59/3/28 74/84/28
f 74/84/29 59/3/29 60/85/29 75/86/29
f 75/86/30 60/85/30 61/32/30 76/87/30
f 76/87/31 61/32/31 62/18/31 77/88/31
f 77/88/32 62/18/32 63/17/32 78/89/32
f 78/89/33 63/17/33 64/90/33 79/91/33
f 79/91/34 64/90/34 65/45/34 80/92/34
f 80/92/35 65/45/35 50/44/35 51/72/35
f 46/6/2 45/55/2 77/93/2 78/7/2
f 10/20/1 12/94/1 55/78/1 54/21/1
f 28/16/1 30/95/1 64/90/1 63/17/1
f 45/55/2 44/57/2 76/96/2 77/93/2
f 2/43/1 4/97/1 49/73/1 50/44/1
f 44/57/2 43/59/2 75/98/2 76/96/2
f 20/2/1 22/99/1 60/85/1 59/3/1
f 43/59/2 42/61/2 74/100/2 75/98/2
f 12/94/1 14/37/1 56/80/1 55/78/1
f 30/95/1 32/42/1 65/45/1 64/90/1
f 42/61/2 41/63/2 73/101/2 74/100/2
f 41/63/2 40/65/2 72/102/2 73/101/2
f 4/97/1 6/35/1 52/36/1 49/73/1
f 22/99/1 24/31/1 61/32/1 60/85/1
f 40/65/2 39/40/2 71/41/2 72/102/2
f 14/37/1 16/27/1 57/28/1 56/80/1
f 26/15/36 24/31/36 92/103/36 93/104/36
f 12/94/37 10/20/37 85/105/37 86/106/37
f 22/99/38 20/2/38 90/107/38 91/108/38
f 32/42/39 30/95/39 95/109/39 96/110/39
f 8/19/40 6/35/40 83/111/40 84/112/40
f 18/1/41 16/27/41 88/39/41 89/113/41
f 4/97/42 2/43/42 82/114/42 81/115/42
f 28/16/43 26/15/43 93/104/43 94/116/43
f 14/37/44 12/94/44 86/106/44 87/38/44
f 24/31/45 22/99/45 91/108/45 92/103/45
f 2/43/46 32/42/46 96/110/46 82/114/46
f 10/20/47 8/19/47 84/112/47 85/105/47
f 20/2/48 18/1/48 89/113/48 90/107/48
f 30/95/49 28/16/49 94/116/49 95/109/49
f 6/35/50 4/97/50 81/115/50 83/111/50
f 95/117/1 94/118/1 97/119/1 96/120/1
f 94/118/1 93/121/1 100/122/1 97/119/1
f 93/121/1 92/123/1 103/124/1 100/122/1
f 92/123/1 91/125/1 90/126/1 103/124/1
f 96/120/1 97/119/1 98/127/1 82/128/1
f 97/119/1 100/122/1 101/129/1 98/127/1
f 100/122/1 103/124/1 104/130/1 101/129/1
f 103/124/1 90/126/1 89/131/1 104/130/1
f 82/128/1 98/127/1 99/132/1 81/133/1
f 98/127/1 101/129/1 102/134/1 99/132/1
f 101/129/1 104/130/1 105/135/1 102/134/1
f 104/130/1 89/131/1 88/136/1 105/135/1
f 81/133/1 99/132/1 84/137/1 83/138/1
f 99/132/1 102/134/1 85/139/1 84/137/1
f 102/134/1 105/135/1 86/140/1 85/139/1
f 105/135/1 88/136/1 87/141/1 86/140/1
f 11/47/2 13/142/2 109/143/2 106/48/2
f 13/142/2 15/144/2 112/145/2 109/143/2
f 15/144/2 17/146/2 19/147/2 112/145/2
f 7/49/2 106/48/2 107/148/2 5/149/2
f 106/48/2 109/143/2 110/150/2 107/148/2
f 109/143/2 112/145/2 113/151/2 110/150/2
f 112/145/2 19/147/2 21/152/2 113/151/2
f 5/149/2 107/148/2 108/153/2 3/154/2
f 107/148/2 110/150/2 111/155/2 108/153/2
f 110/150/2 113/151/2 114/156/2 111/155/2
f 113/151/2 21/152/2 23/157/2 114/156/2
f 3/154/2 108/153/2 31/158/2 1/159/2
f 108/153/2 111/155/2 29/160/2 31/158/2
f 111/155/2 114/156/2 27/161/2 29/160/2
f 114/156/2 23/157/2 25/162/2 27/161/2
o Cube.036
v -0.717078 1.924452 0.717078
v -0.385486 5.254979 0.385486
v -0.717078 1.924452 -0.717078
v -0.385486 5.254978 -0.385486
v 0.717078 1.924452 0.717078
v 0.385486 5.254978 0.385486
v 0.717078 1.924452 -0.717078
v 0.385486 5.254978 -0.385486
v -0.834070 3.066032 0.834070
v -0.834070 3.066032 -0.834070
v 0.834070 3.066032 -0.834070
v 0.834070 3.066032 0.834070
v -0.779423 4.505842 0.779423
v -0.779423 4.505842 -0.779423
v 0.779423 4.505842 -0.779423
v 0.779423 4.505842 0.779423
v -0.918757 1.924452 -0.392152
v -0.985983 1.924452 0.000000
v -0.918757 1.924452 0.392152
v -0.848579 3.424507 0.848579
v -0.848852 3.800414 0.848852
v -0.828072 4.169083 0.828072
v -0.998636 4.505842 0.426247
v -1.071707 4.505842 0.000000
v -0.998636 4.505842 -0.426247
v -0.811315 2.743796 -0.811315
v -0.782994 2.453138 -0.782994
v -0.750964 2.183532 -0.750964
v 0.392152 1.924452 -0.918757
v -0.000000 1.924452 -0.985983
v -0.392152 1.924452 -0.918757
v -0.426247 4.505842 -0.998636
v -0.000000 4.505842 -1.071707
v 0.426247 4.505842 -0.998636
v 0.811315 2.743796 -0.811315
v 0.782994 2.453138 -0.782994
v 0.750964 2.183532 -0.750964
v 0.918757 1.924452 0.392152
v 0.985983 1.924452 -0.000000
v 0.918757 1.924452 -0.392152
v 0.998636 4.505842 -0.426247
v 1.071707 4.505842 -0.000000
v 0.998636 4.505842 0.426247
v 0.811315 2.743796 0.811315
v 0.782994 2.453138 0.782994
v 0.750964 2.183532 0.750964
v -0.392152 1.924452 0.918757
v 0.000000 1.924452 0.985983
v 0.392152 1.924452 0.918757
v 0.426247 4.505842 0.998636
v 0.000000 4.505842 1.071707
v -0.426247 4.505842 0.998636
v -0.750964 2.183532 0.750964
v -0.782994 2.453138 0.782994
v -0.811315 2.743796 0.811315
v -0.828072 4.169083 -0.828072
v -0.848852 3.800414 -0.848852
v -0.848579 3.424507 -0.848579
v 0.828072 4.169083 -0.828072
v 0.848852 3.800414 -0.848852
v 0.848579 3.424507 -0.848579
v 0.828072 4.169083 0.828072
v 0.848852 3.800414 0.848852
v 0.848579 3.424507 0.848579
v 0.456132 3.066032 1.068652
v 0.000000 3.066032 1.146846
v -0.456132 3.066032 1.068653
v 1.068652 3.066032 -0.456132
v 1.146847 3.066032 -0.000000
v 1.068652 3.066032 0.456132
v -0.456132 3.066032 -1.068652
v -0.000000 3.066032 -1.146847
v 0.456132 3.066032 -1.068652
v -1.068652 3.066032 0.456132
v -1.146847 3.066032 0.000000
v -1.068652 3.066032 -0.456132
v -0.424292 5.284067 0.225274
v -0.442410 5.298678 0.000000
v -0.424292 5.284067 -0.225274
v -0.225274 5.284067 -0.424292
v -0.000000 5.298678 -0.442410
v 0.225274 5.284067 -0.424292
v 0.424292 5.284067 -0.225274
v 0.442410 5.298678 -0.000000
v 0.424292 5.284067 0.225274
v 0.225274 5.284067 0.424292
v 0.000000 5.298678 0.442410
v -0.225274 5.284067 0.424292
v -0.699091 4.789335 0.699091
v -0.595267 5.011465 0.595267
v -0.480800 5.168364 0.480800
v -0.480800 5.168364 -0.480800
v -0.595267 5.011465 -0.595267
v -0.699091 4.789334 -0.699091
v 0.480800 5.168364 -0.480800
v 0.595267 5.011465 -0.595267
v 0.699091 4.789334 -0.699091
v 0.480800 5.168364 0.480800
v 0.595267 5.011465 0.595267
v 0.699091 4.789334 0.699091
v -1.087242 3.424507 0.464067
v -1.087591 3.800414 0.464216
v -1.060967 4.169083 0.452852
v -1.166796 3.424507 0.000000
v -1.167171 3.800414 -0.000000
v -1.138599 4.169083 0.000000
v -1.087242 3.424507 -0.464067
v -1.087591 3.800414 -0.464216
v -1.060967 4.169083 -0.452852
v -0.464067 3.424507 -1.087242
v -0.464216 3.800414 -1.087591
v -0.452852 4.169083 -1.060967
v -0.000000 3.424507 -1.166796
v -0.000000 3.800414 -1.167171
v -0.000000 4.169083 -1.138599
v 0.464067 3.424507 -1.087242
v 0.464216 3.800414 -1.087591
v 0.452852 4.169083 -1.060967
v 1.087242 3.424507 -0.464067
v 1.087591 3.800414 -0.464216
v 1.060967 4.169083 -0.452852
v 1.166796 3.424507 -0.000000
v 1.167171 3.800414 -0.000000
v 1.138599 4.169083 -0.000000
v 1.087242 3.424507 0.464067
v 1.087591 3.800414 0.464216
v 1.060967 4.169083 0.452852
v 0.464067 3.424507 1.087242
v 0.464216 3.800414 1.087591
v 0.452852 4.169083 1.060967
v -0.000000 3.424507 1.166796
v 0.000000 3.800414 1.167171
v 0.000000 4.169083 1.138599
v -0.464067 3.424507 1.087242
v -0.464216 3.800414 1.087591
v -0.452852 4.169083 1.060967
v 0.221415 5.346308 -0.221415
v 0.000000 5.367382 -0.226367
v -0.221415 5.346308 -0.221415
v 0.226367 5.367382 0.000000
v 0.000000 5.390386 0.000000
v -0.226367 5.367382 0.000000
v 0.221415 5.346308 0.221415
v 0.000000 5.367382 0.226367
v -0.221415 5.346308 0.221415
v 0.410683 2.183532 0.962172
v 0.428200 2.453138 1.003211
v 0.443688 2.743796 1.039497
v 0.000000 2.183532 1.032575
v 0.000000 2.453138 1.076617
v -0.000000 2.743796 1.115558
v -0.410683 2.183532 0.962172
v -0.428200 2.453138 1.003211
v -0.443688 2.743796 1.039497
v 0.962172 2.183532 -0.410683
v 1.003211 2.453138 -0.428200
v 1.039497 2.743796 -0.443688
v 1.032575 2.183532 -0.000000
v 1.076617 2.453138 -0.000000
v 1.115558 2.743796 -0.000000
v 0.962172 2.183532 0.410683
v 1.003211 2.453138 0.428200
v 1.039497 2.743796 0.443688
v -0.410683 2.183532 -0.962172
v -0.428200 2.453138 -1.003211
v -0.443688 2.743796 -1.039497
v -0.000000 2.183532 -1.032575
v -0.000000 2.453138 -1.076617
v -0.000000 2.743796 -1.115558
v 0.410683 2.183532 -0.962172
v 0.428200 2.453138 -1.003211
v 0.443688 2.743796 -1.039497
v -0.962172 2.183532 0.410683
v -1.003211 2.453138 0.428200
v -1.039497 2.743796 0.443688
v -1.032575 2.183532 0.000000
v -1.076617 2.453138 0.000000
v -1.115558 2.743796 0.000000
v -0.962172 2.183532 -0.410683
v -1.003211 2.453138 -0.428200
v -1.039497 2.743796 -0.443688
v -0.601575 5.176413 0.267126
v -0.639169 5.183455 0.000000
v -0.601575 5.176413 -0.267126
v -0.759426 5.013619 0.326400
v -0.813123 5.015774 0.000000
v -0.759426 5.013619 -0.326400
v -0.895303 4.789604 0.382423
v -0.960579 4.789873 0.000000
v -0.895303 4.789604 -0.382423
v -0.267126 5.176413 -0.601575
v -0.000000 5.183455 -0.639169
v 0.267126 5.176413 -0.601575
v -0.326400 5.013619 -0.759426
v 0.000000 5.015774 -0.813123
v 0.326400 5.013619 -0.759426
v -0.382423 4.789604 -0.895303
v 0.000000 4.789873 -0.960579
v 0.382423 4.789604 -0.895303
v 0.601575 5.176413 -0.267126
v 0.639169 5.183455 -0.000000
v 0.601575 5.176413 0.267126
v 0.759426 5.013619 -0.326400
v 0.813123 5.015774 0.000000
v 0.759426 5.013619 0.326400
v 0.895303 4.789604 -0.382423
v 0.960579 4.789873 0.000000
v 0.895303 4.789604 0.382423
v 0.267126 5.176413 0.601575
v 0.000000 5.183455 0.639169
v -0.267126 5.176413 0.601575
v 0.326400 5.013619 0.759426
v -0.000000 5.015774 0.813123
v -0.326400 5.013619 0.759426
v 0.382423 4.789604 0.895303
v -0.000000 4.789873 0.960579
v -0.382423 4.789604 0.895303
vn -0.9856 -0.0010 0.1690
vn -0.9828 0.0762 0.1685
vn -0.9856 -0.0010 -0.1690
vn -0.9828 0.0762 -0.1685
vn -0.8483 -0.0556 0.5265
vn -0.8496 -0.0010 0.5274
vn -0.8471 0.0774 0.5258
vn -0.8333 0.1951 0.5172
vn -0.9673 0.1921 0.1658
vn -0.9673 0.1921 -0.1658
vn -0.8333 0.1951 -0.5172
vn -0.8471 0.0774 -0.5258
vn -0.8496 -0.0010 -0.5274
vn -0.8483 -0.0556 -0.5265
vn -0.9841 -0.0548 -0.1687
vn -0.9841 -0.0548 0.1687
vn -0.1690 -0.0010 -0.9856
vn -0.1685 0.0762 -0.9828
vn 0.1690 -0.0010 -0.9856
vn 0.1685 0.0762 -0.9828
vn -0.5265 -0.0556 -0.8483
vn -0.5274 -0.0010 -0.8496
vn -0.5258 0.0774 -0.8471
vn -0.5172 0.1951 -0.8333
vn -0.1658 0.1921 -0.9673
vn 0.1658 0.1921 -0.9673
vn 0.5172 0.1951 -0.8333
vn 0.5258 0.0774 -0.8471
vn 0.5274 -0.0010 -0.8496
vn 0.5265 -0.0556 -0.8483
vn 0.1687 -0.0548 -0.9841
vn -0.1687 -0.0548 -0.9841
vn 0.9856 -0.0010 -0.1690
vn 0.9828 0.0762 -0.1685
vn 0.9856 -0.0010 0.1690
vn 0.9828 0.0762 0.1685
vn 0.8483 -0.0556 -0.5265
vn 0.8496 -0.0010 -0.5274
vn 0.8471 0.0774 -0.5258
vn 0.8333 0.1951 -0.5172
vn 0.9673 0.1921 -0.1658
vn 0.9673 0.1921 0.1658
vn 0.8333 0.1951 0.5172
vn 0.8471 0.0774 0.5258
vn 0.8496 -0.0010 0.5274
vn 0.8483 -0.0556 0.5265
vn 0.9841 -0.0548 0.1687
vn 0.9841 -0.0548 -0.1687
vn 0.1690 -0.0010 0.9856
vn 0.1685 0.0762 0.9828
vn -0.1690 -0.0010 0.9856
vn -0.1685 0.0762 0.9828
vn 0.5265 -0.0556 0.8483
vn 0.5274 -0.0010 0.8496
vn 0.5258 0.0774 0.8471
vn 0.5172 0.1951 0.8333
vn 0.1658 0.1921 0.9673
vn -0.1658 0.1921 0.9673
vn -0.5172 0.1951 0.8333
vn -0.5258 0.0774 0.8471
vn -0.5274 -0.0010 0.8496
vn -0.5265 -0.0556 0.8483
vn -0.1687 -0.0548 0.9841
vn 0.1687 -0.0548 0.9841
vn 0.0986 0.9902 -0.0986
vn -0.0986 0.9902 -0.0986
vn 0.0986 0.9902 0.0986
vn -0.0986 0.9902 0.0986
vn 0.2590 0.9305 -0.2590
vn 0.0913 0.9507 -0.2963
vn -0.0913 0.9507 -0.2963
vn -0.2590 0.9305 -0.2590
vn -0.2963 0.9507 -0.0913
vn -0.2963 0.9507 0.0913
vn -0.2590 0.9305 0.2590
vn -0.0913 0.9507 0.2963
vn 0.0913 0.9507 0.2963
vn 0.2590 0.9305 0.2590
vn 0.2963 0.9507 0.0913
vn 0.2963 0.9507 -0.0913
vn 0.1668 -0.1590 0.9731
vn 0.1675 -0.1309 0.9771
vn -0.1668 -0.1590 0.9731
vn -0.1675 -0.1309 0.9771
vn 0.5190 -0.1772 0.8362
vn 0.5204 -0.1614 0.8385
vn 0.5227 -0.1330 0.8421
vn 0.5249 -0.0968 0.8457
vn 0.1682 -0.0953 0.9811
vn -0.1682 -0.0953 0.9811
vn -0.5249 -0.0968 0.8457
vn -0.5227 -0.1330 0.8421
vn -0.5204 -0.1614 0.8385
vn -0.5190 -0.1772 0.8362
vn -0.1664 -0.1745 0.9705
vn 0.1664 -0.1745 0.9705
vn 0.9731 -0.1590 -0.1668
vn 0.9771 -0.1309 -0.1675
vn 0.9731 -0.1590 0.1668
vn 0.9771 -0.1309 0.1675
vn 0.8362 -0.1772 -0.5190
vn 0.8385 -0.1614 -0.5204
vn 0.8421 -0.1330 -0.5227
vn 0.8457 -0.0968 -0.5249
vn 0.9811 -0.0953 -0.1682
vn 0.9811 -0.0953 0.1682
vn 0.8457 -0.0968 0.5249
vn 0.8421 -0.1330 0.5227
vn 0.8385 -0.1614 0.5204
vn 0.8362 -0.1772 0.5190
vn 0.9705 -0.1745 0.1664
vn 0.9705 -0.1745 -0.1664
vn -0.1668 -0.1590 -0.9731
vn -0.1675 -0.1309 -0.9771
vn 0.1668 -0.1590 -0.9731
vn 0.1675 -0.1309 -0.9771
vn -0.5190 -0.1772 -0.8362
vn -0.5204 -0.1614 -0.8385
vn -0.5227 -0.1330 -0.8421
vn -0.5249 -0.0968 -0.8457
vn -0.1682 -0.0953 -0.9811
vn 0.1682 -0.0953 -0.9811
vn 0.5249 -0.0968 -0.8457
vn 0.5227 -0.1330 -0.8421
vn 0.5204 -0.1614 -0.8385
vn 0.5190 -0.1772 -0.8362
vn 0.1664 -0.1745 -0.9705
vn -0.1664 -0.1745 -0.9705
vn -0.9731 -0.1590 0.1668
vn -0.9771 -0.1309 0.1675
vn -0.9731 -0.1590 -0.1668
vn -0.9771 -0.1309 -0.1675
vn -0.8362 -0.1772 0.5190
vn -0.8385 -0.1614 0.5204
vn -0.8421 -0.1330 0.5227
vn -0.8457 -0.0968 0.5249
vn -0.9811 -0.0953 0.1682
vn -0.9811 -0.0953 -0.1682
vn -0.8457 -0.0968 -0.5249
vn -0.8421 -0.1330 -0.5227
vn -0.8385 -0.1614 -0.5204
vn -0.8362 -0.1772 -0.5190
vn -0.9705 -0.1745 -0.1664
vn -0.9705 -0.1745 0.1664
vn -0.6902 0.7140 0.1172
vn -0.6902 0.7140 -0.1172
vn -0.8297 0.5401 0.1411
vn -0.8297 0.5401 -0.1411
vn -0.4597 0.8428 0.2799
vn -0.5018 0.8598 0.0946
vn -0.5018 0.8598 -0.0946
vn -0.4597 0.8428 -0.2799
vn -0.5991 0.7107 -0.3688
vn -0.7145 0.5423 -0.4420
vn -0.7915 0.3638 -0.4910
vn -0.9197 0.3596 -0.1575
vn -0.9197 0.3596 0.1575
vn -0.7915 0.3638 0.4910
vn -0.7145 0.5423 0.4420
vn -0.5991 0.7107 0.3688
vn -0.1172 0.7140 -0.6902
vn 0.1172 0.7140 -0.6902
vn -0.1411 0.5401 -0.8297
vn 0.1411 0.5401 -0.8297
vn -0.2799 0.8428 -0.4597
vn -0.0946 0.8598 -0.5018
vn 0.0946 0.8598 -0.5018
vn 0.2799 0.8428 -0.4597
vn 0.3688 0.7107 -0.5991
vn 0.4420 0.5423 -0.7145
vn 0.4910 0.3638 -0.7915
vn 0.1575 0.3596 -0.9197
vn -0.1575 0.3596 -0.9197
vn -0.4910 0.3638 -0.7915
vn -0.4420 0.5423 -0.7145
vn -0.3688 0.7107 -0.5991
vn 0.6902 0.7140 -0.1172
vn 0.6902 0.7140 0.1172
vn 0.8297 0.5401 -0.1411
vn 0.8297 0.5401 0.1411
vn 0.4597 0.8428 -0.2799
vn 0.5018 0.8598 -0.0946
vn 0.5018 0.8598 0.0946
vn 0.4597 0.8428 0.2799
vn 0.5991 0.7107 0.3688
vn 0.7145 0.5423 0.4420
vn 0.7915 0.3638 0.4910
vn 0.9197 0.3596 0.1575
vn 0.9197 0.3596 -0.1575
vn 0.7915 0.3638 -0.4910
vn 0.7145 0.5423 -0.4420
vn 0.5991 0.7107 -0.3688
vn 0.1172 0.7140 0.6902
vn -0.1172 0.7140 0.6902
vn 0.1411 0.5401 0.8297
vn -0.1411 0.5401 0.8297
vn 0.2799 0.8428 0.4597
vn 0.0946 0.8598 0.5018
vn -0.0946 0.8598 0.5018
vn -0.2799 0.8428 0.4597
vn -0.3688 0.7107 0.5991
vn -0.4420 0.5423 0.7145
vn -0.4910 0.3638 0.7915
vn -0.1575 0.3596 0.9197
vn 0.1575 0.3596 0.9197
vn 0.4910 0.3638 0.7915
vn 0.4420 0.5423 0.7145
vn 0.3688 0.7107 0.5991
vt 0.810777 0.440878
vt 0.810777 0.467654
vt 0.778108 0.467654
vt 0.778108 0.440878
vt 0.810777 0.494014
vt 0.778108 0.494014
vt 0.745440 0.467654
vt 0.745440 0.440878
vt 0.745440 0.494014
vt 0.841778 0.415293
vt 0.841778 0.440878
vt 0.810777 0.415293
vt 0.841778 0.467654
vt 0.841778 0.494014
vt 0.841778 0.518593
vt 0.810777 0.518593
vt 0.778108 0.518593
vt 0.745440 0.518593
vt 0.714438 0.518593
vt 0.714438 0.494014
vt 0.714438 0.467654
vt 0.714438 0.440878
vt 0.745440 0.415293
vt 0.714438 0.415293
vt 0.778108 0.415293
vt 0.683437 0.440878
vt 0.683437 0.467654
vt 0.650768 0.467654
vt 0.650768 0.440878
vt 0.683437 0.494014
vt 0.650768 0.494014
vt 0.618099 0.467654
vt 0.618099 0.440878
vt 0.618099 0.494014
vt 0.683437 0.415293
vt 0.683437 0.518593
vt 0.650768 0.518593
vt 0.618099 0.518593
vt 0.587098 0.518593
vt 0.587098 0.494014
vt 0.587098 0.467654
vt 0.587098 0.440878
vt 0.618099 0.415293
vt 0.587098 0.415293
vt 0.650768 0.415293
vt 0.556097 0.440878
vt 0.556097 0.467654
vt 0.523428 0.467654
vt 0.523428 0.440878
vt 0.556097 0.494014
vt 0.523428 0.494014
vt 0.490759 0.467654
vt 0.490759 0.440878
vt 0.490759 0.494014
vt 0.556097 0.415293
vt 0.556097 0.518593
vt 0.523428 0.518593
vt 0.490759 0.518593
vt 0.459758 0.518593
vt 0.459758 0.494014
vt 0.459758 0.467654
vt 0.459758 0.440878
vt 0.490759 0.415293
vt 0.459758 0.415293
vt 0.523428 0.415293
vt 0.938117 0.440878
vt 0.938117 0.467654
vt 0.905448 0.467654
vt 0.905448 0.440878
vt 0.938117 0.494014
vt 0.905448 0.494014
vt 0.872780 0.467654
vt 0.872780 0.440878
vt 0.872780 0.494014
vt 0.969118 0.415293
vt 0.969118 0.440878
vt 0.938117 0.415293
vt 0.969118 0.467654
vt 0.969118 0.494014
vt 0.969118 0.518593
vt 0.938117 0.518593
vt 0.905448 0.518593
vt 0.872780 0.518593
vt 0.872780 0.415293
vt 0.905448 0.415293
vt 0.390405 0.601182
vt 0.406192 0.600978
vt 0.406121 0.617039
vt 0.390061 0.616967
vt 0.421977 0.601322
vt 0.422181 0.617110
vt 0.406050 0.633098
vt 0.390265 0.632755
vt 0.421837 0.632894
vt 0.377878 0.588544
vt 0.389825 0.585993
vt 0.375222 0.600468
vt 0.406263 0.584883
vt 0.422691 0.586139
vt 0.434615 0.588795
vt 0.437166 0.600743
vt 0.438277 0.617181
vt 0.437020 0.633609
vt 0.434364 0.645533
vt 0.422417 0.648083
vt 0.405979 0.649194
vt 0.389551 0.647938
vt 0.375076 0.633334
vt 0.377627 0.645282
vt 0.373965 0.616896
vt 0.938117 0.351739
vt 0.938117 0.371265
vt 0.905448 0.371265
vt 0.905448 0.351739
vt 0.938117 0.392203
vt 0.905448 0.392203
vt 0.872780 0.371265
vt 0.872780 0.351739
vt 0.872780 0.392203
vt 0.969118 0.332911
vt 0.969118 0.351739
vt 0.938117 0.332911
vt 0.969118 0.371265
vt 0.969118 0.392203
vt 0.841778 0.392203
vt 0.841778 0.371265
vt 0.841778 0.351739
vt 0.872780 0.332911
vt 0.841778 0.332911
vt 0.905448 0.332911
vt 0.556097 0.351739
vt 0.556097 0.371265
vt 0.523428 0.371265
vt 0.523428 0.351739
vt 0.556097 0.392203
vt 0.523428 0.392203
vt 0.490759 0.371265
vt 0.490759 0.351739
vt 0.490759 0.392203
vt 0.587098 0.332911
vt 0.587098 0.351739
vt 0.556097 0.332911
vt 0.587098 0.371265
vt 0.587098 0.392203
vt 0.459758 0.392203
vt 0.459758 0.371265
vt 0.459758 0.351739
vt 0.490759 0.332911
vt 0.459758 0.332911
vt 0.523428 0.332911
vt 0.683437 0.351739
vt 0.683437 0.371265
vt 0.650768 0.371265
vt 0.650768 0.351739
vt 0.683437 0.392203
vt 0.650768 0.392203
vt 0.618099 0.371265
vt 0.618099 0.351739
vt 0.618099 0.392203
vt 0.714438 0.332911
vt 0.714438 0.351739
vt 0.683437 0.332911
vt 0.714438 0.371265
vt 0.714438 0.392203
vt 0.618099 0.332911
vt 0.650768 0.332911
vt 0.810777 0.351739
vt 0.810777 0.371265
vt 0.778108 0.371265
vt 0.778108 0.351739
vt 0.810777 0.392203
vt 0.778108 0.392203
vt 0.745440 0.371265
vt 0.745440 0.351739
vt 0.745440 0.392203
vt 0.810777 0.332911
vt 0.745440 0.332911
vt 0.778108 0.332911
vt 0.810777 0.578043
vt 0.778108 0.578043
vt 0.778108 0.560410
vt 0.810777 0.560410
vt 0.745440 0.578043
vt 0.745440 0.560410
vt 0.778108 0.540669
vt 0.810777 0.540669
vt 0.745440 0.540669
vt 0.841778 0.593672
vt 0.810777 0.593672
vt 0.841778 0.578043
vt 0.778108 0.593672
vt 0.745440 0.593672
vt 0.714438 0.593672
vt 0.714438 0.578043
vt 0.714438 0.560410
vt 0.714438 0.540669
vt 0.841778 0.540669
vt 0.841778 0.560410
vt 0.683437 0.578043
vt 0.650768 0.578043
vt 0.650768 0.560410
vt 0.683437 0.560410
vt 0.618099 0.578043
vt 0.618099 0.560410
vt 0.650768 0.540669
vt 0.683437 0.540669
vt 0.618099 0.540669
vt 0.683437 0.593672
vt 0.650768 0.593672
vt 0.618099 0.593672
vt 0.587098 0.593672
vt 0.587098 0.578043
vt 0.587098 0.560410
vt 0.587098 0.540669
vt 0.556097 0.578043
vt 0.523428 0.578043
vt 0.523428 0.560410
vt 0.556097 0.560410
vt 0.490759 0.578043
vt 0.490759 0.560410
vt 0.523428 0.540669
vt 0.556097 0.540669
vt 0.490759 0.540669
vt 0.556097 0.593672
vt 0.523428 0.593672
vt 0.490759 0.593672
vt 0.459758 0.593672
vt 0.459758 0.578043
vt 0.459758 0.560410
vt 0.459758 0.540669
vt 0.938117 0.578043
vt 0.905448 0.578043
vt 0.905448 0.560410
vt 0.938117 0.560410
vt 0.872780 0.578043
vt 0.872780 0.560410
vt 0.905448 0.540669
vt 0.938117 0.540669
vt 0.872780 0.540669
vt 0.969118 0.593672
vt 0.938117 0.593672
vt 0.969118 0.578043
vt 0.905448 0.593672
vt 0.872780 0.593672
vt 0.969118 0.540669
vt 0.969118 0.560410
s 0
f 215/163/51 216/164/51 219/165/51 218/166/51
f 216/164/52 217/167/52 220/168/52 219/165/52
f 218/166/53 219/165/53 222/169/53 221/170/53
f 219/165/54 220/168/54 223/171/54 222/169/54
f 123/172/55 134/173/55 215/163/55 188/174/55
f 134/173/56 135/175/56 216/164/56 215/163/56
f 135/175/57 136/176/57 217/167/57 216/164/57
f 136/176/58 127/177/58 137/178/58 217/167/58
f 217/167/59 137/178/59 138/179/59 220/168/59
f 220/168/60 138/179/60 139/180/60 223/171/60
f 223/171/61 139/180/61 128/181/61 170/182/61
f 222/169/62 223/171/62 170/182/62 171/183/62
f 221/170/63 222/169/63 171/183/63 172/184/63
f 190/185/64 221/170/64 172/184/64 124/186/64
f 189/187/65 218/166/65 221/170/65 190/185/65
f 188/174/66 215/163/66 218/166/66 189/187/66
f 224/188/67 225/189/67 228/190/67 227/191/67
f 225/189/68 226/192/68 229/193/68 228/190/68
f 227/191/69 228/190/69 231/194/69 230/195/69
f 228/190/70 229/193/70 232/196/70 231/194/70
f 124/186/71 172/184/71 224/188/71 185/197/71
f 172/184/72 171/183/72 225/189/72 224/188/72
f 171/183/73 170/182/73 226/192/73 225/189/73
f 170/182/74 128/181/74 146/198/74 226/192/74
f 226/192/75 146/198/75 147/199/75 229/193/75
f 229/193/76 147/199/76 148/200/76 232/196/76
f 232/196/77 148/200/77 129/201/77 173/202/77
f 231/194/78 232/196/78 173/202/78 174/203/78
f 230/195/79 231/194/79 174/203/79 175/204/79
f 187/205/80 230/195/80 175/204/80 125/206/80
f 186/207/81 227/191/81 230/195/81 187/205/81
f 185/197/82 224/188/82 227/191/82 186/207/82
f 233/208/83 234/209/83 237/210/83 236/211/83
f 234/209/84 235/212/84 238/213/84 237/210/84
f 236/211/85 237/210/85 240/214/85 239/215/85
f 237/210/86 238/213/86 241/216/86 240/214/86
f 125/206/87 175/204/87 233/208/87 182/217/87
f 175/204/88 174/203/88 234/209/88 233/208/88
f 174/203/89 173/202/89 235/212/89 234/209/89
f 173/202/90 129/201/90 155/218/90 235/212/90
f 235/212/91 155/218/91 156/219/91 238/213/91
f 238/213/92 156/219/92 157/220/92 241/216/92
f 241/216/93 157/220/93 130/221/93 176/222/93
f 240/214/94 241/216/94 176/222/94 177/223/94
f 239/215/95 240/214/95 177/223/95 178/224/95
f 184/225/96 239/215/96 178/224/96 126/226/96
f 183/227/97 236/211/97 239/215/97 184/225/97
f 182/217/98 233/208/98 236/211/98 183/227/98
f 242/228/99 243/229/99 246/230/99 245/231/99
f 243/229/100 244/232/100 247/233/100 246/230/100
f 245/231/101 246/230/101 249/234/101 248/235/101
f 246/230/102 247/233/102 250/236/102 249/234/102
f 126/237/103 178/238/103 242/228/103 179/239/103
f 178/238/104 177/240/104 243/229/104 242/228/104
f 177/240/105 176/241/105 244/232/105 243/229/105
f 176/241/106 130/242/106 164/243/106 244/232/106
f 244/232/107 164/243/107 165/244/107 247/233/107
f 247/233/108 165/244/108 166/245/108 250/236/108
f 250/236/109 166/245/109 127/177/109 136/176/109
f 249/234/110 250/236/110 136/176/110 135/175/110
f 248/235/111 249/234/111 135/175/111 134/173/111
f 181/246/112 248/235/112 134/173/112 123/172/112
f 180/247/113 245/231/113 248/235/113 181/246/113
f 179/239/114 242/228/114 245/231/114 180/247/114
f 251/248/115 252/249/115 255/250/115 254/251/115
f 252/249/116 253/252/116 256/253/116 255/250/116
f 254/251/117 255/250/117 258/254/117 257/255/117
f 255/250/118 256/253/118 259/256/118 258/254/118
f 122/257/119 196/258/119 251/248/119 197/259/119
f 196/258/120 195/260/120 252/249/120 251/248/120
f 195/260/121 194/261/121 253/252/121 252/249/121
f 194/261/122 118/262/122 193/263/122 253/252/122
f 253/252/123 193/263/123 192/264/123 256/253/123
f 256/253/124 192/264/124 191/265/124 259/256/124
f 259/256/125 191/265/125 116/266/125 202/267/125
f 258/254/126 259/256/126 202/267/126 201/268/126
f 257/255/127 258/254/127 201/268/127 200/269/127
f 199/270/128 257/255/128 200/269/128 120/271/128
f 198/272/129 254/251/129 257/255/129 199/270/129
f 197/259/130 251/248/130 254/251/130 198/272/130
f 260/273/131 261/274/131 264/275/131 263/276/131
f 261/274/132 262/277/132 265/278/132 264/275/132
f 263/276/133 264/275/133 267/279/133 266/280/133
f 264/275/134 265/278/134 268/281/134 267/279/134
f 119/282/135 160/283/135 260/273/135 163/284/135
f 160/283/136 159/285/136 261/274/136 260/273/136
f 159/285/137 158/286/137 262/277/137 261/274/137
f 158/286/138 126/237/138 179/239/138 262/277/138
f 262/277/139 179/239/139 180/247/139 265/278/139
f 265/278/140 180/247/140 181/246/140 268/281/140
f 268/281/141 181/246/141 123/172/141 169/287/141
f 267/279/142 268/281/142 169/287/142 168/288/142
f 266/280/143 267/279/143 168/288/143 167/289/143
f 161/290/144 266/280/144 167/289/144 115/291/144
f 162/292/145 263/276/145 266/280/145 161/290/145
f 163/284/146 260/273/146 263/276/146 162/292/146
f 269/293/147 270/294/147 273/295/147 272/296/147
f 270/294/148 271/297/148 274/298/148 273/295/148
f 272/296/149 273/295/149 276/299/149 275/300/149
f 273/295/150 274/298/150 277/301/150 276/299/150
f 121/302/151 151/303/151 269/293/151 154/304/151
f 151/303/152 150/305/152 270/294/152 269/293/152
f 150/305/153 149/306/153 271/297/153 270/294/153
f 149/306/154 125/206/154 182/217/154 271/297/154
f 271/297/155 182/217/155 183/227/155 274/298/155
f 274/298/156 183/227/156 184/225/156 277/301/156
f 277/301/157 184/225/157 126/226/157 158/307/157
f 276/299/158 277/301/158 158/307/158 159/308/158
f 275/300/159 276/299/159 159/308/159 160/309/159
f 152/310/160 275/300/160 160/309/160 119/311/160
f 153/312/161 272/296/161 275/300/161 152/310/161
f 154/304/162 269/293/162 272/296/162 153/312/162
f 278/313/163 279/314/163 282/315/163 281/316/163
f 279/314/164 280/317/164 283/318/164 282/315/164
f 281/316/165 282/315/165 285/319/165 284/320/165
f 282/315/166 283/318/166 286/321/166 285/319/166
f 117/322/167 142/323/167 278/313/167 145/324/167
f 142/323/168 141/325/168 279/314/168 278/313/168
f 141/325/169 140/326/169 280/317/169 279/314/169
f 140/326/170 124/186/170 185/197/170 280/317/170
f 280/317/171 185/197/171 186/207/171 283/318/171
f 283/318/172 186/207/172 187/205/172 286/321/172
f 286/321/173 187/205/173 125/206/173 149/306/173
f 285/319/174 286/321/174 149/306/174 150/305/174
f 284/320/175 285/319/175 150/305/175 151/303/175
f 143/327/176 284/320/176 151/303/176 121/302/176
f 144/328/177 281/316/177 284/320/177 143/327/177
f 145/324/178 278/313/178 281/316/178 144/328/178
f 287/329/179 288/330/179 291/331/179 290/332/179
f 288/330/180 289/333/180 292/334/180 291/331/180
f 290/332/181 291/331/181 294/335/181 293/336/181
f 291/331/182 292/334/182 295/337/182 294/335/182
f 115/291/183 167/289/183 287/329/183 133/338/183
f 167/289/184 168/288/184 288/330/184 287/329/184
f 168/288/185 169/287/185 289/333/185 288/330/185
f 169/287/186 123/172/186 188/174/186 289/333/186
f 289/333/187 188/174/187 189/187/187 292/334/187
f 292/334/188 189/187/188 190/185/188 295/337/188
f 295/337/189 190/185/189 124/186/189 140/326/189
f 294/335/190 295/337/190 140/326/190 141/325/190
f 293/336/191 294/335/191 141/325/191 142/323/191
f 131/339/192 293/336/192 142/323/192 117/322/192
f 132/340/193 290/332/193 293/336/193 131/339/193
f 133/338/194 287/329/194 290/332/194 132/340/194
f 296/341/195 297/342/195 300/343/195 299/344/195
f 297/342/196 298/345/196 301/346/196 300/343/196
f 299/344/197 300/343/197 303/347/197 302/348/197
f 300/343/198 301/346/198 304/349/198 303/347/198
f 116/350/199 191/351/199 296/341/199 205/352/199
f 191/351/200 192/353/200 297/342/200 296/341/200
f 192/353/201 193/354/201 298/345/201 297/342/201
f 193/354/202 118/355/202 206/356/202 298/345/202
f 298/345/203 206/356/203 207/357/203 301/346/203
f 301/346/204 207/357/204 208/358/204 304/349/204
f 304/349/205 208/358/205 128/181/205 139/180/205
f 303/347/206 304/349/206 139/180/206 138/179/206
f 302/348/207 303/347/207 138/179/207 137/178/207
f 203/359/208 302/348/208 137/178/208 127/177/208
f 204/360/209 299/344/209 302/348/209 203/359/209
f 205/352/210 296/341/210 299/344/210 204/360/210
f 305/361/211 306/362/211 309/363/211 308/364/211
f 306/362/212 307/365/212 310/366/212 309/363/212
f 308/364/213 309/363/213 312/367/213 311/368/213
f 309/363/214 310/366/214 313/369/214 312/367/214
f 118/355/215 194/370/215 305/361/215 206/356/215
f 194/370/216 195/371/216 306/362/216 305/361/216
f 195/371/217 196/372/217 307/365/217 306/362/217
f 196/372/218 122/373/218 209/374/218 307/365/218
f 307/365/219 209/374/219 210/375/219 310/366/219
f 310/366/220 210/375/220 211/376/220 313/369/220
f 313/369/221 211/376/221 129/201/221 148/200/221
f 312/367/222 313/369/222 148/200/222 147/199/222
f 311/368/223 312/367/223 147/199/223 146/198/223
f 208/358/224 311/368/224 146/198/224 128/181/224
f 207/357/225 308/364/225 311/368/225 208/358/225
f 206/356/226 305/361/226 308/364/226 207/357/226
f 314/377/227 315/378/227 318/379/227 317/380/227
f 315/378/228 316/381/228 319/382/228 318/379/228
f 317/380/229 318/379/229 321/383/229 320/384/229
f 318/379/230 319/382/230 322/385/230 321/383/230
f 122/373/231 197/386/231 314/377/231 209/374/231
f 197/386/232 198/387/232 315/378/232 314/377/232
f 198/387/233 199/388/233 316/381/233 315/378/233
f 199/388/234 120/389/234 212/390/234 316/381/234
f 316/381/235 212/390/235 213/391/235 319/382/235
f 319/382/236 213/391/236 214/392/236 322/385/236
f 322/385/237 214/392/237 130/221/237 157/220/237
f 321/383/238 322/385/238 157/220/238 156/219/238
f 320/384/239 321/383/239 156/219/239 155/218/239
f 211/376/240 320/384/240 155/218/240 129/201/240
f 210/375/241 317/380/241 320/384/241 211/376/241
f 209/374/242 314/377/242 317/380/242 210/375/242
f 323/393/243 324/394/243 327/395/243 326/396/243
f 324/394/244 325/397/244 328/398/244 327/395/244
f 326/396/245 327/395/245 330/399/245 329/400/245
f 327/395/246 328/398/246 331/401/246 330/399/246
f 120/402/247 200/403/247 323/393/247 212/404/247
f 200/403/248 201/405/248 324/394/248 323/393/248
f 201/405/249 202/406/249 325/397/249 324/394/249
f 202/406/250 116/350/250 205/352/250 325/397/250
f 325/397/251 205/352/251 204/360/251 328/398/251
f 328/398/252 204/360/252 203/359/252 331/401/252
f 331/401/253 203/359/253 127/177/253 166/245/253
f 330/399/254 331/401/254 166/245/254 165/244/254
f 329/400/255 330/399/255 165/244/255 164/243/255
f 214/407/256 329/400/256 164/243/256 130/242/256
f 213/408/257 326/396/257 329/400/257 214/407/257
f 212/404/258 323/393/258 326/396/258 213/408/258
o Cube.039
v -2.217594 3.902491 0.403982
v -2.137389 5.087368 0.463388
v -2.217594 4.022614 -0.313208
v -2.137389 5.162182 0.016710
v -1.523468 4.088568 0.407520
v -1.695974 5.098008 0.465170
v -1.523468 4.199688 -0.255920
v -1.695974 5.172823 0.018493
v -2.329613 4.636106 0.563262
v -2.329613 4.768091 -0.224752
v -1.537392 4.813587 -0.211388
v -1.537392 4.683474 0.565451
v -1.694756 3.506439 0.222874
v -1.694756 3.589164 -0.271034
v -1.295532 3.870660 0.259526
v -1.295532 3.945450 -0.187007
v -0.996029 3.495867 0.120891
v -0.996029 3.545939 -0.178061
v -0.995995 3.845577 0.179464
v -0.995994 3.895649 -0.119488
v -2.315206 3.970181 -0.156886
v -2.347743 3.928507 0.039685
v -2.315205 3.903856 0.239107
v -2.441019 4.659414 0.384026
v -2.478154 4.693393 0.167797
v -2.441019 4.731725 -0.047704
v -1.680731 4.175513 -0.364085
v -1.870531 4.132830 -0.413998
v -2.060331 4.079308 -0.399194
v -2.150125 4.796894 -0.332146
v -1.933502 4.815411 -0.364775
v -1.716879 4.821642 -0.324051
v -1.425857 4.139594 0.259596
v -1.393319 4.178174 0.081502
v -1.425857 4.199730 -0.099443
v -1.425986 4.790572 -0.033899
v -1.388850 4.757236 0.178490
v -1.425986 4.719548 0.390149
v -2.060331 3.928073 0.503749
v -1.870531 3.973850 0.535185
v -1.680731 4.030467 0.501904
v -1.716879 4.654379 0.674591
v -1.933502 4.635218 0.711061
v -2.150125 4.628343 0.674179
v -2.286277 4.073867 0.456364
v -2.326351 4.262174 0.504486
v -2.340052 4.454043 0.542176
v -2.340052 4.589094 -0.264141
v -2.326351 4.395415 -0.291027
v -2.286277 4.201705 -0.306889
v -1.532267 4.656713 -0.241882
v -1.535650 4.492229 -0.257715
v -1.536423 4.334949 -0.261517
v -1.532267 4.525225 0.543165
v -1.535650 4.364558 0.504538
v -1.536423 4.214622 0.456884
v -2.160964 5.119100 0.373890
v -2.172203 5.149266 0.244151
v -2.160964 5.163021 0.111664
v -2.045153 5.185428 -0.005620
v -1.915231 5.198988 -0.015948
v -1.786279 5.191617 -0.004583
v -1.670467 5.174585 0.113601
v -1.658258 5.161245 0.246158
v -1.670467 5.130665 0.375827
v -1.786279 5.108258 0.493111
v -1.915231 5.111523 0.506257
v -2.045153 5.102068 0.492074
v -2.297732 4.796405 0.562934
v -2.248958 4.928620 0.541837
v -2.189635 5.028105 0.503564
v -2.189635 5.119245 -0.040583
v -2.248958 5.037660 -0.109184
v -2.297732 4.919535 -0.172210
v -1.649228 5.133162 -0.038162
v -1.598561 5.057680 -0.105113
v -1.559757 4.949589 -0.164753
v -1.649228 5.042052 0.505810
v -1.598561 4.948874 0.544512
v -1.559757 4.827249 0.565677
v -1.750897 3.520040 -0.169283
v -1.769611 3.480254 -0.035393
v -1.750897 3.474241 0.104153
v -1.385981 3.875525 -0.270504
v -1.495144 3.782074 -0.317187
v -1.604307 3.681239 -0.319787
v -1.239392 3.938544 0.165178
v -1.220678 3.975603 0.047573
v -1.239391 3.978887 -0.075689
v -1.604307 3.577603 0.298968
v -1.495144 3.673782 0.329367
v -1.385981 3.777345 0.315681
v -1.852424 3.561522 0.260884
v -1.995797 3.645602 0.304576
v -2.119359 3.759114 0.352694
v -2.119359 3.870350 -0.311437
v -1.995797 3.747354 -0.302931
v -1.852424 3.653625 -0.289020
v -1.368483 3.894275 0.288675
v -1.434846 3.933764 0.322951
v -1.488536 3.996177 0.362513
v -1.368483 3.977275 -0.206870
v -1.434846 4.025776 -0.226409
v -1.488536 4.097674 -0.243475
v -0.996034 3.485417 -0.118567
v -0.996036 3.455333 -0.039567
v -0.996034 3.458034 0.044923
v -0.996002 3.823459 -0.174798
v -0.996012 3.730183 -0.204828
v -0.996021 3.632212 -0.206831
v -0.995990 3.906100 0.119970
v -0.995988 3.936184 0.040971
v -0.995990 3.933483 -0.043519
v -0.996022 3.568057 0.176202
v -0.996012 3.661334 0.206231
v -0.996003 3.759305 0.208234
v -1.071193 3.901876 -0.135228
v -1.146265 3.910593 -0.151425
v -1.221087 3.924288 -0.168532
v -1.221087 3.856672 0.235164
v -1.146265 3.849299 0.214528
v -1.071193 3.846336 0.196375
v -1.176198 3.480658 0.142049
v -1.354172 3.472589 0.164943
v -1.527756 3.478802 0.191306
v -1.527756 3.552750 -0.250194
v -1.354171 3.538285 -0.227294
v -1.176198 3.538454 -0.203021
v -2.391725 4.083301 0.281789
v -2.437544 4.278159 0.323076
v -2.453646 4.474756 0.358608
v -2.426875 4.112099 0.070435
v -2.474608 4.310120 0.103602
v -2.491511 4.508555 0.136838
v -2.391725 4.153740 -0.138768
v -2.437544 4.351417 -0.114308
v -2.453646 4.548862 -0.083842
v -2.116388 4.249606 -0.402365
v -2.147208 4.435891 -0.394179
v -2.157038 4.623280 -0.371738
v -1.911350 4.291592 -0.423108
v -1.931001 4.468282 -0.420411
v -1.936159 4.647892 -0.402202
v -1.706311 4.321946 -0.374399
v -1.714793 4.488444 -0.373623
v -1.715281 4.660009 -0.358070
v -1.430974 4.326689 -0.093951
v -1.424458 4.477114 -0.081502
v -1.418673 4.636558 -0.061637
v -1.395825 4.300473 0.101986
v -1.387393 4.447068 0.126539
v -1.380808 4.603982 0.152821
v -1.430974 4.261414 0.295771
v -1.424458 4.407686 0.333017
v -1.418673 4.564900 0.366190
v -1.783902 5.207776 0.118085
v -1.912950 5.217665 0.115339
v -2.043397 5.201852 0.117093
v -1.779281 5.197808 0.252282
v -1.912186 5.208056 0.253998
v -2.046618 5.191816 0.251278
v -1.783902 5.163505 0.382402
v -1.912950 5.171959 0.388221
v -2.043397 5.157581 0.381410
v -2.258488 5.051323 0.382856
v -2.280207 5.080127 0.232571
v -2.258488 5.101864 0.081102
v -2.338959 4.951729 0.394469
v -2.368476 4.981944 0.216126
v -2.338959 5.011489 0.037672
v -2.401327 4.820148 0.395896
v -2.435799 4.852583 0.194460
v -2.401327 4.887554 -0.006552
v -2.069064 5.138684 -0.109234
v -1.918930 5.150353 -0.130221
v -1.769264 5.146426 -0.107876
v -2.101899 5.058534 -0.198289
v -1.923617 5.070224 -0.226580
v -1.745477 5.069498 -0.195959
v -2.130572 4.943758 -0.273551
v -1.928726 4.957841 -0.305566
v -1.726899 4.960142 -0.269140
v -1.579840 5.119217 0.084070
v -1.557653 5.098533 0.235654
v -1.579840 5.068696 0.385705
v -1.508417 5.037089 0.042453
v -1.478757 5.009434 0.220731
v -1.508417 4.977489 0.398290
v -1.456143 4.926280 0.001600
v -1.421654 4.894425 0.201468
v -1.456143 4.859416 0.400807
v -1.769264 5.031876 0.576041
v -1.918930 5.028307 0.598447
v -2.069064 5.024115 0.574802
v -1.745477 4.930445 0.634251
v -1.923617 4.921154 0.663437
v -2.101899 4.919320 0.632881
v -1.726899 4.803212 0.667805
v -1.928726 4.789168 0.701494
v -2.130572 4.786285 0.666637
v -1.706312 4.165548 0.559368
v -1.714793 4.323212 0.612887
v -1.715281 4.490482 0.654086
v -1.911350 4.120979 0.595529
v -1.931001 4.288906 0.650552
v -1.936159 4.464646 0.691861
v -2.116388 4.088044 0.562238
v -2.147208 4.266829 0.615197
v -2.157038 4.451304 0.655041
v -2.208069 3.751321 0.198802
v -2.237639 3.771196 0.013337
v -2.208069 3.812838 -0.168483
v -2.074681 3.628475 0.162309
v -2.100976 3.643361 -0.008074
v -2.074681 3.684805 -0.174010
v -1.920478 3.535915 0.130477
v -1.943163 3.546036 -0.024376
v -1.920478 3.586925 -0.174074
v -1.631457 3.927852 0.447550
v -1.803948 3.857702 0.476677
v -1.976439 3.797523 0.446268
v -1.561937 3.855195 0.398086
v -1.715322 3.771517 0.422220
v -1.868707 3.696922 0.392125
v -1.478126 3.806894 0.353976
v -1.610453 3.711483 0.372790
v -1.742781 3.624279 0.342599
v -1.399827 4.106988 -0.098668
v -1.370257 4.090462 0.066811
v -1.399827 4.052167 0.228644
v -1.355962 4.044425 -0.093228
v -1.329668 4.032887 0.057168
v -1.355962 3.994791 0.203115
v -1.300428 4.004304 -0.084957
v -1.277744 3.997313 0.051209
v -1.300429 3.959553 0.182223
v -1.976438 3.937153 -0.387389
v -1.803948 4.003956 -0.396529
v -1.631457 4.060787 -0.346134
v -1.868707 3.824401 -0.368981
v -1.715322 3.904731 -0.373126
v -1.561936 3.975978 -0.323044
v -1.742781 3.739584 -0.345828
v -1.610453 3.831866 -0.345956
v -1.478126 3.915940 -0.297080
v -1.177961 3.961439 -0.066915
v -1.163586 3.960737 0.045083
v -1.177962 3.924906 0.151198
v -1.117028 3.949216 -0.058769
v -1.107283 3.950166 0.043313
v -1.117028 3.916006 0.139513
v -1.056426 3.940479 -0.051040
v -1.051504 3.942459 0.042022
v -1.056426 3.910263 0.129359
v -1.570881 3.442641 0.083782
v -1.585256 3.445519 -0.041211
v -1.570881 3.483526 -0.160321
v -1.383408 3.434653 0.068180
v -1.393154 3.435216 -0.042937
v -1.383408 3.470891 -0.148173
v -1.190964 3.442408 0.055757
v -1.195886 3.441203 -0.041934
v -1.190964 3.474174 -0.133901
v -1.290566 3.761330 0.283326
v -1.374421 3.654466 0.292472
v -1.458276 3.554237 0.262000
v -1.193369 3.755176 0.255680
v -1.250218 3.649039 0.260815
v -1.307068 3.548853 0.230411
v -1.094983 3.755597 0.231172
v -1.123695 3.652871 0.232650
v -1.152408 3.555458 0.202410
v -1.458276 3.647103 -0.292449
v -1.374421 3.751790 -0.288600
v -1.290566 3.849842 -0.245132
v -1.307068 3.631720 -0.264339
v -1.250218 3.736344 -0.260439
v -1.193369 3.835016 -0.221000
v -1.152407 3.628840 -0.235713
v -1.123695 3.730790 -0.232563
v -1.094983 3.827428 -0.197693
vn -0.9595 -0.2522 0.1253
vn -0.9826 -0.1083 0.1507
vn -0.9595 -0.1976 -0.2006
vn -0.9826 -0.0533 -0.1778
vn -0.7756 -0.4429 0.4498
vn -0.8249 -0.2971 0.4808
vn -0.8476 -0.1604 0.5059
vn -0.8505 -0.0132 0.5258
vn -0.9837 0.0425 0.1750
vn -0.9837 0.0972 -0.1516
vn -0.8505 0.1589 -0.5014
vn -0.8476 0.0132 -0.5305
vn -0.8249 -0.1242 -0.5514
vn -0.7756 -0.2721 -0.5696
vn -0.9076 -0.3549 -0.2243
vn -0.9076 -0.4086 0.0964
vn -0.1133 0.0140 -0.9935
vn -0.1412 0.1033 -0.9846
vn 0.2178 0.0277 -0.9756
vn 0.1958 0.0970 -0.9758
vn -0.4425 -0.1500 -0.8842
vn -0.4874 -0.0357 -0.8724
vn -0.5135 0.0789 -0.8545
vn -0.5255 0.2105 -0.8244
vn -0.1606 0.2217 -0.9618
vn 0.1778 0.2082 -0.9618
vn 0.5292 0.1792 -0.8294
vn 0.5380 0.0738 -0.8397
vn 0.5472 0.0249 -0.8366
vn 0.5573 0.0294 -0.8298
vn 0.2438 -0.0087 -0.9698
vn -0.0753 -0.0593 -0.9954
vn 0.9834 -0.0271 -0.1796
vn 0.9842 -0.0127 -0.1764
vn 0.9834 -0.0841 0.1609
vn 0.9842 -0.0695 0.1627
vn 0.8466 0.0581 -0.5290
vn 0.8462 0.0081 -0.5327
vn 0.8469 0.0345 -0.5306
vn 0.8463 0.1306 -0.5165
vn 0.9839 0.0772 -0.1610
vn 0.9839 0.0205 0.1773
vn 0.8463 -0.0448 0.5309
vn 0.8469 -0.1403 0.5129
vn 0.8462 -0.1659 0.5063
vn 0.8466 -0.1174 0.5191
vn 0.9842 -0.0103 0.1770
vn 0.9842 0.0479 -0.1707
vn 0.0762 0.9946 0.0699
vn -0.1201 0.9903 0.0702
vn 0.0762 0.9631 0.2581
vn -0.1201 0.9591 0.2563
vn 0.2552 0.9604 -0.1117
vn 0.0736 0.9879 -0.1369
vn -0.1172 0.9840 -0.1341
vn -0.2899 0.9513 -0.1045
vn -0.3198 0.9451 0.0670
vn -0.3198 0.9154 0.2446
vn -0.2899 0.8654 0.4088
vn -0.1172 0.8866 0.4474
vn 0.0736 0.8893 0.4513
vn 0.2552 0.8716 0.4186
vn 0.2873 0.9248 0.2496
vn 0.2873 0.9556 0.0654
vn -0.7433 0.6286 0.2288
vn -0.7433 0.6688 -0.0115
vn -0.8806 0.4208 0.2178
vn -0.8806 0.4688 -0.0688
vn -0.5035 0.7556 0.4189
vn -0.5411 0.8078 0.2338
vn -0.5411 0.8399 0.0422
vn -0.5035 0.8509 -0.1498
vn -0.6527 0.7074 -0.2714
vn -0.7663 0.5194 -0.3781
vn -0.8277 0.3310 -0.4532
vn -0.9548 0.2737 -0.1160
vn -0.9548 0.2209 0.1988
vn -0.8277 0.1652 0.5363
vn -0.7663 0.3678 0.5267
vn -0.6527 0.5804 0.4870
vn -0.1487 0.7628 -0.6293
vn 0.1138 0.7622 -0.6373
vn -0.1663 0.5707 -0.8041
vn 0.1410 0.5660 -0.8123
vn -0.3225 0.8835 -0.3398
vn -0.1254 0.9146 -0.3845
vn 0.0844 0.9168 -0.3902
vn 0.2919 0.8882 -0.3548
vn 0.3949 0.7428 -0.5406
vn 0.4697 0.5472 -0.6928
vn 0.5105 0.3507 -0.7851
vn 0.1608 0.3740 -0.9134
vn -0.1701 0.3839 -0.9076
vn -0.5196 0.3755 -0.7675
vn -0.4867 0.5600 -0.6705
vn -0.4185 0.7449 -0.5196
vn 0.7480 0.6634 -0.0204
vn 0.7480 0.6205 0.2354
vn 0.8886 0.4516 -0.0797
vn 0.8886 0.4010 0.2225
vn 0.4888 0.8566 -0.1654
vn 0.5306 0.8468 0.0372
vn 0.5306 0.8127 0.2408
vn 0.4888 0.7559 0.4355
vn 0.6476 0.5696 0.5061
vn 0.7652 0.3445 0.5439
vn 0.8258 0.1319 0.5484
vn 0.9601 0.1937 0.2016
vn 0.9601 0.2488 -0.1275
vn 0.8258 0.3034 -0.4755
vn 0.7652 0.5029 -0.4020
vn 0.6476 0.7034 -0.2929
vn 0.1138 0.5130 0.8508
vn -0.1487 0.5161 0.8435
vn 0.1410 0.2704 0.9524
vn -0.1663 0.2776 0.9462
vn 0.2919 0.7241 0.6249
vn 0.0844 0.7397 0.6677
vn -0.1254 0.7394 0.6615
vn -0.3225 0.7246 0.6091
vn -0.4185 0.5350 0.7340
vn -0.4867 0.3109 0.8163
vn -0.5196 0.1049 0.8480
vn -0.1701 0.0672 0.9831
vn 0.1608 0.0560 0.9854
vn 0.5105 0.0757 0.8566
vn 0.4697 0.2915 0.8333
vn 0.3949 0.5261 0.7531
vn 0.2178 -0.2917 0.9314
vn 0.1958 -0.2263 0.9542
vn -0.1133 -0.3104 0.9438
vn -0.1412 -0.2232 0.9645
vn 0.5573 -0.2426 0.7941
vn 0.5472 -0.2491 0.7991
vn 0.5380 -0.2038 0.8179
vn 0.5292 -0.1009 0.8425
vn 0.1778 -0.1166 0.9771
vn -0.1606 -0.1038 0.9815
vn -0.5255 -0.0696 0.8480
vn -0.5135 -0.2038 0.8335
vn -0.4874 -0.3180 0.8132
vn -0.4425 -0.4299 0.7870
vn -0.0753 -0.3804 0.9217
vn 0.2438 -0.3242 0.9140
vn -0.6760 -0.7361 0.0342
vn -0.6760 -0.6848 -0.2722
vn -0.5184 -0.8550 0.0123
vn -0.5184 -0.8043 -0.2903
vn -0.6839 -0.6022 0.4119
vn -0.8107 -0.5820 0.0635
vn -0.8107 -0.5296 -0.2497
vn -0.6839 -0.4351 -0.5856
vn -0.5566 -0.5768 -0.5979
vn -0.4098 -0.6804 -0.6075
vn -0.2566 -0.7459 -0.6146
vn -0.3484 -0.8869 -0.3032
vn -0.3484 -0.9373 -0.0024
vn -0.2566 -0.9055 0.3380
vn -0.4098 -0.8412 0.3527
vn -0.5566 -0.7402 0.3773
vn 0.2915 -0.3033 0.9072
vn 0.0336 -0.4757 0.8789
vn 0.3028 -0.2634 0.9159
vn 0.0925 -0.4869 0.8685
vn 0.5579 -0.1727 0.8117
vn 0.2698 -0.3248 0.9065
vn -0.0253 -0.4380 0.8986
vn -0.3691 -0.5445 0.7532
vn -0.2716 -0.6377 0.7208
vn -0.1637 -0.6967 0.6985
vn -0.0588 -0.7231 0.6882
vn 0.1410 -0.4731 0.8697
vn 0.2985 -0.2103 0.9309
vn 0.4140 0.1456 0.8986
vn 0.4843 0.0484 0.8736
vn 0.5355 -0.0664 0.8419
vn 0.8130 0.5748 -0.0927
vn 0.8130 0.5132 0.2750
vn 0.5759 0.8162 -0.0457
vn 0.5759 0.7568 0.3091
vn 0.8259 0.2234 -0.5177
vn 0.9525 0.2700 -0.1411
vn 0.9525 0.2093 0.2214
vn 0.8259 0.0425 0.5622
vn 0.7414 0.2700 0.6143
vn 0.5887 0.4802 0.6503
vn 0.4321 0.6052 0.6686
vn 0.3714 0.8702 0.3237
vn 0.3714 0.9282 -0.0225
vn 0.4321 0.7900 -0.4349
vn 0.5887 0.6659 -0.4583
vn 0.7414 0.4554 -0.4928
vn 0.0336 -0.1634 -0.9860
vn 0.2915 0.0088 -0.9565
vn 0.0925 -0.1773 -0.9798
vn 0.3028 0.0494 -0.9518
vn -0.3691 -0.2693 -0.8895
vn -0.0253 -0.1212 -0.9923
vn 0.2698 -0.0117 -0.9628
vn 0.5579 0.1012 -0.8237
vn 0.5355 0.2116 -0.8176
vn 0.4843 0.3304 -0.8101
vn 0.4140 0.4304 -0.8021
vn 0.2985 0.1045 -0.9487
vn 0.1410 -0.1639 -0.9763
vn -0.0588 -0.4594 -0.8863
vn -0.1637 -0.4311 -0.8873
vn -0.2716 -0.3680 -0.8893
vn 0.1920 0.9811 -0.0228
vn 0.1920 0.9202 0.3412
vn 0.1412 0.9896 -0.0255
vn 0.1412 0.9273 0.3466
vn 0.3256 0.8417 -0.4308
vn 0.2640 0.9643 -0.0208
vn 0.2640 0.9049 0.3339
vn 0.3256 0.6554 0.6815
vn 0.2459 0.6809 0.6899
vn 0.1896 0.6927 0.6959
vn 0.1612 0.6941 0.7016
vn 0.1153 0.9291 0.3513
vn 0.1153 0.9929 -0.0294
vn 0.1612 0.8848 -0.4372
vn 0.1896 0.8816 -0.4322
vn 0.2459 0.8685 -0.4303
vn -0.0486 -0.9988 -0.0096
vn -0.0486 -0.9474 -0.3164
vn 0.0353 -0.9994 0.0006
vn 0.0353 -0.9446 -0.3262
vn -0.1103 -0.9370 0.3315
vn -0.1798 -0.9836 -0.0106
vn -0.1798 -0.9334 -0.3105
vn -0.1103 -0.7778 -0.6187
vn 0.0026 -0.7782 -0.6280
vn 0.0747 -0.7565 -0.6498
vn 0.1096 -0.7196 -0.6857
vn 0.0756 -0.9362 -0.3431
vn 0.0756 -0.9970 0.0193
vn 0.1096 -0.9038 0.4138
vn 0.0747 -0.9269 0.3678
vn 0.0026 -0.9404 0.3402
vn 0.2524 -0.1022 0.9622
vn 0.1895 -0.4048 0.8945
vn 0.2287 -0.0629 0.9715
vn 0.1954 -0.3641 0.9106
vn 0.3432 0.2146 0.9144
vn 0.2788 -0.1529 0.9481
vn 0.1728 -0.4426 0.8799
vn 0.0326 -0.7247 0.6883
vn 0.0999 -0.7060 0.7011
vn 0.1409 -0.6718 0.7272
vn 0.1592 -0.6263 0.7632
vn 0.1955 -0.3222 0.9263
vn 0.2144 -0.0332 0.9762
vn 0.2074 0.3058 0.9292
vn 0.2324 0.2920 0.9277
vn 0.2798 0.2631 0.9233
vn 0.1895 -0.0912 -0.9776
vn 0.2524 0.2169 -0.9430
vn 0.1954 -0.0475 -0.9796
vn 0.2287 0.2571 -0.9389
vn 0.0326 -0.4609 -0.8868
vn 0.1728 -0.1317 -0.9761
vn 0.2788 0.1644 -0.9462
vn 0.3432 0.5009 -0.7946
vn 0.2798 0.5495 -0.7872
vn 0.2324 0.5784 -0.7820
vn 0.2074 0.5919 -0.7789
vn 0.2144 0.2867 -0.9337
vn 0.1955 -0.0028 -0.9807
vn 0.1592 -0.3435 -0.9256
vn 0.1409 -0.3982 -0.9064
vn 0.0999 -0.4391 -0.8929
vt 0.847890 0.163614
vt 0.847890 0.187409
vt 0.817308 0.187409
vt 0.817308 0.163614
vt 0.847890 0.211669
vt 0.817308 0.211669
vt 0.786726 0.187409
vt 0.786726 0.163614
vt 0.786726 0.211669
vt 0.875244 0.141963
vt 0.875244 0.163614
vt 0.847890 0.141963
vt 0.875244 0.187409
vt 0.875244 0.211669
vt 0.875244 0.234735
vt 0.847890 0.234735
vt 0.817308 0.234735
vt 0.786726 0.234735
vt 0.759371 0.234735
vt 0.759371 0.211669
vt 0.759371 0.187409
vt 0.759371 0.163614
vt 0.786726 0.141963
vt 0.759371 0.141963
vt 0.817308 0.141963
vt 0.736345 0.163614
vt 0.736345 0.187409
vt 0.714245 0.187409
vt 0.714245 0.163614
vt 0.736345 0.211669
vt 0.714245 0.211669
vt 0.691814 0.187409
vt 0.691814 0.163614
vt 0.691814 0.211669
vt 0.736345 0.141963
vt 0.736345 0.234735
vt 0.714245 0.234735
vt 0.691814 0.234735
vt 0.668403 0.234735
vt 0.668403 0.211669
vt 0.668403 0.187409
vt 0.668403 0.163614
vt 0.691814 0.141963
vt 0.668403 0.141963
vt 0.714245 0.141963
vt 0.641048 0.163614
vt 0.641048 0.187409
vt 0.610466 0.187409
vt 0.610466 0.163614
vt 0.641048 0.211669
vt 0.610466 0.211669
vt 0.579884 0.187409
vt 0.579884 0.163614
vt 0.579884 0.211669
vt 0.641048 0.141963
vt 0.641048 0.234735
vt 0.610466 0.234735
vt 0.579884 0.234735
vt 0.552530 0.234735
vt 0.552530 0.211669
vt 0.552530 0.187409
vt 0.552530 0.163614
vt 0.579884 0.141963
vt 0.552530 0.141963
vt 0.610466 0.141963
vt 0.385973 0.484548
vt 0.404032 0.483596
vt 0.404215 0.513552
vt 0.385711 0.513770
vt 0.422467 0.484089
vt 0.423092 0.513330
vt 0.404736 0.543504
vt 0.386660 0.542977
vt 0.423155 0.542578
vt 0.371832 0.462531
vt 0.385507 0.457195
vt 0.368532 0.484111
vt 0.404235 0.454535
vt 0.423279 0.456710
vt 0.437575 0.461714
vt 0.440902 0.483231
vt 0.442654 0.513100
vt 0.441605 0.543003
vt 0.438785 0.564592
vt 0.424610 0.569930
vt 0.405623 0.572552
vt 0.386837 0.570333
vt 0.369234 0.543824
vt 0.373040 0.565321
vt 0.367246 0.513987
vt 0.847890 0.289469
vt 0.817308 0.289469
vt 0.817308 0.273565
vt 0.847890 0.273565
vt 0.786726 0.289469
vt 0.786726 0.273565
vt 0.817308 0.255412
vt 0.847890 0.255412
vt 0.786726 0.255412
vt 0.875244 0.303520
vt 0.847890 0.303520
vt 0.875244 0.289469
vt 0.817308 0.303520
vt 0.786726 0.303520
vt 0.759371 0.303520
vt 0.759371 0.289469
vt 0.759371 0.273565
vt 0.759371 0.255412
vt 0.875244 0.255412
vt 0.875244 0.273565
vt 0.736345 0.289469
vt 0.714245 0.289469
vt 0.714245 0.273565
vt 0.736345 0.273565
vt 0.691814 0.289469
vt 0.691814 0.273565
vt 0.714245 0.255412
vt 0.736345 0.255412
vt 0.691814 0.255412
vt 0.736345 0.303520
vt 0.714245 0.303520
vt 0.691814 0.303520
vt 0.668403 0.303520
vt 0.668403 0.289469
vt 0.668403 0.273565
vt 0.668403 0.255412
vt 0.641048 0.289469
vt 0.610466 0.289469
vt 0.610466 0.273565
vt 0.641048 0.273565
vt 0.579884 0.289469
vt 0.579884 0.273565
vt 0.610466 0.255412
vt 0.641048 0.255412
vt 0.579884 0.255412
vt 0.641048 0.303520
vt 0.610466 0.303520
vt 0.579884 0.303520
vt 0.552530 0.303520
vt 0.552530 0.289469
vt 0.552530 0.273565
vt 0.552530 0.255412
vt 0.942801 0.289469
vt 0.920371 0.289469
vt 0.920371 0.273565
vt 0.942801 0.273565
vt 0.898270 0.289469
vt 0.898270 0.273565
vt 0.920371 0.255412
vt 0.942801 0.255412
vt 0.898270 0.255412
vt 0.966212 0.303520
vt 0.942801 0.303520
vt 0.966212 0.289469
vt 0.920371 0.303520
vt 0.898270 0.303520
vt 0.898270 0.234735
vt 0.920371 0.234735
vt 0.942801 0.234735
vt 0.966212 0.255412
vt 0.966212 0.234735
vt 0.966212 0.273565
vt 0.942801 0.163614
vt 0.942801 0.187409
vt 0.920371 0.187409
vt 0.920371 0.163614
vt 0.942801 0.211669
vt 0.920371 0.211669
vt 0.898270 0.187409
vt 0.898270 0.163614
vt 0.898270 0.211669
vt 0.966212 0.141963
vt 0.966212 0.163614
vt 0.942801 0.141963
vt 0.966212 0.187409
vt 0.966212 0.211669
vt 0.898270 0.141963
vt 0.920371 0.141963
vt 0.847890 0.123521
vt 0.817308 0.123521
vt 0.817308 0.107654
vt 0.847890 0.107654
vt 0.786726 0.123521
vt 0.786726 0.107654
vt 0.817308 0.093446
vt 0.847890 0.093446
vt 0.786726 0.093446
vt 0.875244 0.123521
vt 0.759371 0.123521
vt 0.759371 0.107654
vt 0.759371 0.093446
vt 0.759371 0.080237
vt 0.786726 0.080237
vt 0.817308 0.080237
vt 0.847890 0.080237
vt 0.875244 0.093446
vt 0.875244 0.080237
vt 0.875244 0.107654
vt 0.942801 0.123521
vt 0.920371 0.123521
vt 0.920371 0.107654
vt 0.942801 0.107654
vt 0.898270 0.123521
vt 0.898270 0.107654
vt 0.920371 0.093446
vt 0.942801 0.093446
vt 0.898270 0.093446
vt 0.966212 0.123521
vt 0.898270 0.080237
vt 0.920371 0.080237
vt 0.942801 0.080237
vt 0.966212 0.093446
vt 0.966212 0.080237
vt 0.966212 0.107654
vt 0.641048 0.123521
vt 0.610466 0.123521
vt 0.610466 0.107654
vt 0.641048 0.107654
vt 0.579884 0.123521
vt 0.579884 0.107654
vt 0.610466 0.093446
vt 0.641048 0.093446
vt 0.579884 0.093446
vt 0.668403 0.123521
vt 0.552530 0.123521
vt 0.552530 0.107654
vt 0.552530 0.093446
vt 0.552530 0.080237
vt 0.579884 0.080237
vt 0.610466 0.080237
vt 0.641048 0.080237
vt 0.668403 0.093446
vt 0.668403 0.080237
vt 0.668403 0.107654
vt 0.736345 0.123521
vt 0.714245 0.123521
vt 0.714245 0.107654
vt 0.736345 0.107654
vt 0.691814 0.123521
vt 0.691814 0.107654
vt 0.714245 0.093446
vt 0.736345 0.093446
vt 0.691814 0.093446
vt 0.691814 0.080237
vt 0.714245 0.080237
vt 0.736345 0.080237
vt 0.641048 0.067613
vt 0.610466 0.067613
vt 0.610466 0.055125
vt 0.641048 0.055125
vt 0.579884 0.067613
vt 0.579884 0.055125
vt 0.610466 0.042547
vt 0.641048 0.042547
vt 0.579884 0.042547
vt 0.668403 0.067613
vt 0.552530 0.067613
vt 0.552530 0.055125
vt 0.552530 0.042547
vt 0.552530 0.029871
vt 0.579884 0.029871
vt 0.610466 0.029871
vt 0.641048 0.029871
vt 0.668403 0.042547
vt 0.668403 0.029871
vt 0.668403 0.055125
vt 0.847890 0.067613
vt 0.817308 0.067613
vt 0.817308 0.055125
vt 0.847890 0.055125
vt 0.786726 0.067613
vt 0.786726 0.055125
vt 0.817308 0.042547
vt 0.847890 0.042547
vt 0.786726 0.042547
vt 0.875244 0.067613
vt 0.759371 0.067613
vt 0.759371 0.055125
vt 0.759371 0.042547
vt 0.759371 0.029871
vt 0.786726 0.029871
vt 0.817308 0.029871
vt 0.847890 0.029871
vt 0.875244 0.042547
vt 0.875244 0.029871
vt 0.875244 0.055125
vt 0.942801 0.067613
vt 0.920371 0.067613
vt 0.920371 0.055125
vt 0.942801 0.055125
vt 0.898270 0.067613
vt 0.898270 0.055125
vt 0.920371 0.042547
vt 0.942801 0.042547
vt 0.898270 0.042547
vt 0.966212 0.067613
vt 0.898270 0.029871
vt 0.920371 0.029871
vt 0.942801 0.029871
vt 0.966212 0.042547
vt 0.966212 0.029871
vt 0.966212 0.055125
vt 0.736345 0.067613
vt 0.714245 0.067613
vt 0.714245 0.055125
vt 0.736345 0.055125
vt 0.691814 0.067613
vt 0.691814 0.055125
vt 0.714245 0.042547
vt 0.736345 0.042547
vt 0.691814 0.042547
vt 0.691814 0.029871
vt 0.714245 0.029871
vt 0.736345 0.029871
s 0
f 460/409/259 461/410/259 464/411/259 463/412/259
f 461/410/260 462/413/260 465/414/260 464/411/260
f 463/412/261 464/411/261 467/415/261 466/416/261
f 464/411/262 465/414/262 468/417/262 467/415/262
f 332/418/263 376/419/263 460/409/263 354/420/263
f 376/419/264 377/421/264 461/410/264 460/409/264
f 377/421/265 378/422/265 462/413/265 461/410/265
f 378/422/266 340/423/266 355/424/266 462/413/266
f 462/413/267 355/424/267 356/425/267 465/414/267
f 465/414/268 356/425/268 357/426/268 468/417/268
f 468/417/269 357/426/269 341/427/269 379/428/269
f 467/415/270 468/417/270 379/428/270 380/429/270
f 466/416/271 467/415/271 380/429/271 381/430/271
f 352/431/272 466/416/272 381/430/272 334/432/272
f 353/433/273 463/412/273 466/416/273 352/431/273
f 354/420/274 460/409/274 463/412/274 353/433/274
f 469/434/275 470/435/275 473/436/275 472/437/275
f 470/435/276 471/438/276 474/439/276 473/436/276
f 472/437/277 473/436/277 476/440/277 475/441/277
f 473/436/278 474/439/278 477/442/278 476/440/278
f 334/432/279 381/430/279 469/434/279 360/443/279
f 381/430/280 380/429/280 470/435/280 469/434/280
f 380/429/281 379/428/281 471/438/281 470/435/281
f 379/428/282 341/427/282 361/444/282 471/438/282
f 471/438/283 361/444/283 362/445/283 474/439/283
f 474/439/284 362/445/284 363/446/284 477/442/284
f 477/442/285 363/446/285 342/447/285 382/448/285
f 476/440/286 477/442/286 382/448/286 383/449/286
f 475/441/287 476/440/287 383/449/287 384/450/287
f 358/451/288 475/441/288 384/450/288 338/452/288
f 359/453/289 472/437/289 475/441/289 358/451/289
f 360/443/290 469/434/290 472/437/290 359/453/290
f 478/454/291 479/455/291 482/456/291 481/457/291
f 479/455/292 480/458/292 483/459/292 482/456/292
f 481/457/293 482/456/293 485/460/293 484/461/293
f 482/456/294 483/459/294 486/462/294 485/460/294
f 338/452/295 384/450/295 478/454/295 366/463/295
f 384/450/296 383/449/296 479/455/296 478/454/296
f 383/449/297 382/448/297 480/458/297 479/455/297
f 382/448/298 342/447/298 367/464/298 480/458/298
f 480/458/299 367/464/299 368/465/299 483/459/299
f 483/459/300 368/465/300 369/466/300 486/462/300
f 486/462/301 369/466/301 343/467/301 385/468/301
f 485/460/302 486/462/302 385/468/302 386/469/302
f 484/461/303 485/460/303 386/469/303 387/470/303
f 364/471/304 484/461/304 387/470/304 336/472/304
f 365/473/305 481/457/305 484/461/305 364/471/305
f 366/463/306 478/454/306 481/457/306 365/473/306
f 487/474/307 488/475/307 491/476/307 490/477/307
f 488/475/308 489/478/308 492/479/308 491/476/308
f 490/477/309 491/476/309 494/480/309 493/481/309
f 491/476/310 492/479/310 495/482/310 494/480/310
f 339/483/311 393/484/311 487/474/311 394/485/311
f 393/484/312 392/486/312 488/475/312 487/474/312
f 392/486/313 391/487/313 489/478/313 488/475/313
f 391/487/314 335/488/314 390/489/314 489/478/314
f 489/478/315 390/489/315 389/490/315 492/479/315
f 492/479/316 389/490/316 388/491/316 495/482/316
f 495/482/317 388/491/317 333/492/317 399/493/317
f 494/480/318 495/482/318 399/493/318 398/494/318
f 493/481/319 494/480/319 398/494/319 397/495/319
f 396/496/320 493/481/320 397/495/320 337/497/320
f 395/498/321 490/477/321 493/481/321 396/496/321
f 394/485/322 487/474/322 490/477/322 395/498/322
f 496/499/323 497/500/323 500/501/323 499/502/323
f 497/500/324 498/503/324 501/504/324 500/501/324
f 499/502/325 500/501/325 503/505/325 502/506/325
f 500/501/326 501/504/326 504/507/326 503/505/326
f 333/508/327 388/509/327 496/499/327 402/510/327
f 388/509/328 389/511/328 497/500/328 496/499/328
f 389/511/329 390/512/329 498/503/329 497/500/329
f 390/512/330 335/513/330 403/514/330 498/503/330
f 498/503/331 403/514/331 404/515/331 501/504/331
f 501/504/332 404/515/332 405/516/332 504/507/332
f 504/507/333 405/516/333 341/427/333 357/426/333
f 503/505/334 504/507/334 357/426/334 356/425/334
f 502/506/335 503/505/335 356/425/335 355/424/335
f 400/517/336 502/506/336 355/424/336 340/423/336
f 401/518/337 499/502/337 502/506/337 400/517/337
f 402/510/338 496/499/338 499/502/338 401/518/338
f 505/519/339 506/520/339 509/521/339 508/522/339
f 506/520/340 507/523/340 510/524/340 509/521/340
f 508/522/341 509/521/341 512/525/341 511/526/341
f 509/521/342 510/524/342 513/527/342 512/525/342
f 335/513/343 391/528/343 505/519/343 403/514/343
f 391/528/344 392/529/344 506/520/344 505/519/344
f 392/529/345 393/530/345 507/523/345 506/520/345
f 393/530/346 339/531/346 406/532/346 507/523/346
f 507/523/347 406/532/347 407/533/347 510/524/347
f 510/524/348 407/533/348 408/534/348 513/527/348
f 513/527/349 408/534/349 342/447/349 363/446/349
f 512/525/350 513/527/350 363/446/350 362/445/350
f 511/526/351 512/525/351 362/445/351 361/444/351
f 405/516/352 511/526/352 361/444/352 341/427/352
f 404/515/353 508/522/353 511/526/353 405/516/353
f 403/514/354 505/519/354 508/522/354 404/515/354
f 514/535/355 515/536/355 518/537/355 517/538/355
f 515/536/356 516/539/356 519/540/356 518/537/356
f 517/538/357 518/537/357 521/541/357 520/542/357
f 518/537/358 519/540/358 522/543/358 521/541/358
f 339/531/359 394/544/359 514/535/359 406/532/359
f 394/544/360 395/545/360 515/536/360 514/535/360
f 395/545/361 396/546/361 516/539/361 515/536/361
f 396/546/362 337/547/362 409/548/362 516/539/362
f 516/539/363 409/548/363 410/549/363 519/540/363
f 519/540/364 410/549/364 411/550/364 522/543/364
f 522/543/365 411/550/365 343/467/365 369/466/365
f 521/541/366 522/543/366 369/466/366 368/465/366
f 520/542/367 521/541/367 368/465/367 367/464/367
f 408/534/368 520/542/368 367/464/368 342/447/368
f 407/533/369 517/538/369 520/542/369 408/534/369
f 406/532/370 514/535/370 517/538/370 407/533/370
f 523/551/371 524/552/371 527/553/371 526/554/371
f 524/552/372 525/555/372 528/556/372 527/553/372
f 526/554/373 527/553/373 530/557/373 529/558/373
f 527/553/374 528/556/374 531/559/374 530/557/374
f 337/560/375 397/561/375 523/551/375 409/562/375
f 397/561/376 398/563/376 524/552/376 523/551/376
f 398/563/377 399/564/377 525/555/377 524/552/377
f 399/564/378 333/508/378 402/510/378 525/555/378
f 525/555/379 402/510/379 401/518/379 528/556/379
f 528/556/380 401/518/380 400/517/380 531/559/380
f 531/559/381 400/517/381 340/423/381 375/565/381
f 530/557/382 531/559/382 375/565/382 374/566/382
f 529/558/383 530/557/383 374/566/383 373/567/383
f 411/568/384 529/558/384 373/567/384 343/569/384
f 410/570/385 526/554/385 529/558/385 411/568/385
f 409/562/386 523/551/386 526/554/386 410/570/386
f 532/571/387 533/572/387 536/573/387 535/574/387
f 533/572/388 534/575/388 537/576/388 536/573/388
f 535/574/389 536/573/389 539/577/389 538/578/389
f 536/573/390 537/576/390 540/579/390 539/577/390
f 336/580/391 387/581/391 532/571/391 372/582/391
f 387/581/392 386/583/392 533/572/392 532/571/392
f 386/583/393 385/584/393 534/575/393 533/572/393
f 385/584/394 343/569/394 373/567/394 534/575/394
f 534/575/395 373/567/395 374/566/395 537/576/395
f 537/576/396 374/566/396 375/565/396 540/579/396
f 540/579/397 375/565/397 340/423/397 378/422/397
f 539/577/398 540/579/398 378/422/398 377/421/398
f 538/578/399 539/577/399 377/421/399 376/419/399
f 370/585/400 538/578/400 376/419/400 332/418/400
f 371/586/401 535/574/401 538/578/401 370/585/401
f 372/582/402 532/571/402 535/574/402 371/586/402
f 541/587/403 542/588/403 545/589/403 544/590/403
f 542/588/404 543/591/404 546/592/404 545/589/404
f 544/590/405 545/589/405 548/593/405 547/594/405
f 545/589/406 546/592/406 549/595/406 548/593/406
f 332/418/407 354/420/407 541/587/407 426/596/407
f 354/420/408 353/433/408 542/588/408 541/587/408
f 353/433/409 352/431/409 543/591/409 542/588/409
f 352/431/410 334/432/410 427/597/410 543/591/410
f 543/591/411 427/597/411 428/598/411 546/592/411
f 546/592/412 428/598/412 429/599/412 549/595/412
f 549/595/413 429/599/413 345/600/413 412/601/413
f 548/593/414 549/595/414 412/601/414 413/602/414
f 547/594/415 548/593/415 413/602/415 414/603/415
f 424/604/416 547/594/416 414/603/416 344/605/416
f 425/606/417 544/590/417 547/594/417 424/604/417
f 426/596/418 541/587/418 544/590/418 425/606/418
f 550/607/419 551/608/419 554/609/419 553/610/419
f 551/608/420 552/611/420 555/612/420 554/609/420
f 553/610/421 554/609/421 557/613/421 556/614/421
f 554/609/422 555/612/422 558/615/422 557/613/422
f 336/580/423 372/582/423 550/607/423 432/616/423
f 372/582/424 371/586/424 551/608/424 550/607/424
f 371/586/425 370/585/425 552/611/425 551/608/425
f 370/585/426 332/418/426 426/596/426 552/611/426
f 552/611/427 426/596/427 425/606/427 555/612/427
f 555/612/428 425/606/428 424/604/428 558/615/428
f 558/615/429 424/604/429 344/605/429 421/617/429
f 557/613/430 558/615/430 421/617/430 422/618/430
f 556/614/431 557/613/431 422/618/431 423/619/431
f 430/620/432 556/614/432 423/619/432 346/621/432
f 431/622/433 553/610/433 556/614/433 430/620/433
f 432/616/434 550/607/434 553/610/434 431/622/434
f 559/623/435 560/624/435 563/625/435 562/626/435
f 560/624/436 561/627/436 564/628/436 563/625/436
f 562/626/437 563/625/437 566/629/437 565/630/437
f 563/625/438 564/628/438 567/631/438 566/629/438
f 338/452/439 366/463/439 559/623/439 435/632/439
f 366/463/440 365/473/440 560/624/440 559/623/440
f 365/473/441 364/471/441 561/627/441 560/624/441
f 364/471/442 336/472/442 432/633/442 561/627/442
f 561/627/443 432/633/443 431/634/443 564/628/443
f 564/628/444 431/634/444 430/635/444 567/631/444
f 567/631/445 430/635/445 346/636/445 418/637/445
f 566/629/446 567/631/446 418/637/446 419/638/446
f 565/630/447 566/629/447 419/638/447 420/639/447
f 433/640/448 565/630/448 420/639/448 347/641/448
f 434/642/449 562/626/449 565/630/449 433/640/449
f 435/632/450 559/623/450 562/626/450 434/642/450
f 568/643/451 569/644/451 572/645/451 571/646/451
f 569/644/452 570/647/452 573/648/452 572/645/452
f 571/646/453 572/645/453 575/649/453 574/650/453
f 572/645/454 573/648/454 576/651/454 575/649/454
f 334/432/455 360/443/455 568/643/455 427/597/455
f 360/443/456 359/453/456 569/644/456 568/643/456
f 359/453/457 358/451/457 570/647/457 569/644/457
f 358/451/458 338/452/458 435/632/458 570/647/458
f 570/647/459 435/632/459 434/642/459 573/648/459
f 573/648/460 434/642/460 433/640/460 576/651/460
f 576/651/461 433/640/461 347/641/461 415/652/461
f 575/649/462 576/651/462 415/652/462 416/653/462
f 574/650/463 575/649/463 416/653/463 417/654/463
f 429/599/464 574/650/464 417/654/464 345/600/464
f 428/598/465 571/646/465 574/650/465 429/599/465
f 427/597/466 568/643/466 571/646/466 428/598/466
f 577/655/467 578/656/467 581/657/467 580/658/467
f 578/656/468 579/659/468 582/660/468 581/657/468
f 580/658/469 581/657/469 584/661/469 583/662/469
f 581/657/470 582/660/470 585/663/470 584/661/470
f 347/641/471 420/639/471 577/655/471 450/664/471
f 420/639/472 419/638/472 578/656/472 577/655/472
f 419/638/473 418/637/473 579/659/473 578/656/473
f 418/637/474 346/636/474 451/665/474 579/659/474
f 579/659/475 451/665/475 452/666/475 582/660/475
f 582/660/476 452/666/476 453/667/476 585/663/476
f 585/663/477 453/667/477 350/668/477 442/669/477
f 584/661/478 585/663/478 442/669/478 443/670/478
f 583/662/479 584/661/479 443/670/479 444/671/479
f 448/672/480 583/662/480 444/671/480 351/673/480
f 449/674/481 580/658/481 583/662/481 448/672/481
f 450/664/482 577/655/482 580/658/482 449/674/482
f 586/675/483 587/676/483 590/677/483 589/678/483
f 587/676/484 588/679/484 591/680/484 590/677/484
f 589/678/485 590/677/485 593/681/485 592/682/485
f 590/677/486 591/680/486 594/683/486 593/681/486
f 344/605/487 414/603/487 586/675/487 456/684/487
f 414/603/488 413/602/488 587/676/488 586/675/488
f 413/602/489 412/601/489 588/679/489 587/676/489
f 412/601/490 345/600/490 457/685/490 588/679/490
f 588/679/491 457/685/491 458/686/491 591/680/491
f 591/680/492 458/686/492 459/687/492 594/683/492
f 594/683/493 459/687/493 349/688/493 436/689/493
f 593/681/494 594/683/494 436/689/494 437/690/494
f 592/682/495 593/681/495 437/690/495 438/691/495
f 454/692/496 592/682/496 438/691/496 348/693/496
f 455/694/497 589/678/497 592/682/497 454/692/497
f 456/684/498 586/675/498 589/678/498 455/694/498
f 595/695/499 596/696/499 599/697/499 598/698/499
f 596/696/500 597/699/500 600/700/500 599/697/500
f 598/698/501 599/697/501 602/701/501 601/702/501
f 599/697/502 600/700/502 603/703/502 602/701/502
f 346/621/503 423/619/503 595/695/503 451/704/503
f 423/619/504 422/618/504 596/696/504 595/695/504
f 422/618/505 421/617/505 597/699/505 596/696/505
f 421/617/506 344/605/506 456/684/506 597/699/506
f 597/699/507 456/684/507 455/694/507 600/700/507
f 600/700/508 455/694/508 454/692/508 603/703/508
f 603/703/509 454/692/509 348/693/509 445/705/509
f 602/701/510 603/703/510 445/705/510 446/706/510
f 601/702/511 602/701/511 446/706/511 447/707/511
f 453/708/512 601/702/512 447/707/512 350/709/512
f 452/710/513 598/698/513 601/702/513 453/708/513
f 451/704/514 595/695/514 598/698/514 452/710/514
f 604/711/515 605/712/515 608/713/515 607/714/515
f 605/712/516 606/715/516 609/716/516 608/713/516
f 607/714/517 608/713/517 611/717/517 610/718/517
f 608/713/518 609/716/518 612/719/518 611/717/518
f 345/600/519 417/654/519 604/711/519 457/685/519
f 417/654/520 416/653/520 605/712/520 604/711/520
f 416/653/521 415/652/521 606/715/521 605/712/521
f 415/652/522 347/641/522 450/664/522 606/715/522
f 606/715/523 450/664/523 449/674/523 609/716/523
f 609/716/524 449/674/524 448/672/524 612/719/524
f 612/719/525 448/672/525 351/673/525 439/720/525
f 611/717/526 612/719/526 439/720/526 440/721/526
f 610/718/527 611/717/527 440/721/527 441/722/527
f 459/687/528 610/718/528 441/722/528 349/688/528
f 458/686/529 607/714/529 610/718/529 459/687/529
f 457/685/530 604/711/530 607/714/530 458/686/530
o Cube.040
v 2.077349 3.406353 -0.388553
v 2.154558 4.334306 -0.497688
v 2.077349 3.550541 0.200962
v 2.154558 4.424108 -0.130528
v 1.550181 3.556890 -0.401960
v 1.782770 4.366999 -0.505685
v 1.550181 3.690271 0.143374
v 1.782770 4.456801 -0.138525
v 2.256748 3.963886 -0.555767
v 2.256748 4.122312 0.091964
v 1.613840 4.188920 0.070805
v 1.613840 4.032742 -0.567740
v 1.626729 3.089856 -0.213886
v 1.626729 3.189153 0.192096
v 1.345834 3.394572 -0.267780
v 1.345833 3.484345 0.099261
v 1.073216 3.108328 -0.133486
v 1.073216 3.168430 0.112247
v 1.099868 3.394614 -0.203507
v 1.099867 3.454717 0.042225
v 2.151482 3.497844 0.073945
v 2.176193 3.451235 -0.087140
v 2.151482 3.418231 -0.251553
v 2.347157 3.990176 -0.407009
v 2.377293 4.030399 -0.228795
v 2.347157 4.076972 -0.052135
v 1.669618 3.677750 0.234662
v 1.813765 3.646428 0.278560
v 1.957913 3.602095 0.269262
v 2.111089 4.159603 0.177935
v 1.935294 4.185111 0.201973
v 1.759499 4.195871 0.165717
v 1.476048 3.607899 -0.281846
v 1.451338 3.650793 -0.135949
v 1.476048 3.680082 0.013277
v 1.523431 4.162982 -0.076518
v 1.493295 4.123531 -0.251574
v 1.523431 4.077730 -0.425077
v 1.957913 3.420563 -0.472938
v 1.813765 3.455600 -0.501649
v 1.669618 3.503648 -0.477164
v 1.759499 3.995100 -0.655146
v 1.935294 3.968820 -0.682342
v 2.111089 3.957287 -0.649244
v 2.151789 3.537424 -0.440675
v 2.206781 3.679595 -0.489500
v 2.241907 3.824529 -0.529655
v 2.241907 3.986634 0.133121
v 2.206781 3.839529 0.164395
v 2.151789 3.690872 0.186703
v 1.595611 4.063343 0.105095
v 1.584213 3.929872 0.127812
v 1.571714 3.801264 0.140167
v 1.595611 3.905513 -0.540198
v 1.584213 3.776625 -0.498745
v 1.571714 3.656833 -0.450345
v 2.177027 4.364257 -0.424671
v 2.187849 4.396389 -0.318311
v 2.177027 4.416976 -0.209127
v 2.079032 4.449263 -0.114460
v 1.970523 4.467993 -0.108364
v 1.860770 4.468456 -0.119154
v 1.762776 4.453404 -0.218036
v 1.753197 4.434610 -0.327659
v 1.762776 4.400684 -0.433581
v 1.860770 4.368398 -0.528248
v 1.970523 4.363007 -0.537606
v 2.079032 4.349205 -0.523554
v 2.251428 4.089942 -0.563570
v 2.228242 4.197427 -0.553217
v 2.191313 4.281693 -0.527275
v 2.191313 4.391090 -0.079997
v 2.228242 4.328311 -0.018091
v 2.251428 4.237739 0.040704
v 1.738600 4.431057 -0.089849
v 1.687993 4.377078 -0.030627
v 1.645017 4.295314 0.024568
v 1.738599 4.321694 -0.536983
v 1.687993 4.246474 -0.564605
v 1.645016 4.148465 -0.575830
v 1.666230 3.124810 0.111802
v 1.679397 3.083263 0.002861
v 1.666230 3.069837 -0.112958
v 1.409474 3.430425 0.173278
v 1.486281 3.354474 0.218150
v 1.563089 3.269661 0.226786
v 1.306332 3.457427 -0.193570
v 1.293165 3.495699 -0.098015
v 1.306332 3.505852 0.004417
v 1.563089 3.145264 -0.281819
v 1.486281 3.224488 -0.313304
v 1.409474 3.312575 -0.308554
v 1.755555 3.133605 -0.248977
v 1.875957 3.202121 -0.290826
v 1.984400 3.293629 -0.337872
v 1.984400 3.427149 0.208031
v 1.875957 3.324257 0.208533
v 1.755555 3.244160 0.203033
v 1.407227 3.409400 -0.292755
v 1.464633 3.437556 -0.323082
v 1.513727 3.484800 -0.359303
v 1.407226 3.509026 0.114573
v 1.464633 3.548002 0.128481
v 1.513727 3.606631 0.138806
v 1.069468 3.114554 0.066420
v 1.068219 3.084700 0.002509
v 1.069468 3.081686 -0.067965
v 1.093829 3.398307 0.092645
v 1.086542 3.322843 0.123311
v 1.079254 3.241744 0.130938
v 1.103616 3.448490 -0.157681
v 1.104865 3.478344 -0.093770
v 1.103616 3.481359 -0.023296
v 1.079254 3.164737 -0.183906
v 1.086542 3.240201 -0.214572
v 1.093830 3.321300 -0.222199
v 1.161147 3.456539 0.056001
v 1.222511 3.460595 0.069971
v 1.284045 3.469119 0.084326
v 1.284045 3.387958 -0.247504
v 1.222511 3.387023 -0.230835
v 1.161147 3.389872 -0.216570
v 1.214650 3.087120 -0.148387
v 1.354862 3.072548 -0.165367
v 1.492629 3.071248 -0.186507
v 1.492629 3.160009 0.176397
v 1.354861 3.151405 0.157043
v 1.214650 3.156495 0.135254
v 2.233362 3.555715 -0.295879
v 2.294330 3.702420 -0.339090
v 2.332793 3.850018 -0.377397
v 2.260553 3.592604 -0.121717
v 2.323513 3.741996 -0.158256
v 2.363088 3.890798 -0.194651
v 2.233362 3.640265 0.049811
v 2.294330 3.790354 0.020431
v 2.332793 3.938970 -0.013712
v 2.020366 3.737144 0.263089
v 2.065731 3.882253 0.247100
v 2.095481 4.026659 0.219360
v 1.861751 3.773994 0.277612
v 1.895497 3.914061 0.266146
v 1.918759 4.054982 0.241740
v 1.703137 3.796880 0.235047
v 1.725264 3.931189 0.225171
v 1.742038 4.068308 0.202804
v 1.490141 3.784382 0.001131
v 1.496665 3.908092 -0.018326
v 1.504726 4.038522 -0.044430
v 1.462950 3.750592 -0.160358
v 1.467482 3.870815 -0.189763
v 1.474431 3.999211 -0.221167
v 1.490141 3.706030 -0.319213
v 1.496665 3.824755 -0.359052
v 1.504726 3.952509 -0.396096
v 1.862548 4.473483 -0.222037
v 1.973446 4.474289 -0.218503
v 2.082550 4.454136 -0.217305
v 1.859880 4.456845 -0.333098
v 1.974424 4.457359 -0.333223
v 2.087011 4.436872 -0.328213
v 1.862548 4.420343 -0.439300
v 1.973446 4.419428 -0.442807
v 2.082550 4.400997 -0.434568
v 2.249866 4.304589 -0.427295
v 2.268759 4.336493 -0.303661
v 2.249866 4.365255 -0.179259
v 2.303250 4.221202 -0.430875
v 2.327983 4.255818 -0.283929
v 2.303250 4.292934 -0.137595
v 2.336584 4.115356 -0.424871
v 2.364936 4.153221 -0.258836
v 2.336584 4.196266 -0.094067
v 2.090819 4.417733 -0.025581
v 1.965598 4.436520 -0.010736
v 1.839778 4.439892 -0.031054
v 2.106213 4.358459 0.053004
v 1.958301 4.378756 0.073672
v 1.810206 4.385158 0.046056
v 2.114084 4.271621 0.121729
v 1.948245 4.294343 0.145300
v 1.782383 4.303047 0.112630
v 1.680731 4.415514 -0.191604
v 1.662437 4.390051 -0.316761
v 1.680731 4.354873 -0.439541
v 1.613168 4.355313 -0.153271
v 1.588619 4.322760 -0.300302
v 1.613168 4.283775 -0.445761
v 1.559883 4.270293 -0.113585
v 1.531555 4.233000 -0.278348
v 1.559883 4.190034 -0.441724
v 1.839778 4.302394 -0.593219
v 1.965598 4.290025 -0.609686
v 2.090819 4.280211 -0.587845
v 1.810206 4.218249 -0.636360
v 1.958301 4.199823 -0.657904
v 2.106213 4.191358 -0.630201
v 1.782383 4.114679 -0.657520
v 1.948245 4.091878 -0.682483
v 2.114084 4.082602 -0.651086
v 1.703137 3.609152 -0.532491
v 1.725264 3.732857 -0.585721
v 1.742038 3.864820 -0.629168
v 1.861751 3.569202 -0.559687
v 1.895497 3.698750 -0.614165
v 1.918759 3.835027 -0.657557
v 2.020365 3.543216 -0.529795
v 2.065731 3.679323 -0.582587
v 2.095481 3.820231 -0.624632
v 2.050588 3.297408 -0.209496
v 2.072651 3.325641 -0.056421
v 2.050588 3.371248 0.092404
v 1.933799 3.197095 -0.171474
v 1.953080 3.220141 -0.030618
v 1.933799 3.264711 0.104974
v 1.804538 3.120253 -0.138841
v 1.820866 3.138195 -0.010575
v 1.804538 3.181481 0.111493
v 1.620364 3.423945 -0.426174
v 1.749063 3.365276 -0.446463
v 1.877763 3.318576 -0.417814
v 1.557824 3.368273 -0.380956
v 1.670295 3.298034 -0.396103
v 1.782766 3.238698 -0.366676
v 1.486145 3.332520 -0.341688
v 1.581391 3.251797 -0.351429
v 1.676637 3.180927 -0.320889
v 1.447538 3.604679 0.017899
v 1.425476 3.580464 -0.118747
v 1.447538 3.538875 -0.251144
v 1.406791 3.554854 0.016596
v 1.387510 3.535827 -0.107830
v 1.406791 3.495276 -0.226992
v 1.358243 3.524086 0.011419
v 1.341915 3.509900 -0.101488
v 1.358243 3.470371 -0.208197
v 1.877763 3.486178 0.267435
v 1.749063 3.540829 0.271295
v 1.620364 3.583510 0.226217
v 1.782766 3.391714 0.258938
v 1.670295 3.457934 0.257656
v 1.557824 3.513252 0.211799
v 1.676637 3.319331 0.244984
v 1.581391 3.396298 0.239366
v 1.486145 3.463412 0.193466
v 1.254713 3.494467 -0.002709
v 1.244935 3.487209 -0.095939
v 1.254713 3.450617 -0.181994
v 1.203899 3.487592 -0.009665
v 1.197695 3.482278 -0.094732
v 1.203899 3.447729 -0.172649
v 1.153623 3.483724 -0.016509
v 1.151115 3.479718 -0.094106
v 1.153623 3.447456 -0.164793
v 1.521961 3.047088 -0.094617
v 1.531738 3.056958 0.009295
v 1.521961 3.096164 0.106031
v 1.373473 3.046377 -0.082355
v 1.379677 3.053508 0.010138
v 1.373473 3.089874 0.095482
v 1.222174 3.060358 -0.074147
v 1.224682 3.065295 0.007256
v 1.222174 3.098488 0.081747
v 1.331302 3.304523 -0.281440
v 1.388337 3.213673 -0.282137
v 1.445371 3.130788 -0.250268
v 1.252497 3.305243 -0.259062
v 1.288686 3.215495 -0.256527
v 1.324876 3.132893 -0.224779
v 1.173269 3.311810 -0.239842
v 1.187899 3.225742 -0.234623
v 1.202528 3.146052 -0.203332
v 1.445371 3.242257 0.205478
v 1.388337 3.330494 0.195493
v 1.331302 3.410767 0.152942
v 1.324876 3.232360 0.181895
v 1.288686 3.320291 0.171933
v 1.252496 3.401076 0.132758
v 1.202528 3.234134 0.156796
v 1.187898 3.319271 0.147772
v 1.173269 3.398031 0.112676
vn 0.9150 -0.3990 -0.0594
vn 0.9564 -0.2759 -0.0955
vn 0.9150 -0.3265 0.2368
vn 0.9564 -0.2007 0.2120
vn 0.7479 -0.5621 -0.3531
vn 0.8012 -0.4480 -0.3966
vn 0.8357 -0.3283 -0.4403
vn 0.8555 -0.1857 -0.4833
vn 0.9821 -0.1311 -0.1350
vn 0.9821 -0.0540 0.1803
vn 0.8555 0.0583 0.5145
vn 0.8357 -0.0880 0.5421
vn 0.8012 -0.2144 0.5586
vn 0.7479 -0.3357 0.5727
vn 0.8556 -0.4474 0.2603
vn 0.8556 -0.5170 -0.0244
vn 0.1145 0.0637 0.9914
vn 0.1431 0.1521 0.9779
vn -0.2304 0.1220 0.9654
vn -0.2044 0.1909 0.9601
vn 0.4468 -0.1568 0.8808
vn 0.4903 -0.0541 0.8699
vn 0.5181 0.0575 0.8534
vn 0.5357 0.1921 0.8223
vn 0.1664 0.2722 0.9478
vn -0.1790 0.3028 0.9361
vn -0.5339 0.2984 0.7912
vn -0.5539 0.1926 0.8100
vn -0.5695 0.1434 0.8094
vn -0.5828 0.1492 0.7988
vn -0.2590 0.0878 0.9619
vn 0.0770 -0.0053 0.9970
vn -0.9857 0.0749 0.1509
vn -0.9848 0.0901 0.1484
vn -0.9857 -0.0032 -0.1685
vn -0.9848 0.0114 -0.1732
vn -0.8596 0.1764 0.4796
vn -0.8606 0.1271 0.4932
vn -0.8565 0.1543 0.4926
vn -0.8447 0.2504 0.4731
vn -0.9755 0.1793 0.1274
vn -0.9755 0.1003 -0.1958
vn -0.8447 0.0037 -0.5352
vn -0.8565 -0.0905 -0.5082
vn -0.8606 -0.1149 -0.4961
vn -0.8596 -0.0648 -0.5069
vn -0.9800 0.0690 -0.1867
vn -0.9800 0.1474 0.1338
vn -0.0036 0.9891 -0.1470
vn 0.1823 0.9728 -0.1430
vn -0.0036 0.9453 -0.3261
vn 0.1823 0.9290 -0.3221
vn -0.1779 0.9837 0.0266
vn -0.0050 0.9986 0.0530
vn 0.1768 0.9826 0.0569
vn 0.3455 0.9377 0.0378
vn 0.3767 0.9170 -0.1315
vn 0.3767 0.8741 -0.3065
vn 0.3455 0.8144 -0.4663
vn 0.1768 0.8454 -0.5040
vn -0.0050 0.8614 -0.5079
vn -0.1779 0.8604 -0.4776
vn -0.2050 0.9253 -0.3190
vn -0.2050 0.9681 -0.1441
vn 0.8078 0.5289 -0.2603
vn 0.8078 0.5893 -0.0132
vn 0.9332 0.2813 -0.2234
vn 0.9332 0.3527 0.0684
vn 0.5601 0.6817 -0.4706
vn 0.6022 0.7456 -0.2854
vn 0.6022 0.7932 -0.0910
vn 0.5601 0.8220 0.1028
vn 0.7076 0.6622 0.2467
vn 0.8108 0.4496 0.3748
vn 0.8534 0.2413 0.4621
vn 0.9821 0.1327 0.1334
vn 0.9821 0.0561 -0.1796
vn 0.8534 0.0007 -0.5213
vn 0.8108 0.2258 -0.5400
vn 0.7076 0.4735 -0.5245
vn 0.1885 0.8021 0.5666
vn -0.0685 0.8259 0.5596
vn 0.1923 0.6206 0.7602
vn -0.1131 0.6496 0.7518
vn 0.3725 0.8848 0.2800
vn 0.1777 0.9343 0.3091
vn -0.0247 0.9522 0.3044
vn -0.2233 0.9378 0.2660
vn -0.3391 0.8226 0.4565
vn -0.4348 0.6505 0.6227
vn -0.4972 0.4662 0.7317
vn -0.1493 0.4668 0.8717
vn 0.1843 0.4361 0.8808
vn 0.5395 0.3642 0.7591
vn 0.5181 0.5571 0.6489
vn 0.4606 0.7478 0.4782
vn -0.6793 0.7322 -0.0491
vn -0.6793 0.6722 -0.2944
vn -0.8419 0.5393 0.0220
vn -0.8419 0.4682 -0.2684
vn -0.4098 0.9086 0.0811
vn -0.4478 0.8869 -0.1140
vn -0.4478 0.8394 -0.3082
vn -0.4098 0.7686 -0.4913
vn -0.5819 0.5975 -0.5517
vn -0.7217 0.3839 -0.5761
vn -0.8051 0.1774 -0.5661
vn -0.9345 0.2692 -0.2331
vn -0.9345 0.3464 0.0825
vn -0.8051 0.4186 0.4203
vn -0.7217 0.6064 0.3338
vn -0.5819 0.7847 0.2136
vn -0.0685 0.4744 -0.8777
vn 0.1885 0.4501 -0.8729
vn -0.1131 0.2293 -0.9668
vn 0.1923 0.1996 -0.9608
vn -0.2233 0.7091 -0.6688
vn -0.0247 0.7043 -0.7095
vn 0.1777 0.6862 -0.7054
vn 0.3725 0.6557 -0.6568
vn 0.4606 0.4427 -0.7693
vn 0.5181 0.1947 -0.8328
vn 0.5395 -0.0273 -0.8415
vn 0.1843 -0.0197 -0.9827
vn -0.1493 0.0118 -0.9887
vn -0.4972 0.0758 -0.8643
vn -0.4348 0.2897 -0.8526
vn -0.3391 0.5190 -0.7846
vn -0.2304 -0.3374 -0.9127
vn -0.2044 -0.2738 -0.9398
vn 0.1145 -0.4011 -0.9089
vn 0.1431 -0.3164 -0.9378
vn -0.5828 -0.2363 -0.7775
vn -0.5695 -0.2463 -0.7842
vn -0.5539 -0.2030 -0.8075
vn -0.5339 -0.1005 -0.8395
vn -0.1790 -0.1635 -0.9702
vn 0.1664 -0.1960 -0.9664
vn 0.5357 -0.2091 -0.8181
vn 0.5181 -0.3429 -0.7836
vn 0.4902 -0.4495 -0.7467
vn 0.4468 -0.5456 -0.7090
vn 0.0770 -0.4649 -0.8820
vn -0.2590 -0.3661 -0.8938
vn 0.6620 -0.7486 0.0375
vn 0.6620 -0.6814 0.3123
vn 0.5269 -0.8479 0.0594
vn 0.5269 -0.7796 0.3386
vn 0.6663 -0.6771 -0.3124
vn 0.7709 -0.6369 0.0093
vn 0.7709 -0.5692 0.2857
vn 0.6663 -0.4565 0.5896
vn 0.5576 -0.5615 0.6113
vn 0.4242 -0.6445 0.6361
vn 0.2680 -0.7036 0.6581
vn 0.3607 -0.8597 0.3617
vn 0.3607 -0.9296 0.0759
vn 0.2680 -0.9279 -0.2591
vn 0.4242 -0.8654 -0.2668
vn 0.5576 -0.7803 -0.2831
vn -0.3100 -0.3354 -0.8896
vn -0.0346 -0.5395 -0.8413
vn -0.3210 -0.2932 -0.9005
vn -0.0984 -0.5415 -0.8349
vn -0.5825 -0.1624 -0.7964
vn -0.2870 -0.3616 -0.8871
vn 0.0269 -0.5125 -0.8582
vn 0.3784 -0.6363 -0.6722
vn 0.2852 -0.7084 -0.6456
vn 0.1756 -0.7542 -0.6328
vn 0.0607 -0.7739 -0.6304
vn -0.1529 -0.5220 -0.8391
vn -0.3144 -0.2416 -0.9180
vn -0.4134 0.1373 -0.9001
vn -0.4939 0.0526 -0.8679
vn -0.5545 -0.0556 -0.8303
vn -0.7674 0.6410 0.0154
vn -0.7674 0.5616 -0.3095
vn -0.5158 0.8556 -0.0423
vn -0.5158 0.7786 -0.3574
vn -0.8282 0.3385 0.4466
vn -0.9293 0.3594 0.0848
vn -0.9293 0.2797 -0.2411
vn -0.8282 0.0941 -0.5524
vn -0.7267 0.3119 -0.6120
vn -0.5579 0.5028 -0.6603
vn -0.3906 0.6076 -0.6916
vn -0.3039 0.8735 -0.3803
vn -0.3039 0.9504 -0.0658
vn -0.3906 0.8582 0.3331
vn -0.5579 0.7508 0.3537
vn -0.7267 0.5592 0.3990
vn -0.0346 -0.0903 0.9953
vn -0.3100 0.1131 0.9440
vn -0.0984 -0.0951 0.9906
vn -0.3210 0.1555 0.9342
vn 0.3784 -0.2542 0.8900
vn 0.0269 -0.0585 0.9979
vn -0.2870 0.0887 0.9538
vn -0.5825 0.2235 0.7815
vn -0.5545 0.3340 0.7622
vn -0.4939 0.4472 0.7457
vn -0.4134 0.5372 0.7352
vn -0.3144 0.2094 0.9259
vn -0.1529 -0.0758 0.9853
vn 0.0607 -0.3956 0.9164
vn 0.1756 -0.3770 0.9094
vn 0.2852 -0.3305 0.8997
vn -0.1159 0.9915 -0.0595
vn -0.1159 0.9070 -0.4048
vn -0.0627 0.9966 -0.0537
vn -0.0627 0.9089 -0.4123
vn -0.2767 0.9001 0.3366
vn -0.1917 0.9793 -0.0647
vn -0.1917 0.8986 -0.3947
vn -0.2767 0.6431 -0.7140
vn -0.1912 0.6569 -0.7293
vn -0.1315 0.6592 -0.7404
vn -0.1021 0.6534 -0.7501
vn -0.0356 0.9073 -0.4190
vn -0.0356 0.9983 -0.0470
vn -0.1021 0.9259 0.3638
vn -0.1315 0.9265 0.3525
vn -0.1912 0.9194 0.3437
vn 0.0175 -0.9962 0.0848
vn 0.0175 -0.9229 0.3846
vn -0.0823 -0.9939 0.0731
vn -0.0823 -0.9155 0.3939
vn 0.1007 -0.9614 -0.2562
vn 0.1722 -0.9813 0.0861
vn 0.1722 -0.9102 0.3766
vn 0.1007 -0.7346 0.6710
vn -0.0332 -0.7305 0.6821
vn -0.1186 -0.7019 0.7023
vn -0.1586 -0.6585 0.7357
vn -0.1302 -0.9027 0.4100
vn -0.1302 -0.9901 0.0529
vn -0.1586 -0.9237 -0.3487
vn -0.1186 -0.9469 -0.2990
vn -0.0332 -0.9629 -0.2680
vn -0.2589 -0.1434 -0.9552
vn -0.2094 -0.4514 -0.8674
vn -0.2311 -0.1094 -0.9668
vn -0.2152 -0.4114 -0.8857
vn -0.3328 0.1937 -0.9229
vn -0.2903 -0.1886 -0.9382
vn -0.1901 -0.4895 -0.8510
vn -0.0470 -0.7718 -0.6341
vn -0.1272 -0.7495 -0.6497
vn -0.1747 -0.7129 -0.6792
vn -0.1938 -0.6672 -0.7192
vn -0.2136 -0.3710 -0.9037
vn -0.2141 -0.0842 -0.9732
vn -0.1813 0.2559 -0.9495
vn -0.2085 0.2497 -0.9456
vn -0.2612 0.2306 -0.9373
vn -0.2094 -0.0001 0.9778
vn -0.2589 0.3137 0.9135
vn -0.2152 0.0438 0.9756
vn -0.2311 0.3491 0.9081
vn -0.0470 -0.3920 0.9188
vn -0.1901 -0.0415 0.9809
vn -0.2903 0.2658 0.9193
vn -0.3328 0.5978 0.7293
vn -0.2612 0.6372 0.7251
vn -0.2085 0.6580 0.7236
vn -0.1813 0.6653 0.7242
vn -0.2141 0.3745 0.9022
vn -0.2136 0.0880 0.9730
vn -0.1938 -0.2599 0.9460
vn -0.1747 -0.3189 0.9316
vn -0.1272 -0.3650 0.9223
vt 0.269777 0.164587
vt 0.269777 0.188360
vt 0.238179 0.188360
vt 0.238179 0.164587
vt 0.269777 0.212303
vt 0.238179 0.212303
vt 0.206581 0.188360
vt 0.206581 0.164587
vt 0.206581 0.212303
vt 0.297836 0.142511
vt 0.297836 0.164587
vt 0.269777 0.142511
vt 0.297836 0.188360
vt 0.297836 0.212303
vt 0.297836 0.234951
vt 0.269777 0.234951
vt 0.238179 0.234951
vt 0.206581 0.234951
vt 0.178522 0.234951
vt 0.178522 0.212303
vt 0.178522 0.188360
vt 0.178522 0.164587
vt 0.206581 0.142511
vt 0.178522 0.142511
vt 0.238179 0.142511
vt 0.155427 0.164587
vt 0.155427 0.188360
vt 0.133610 0.188360
vt 0.133610 0.164587
vt 0.155427 0.212303
vt 0.133610 0.212303
vt 0.111374 0.188360
vt 0.111374 0.164587
vt 0.111374 0.212303
vt 0.155427 0.142511
vt 0.155427 0.234951
vt 0.133610 0.234951
vt 0.111374 0.234951
vt 0.087754 0.234951
vt 0.087754 0.212303
vt 0.087754 0.188360
vt 0.087754 0.164587
vt 0.111374 0.142511
vt 0.087754 0.142511
vt 0.133610 0.142511
vt 0.479858 0.164587
vt 0.479858 0.188360
vt 0.448260 0.188360
vt 0.448260 0.164587
vt 0.479858 0.212303
vt 0.448260 0.212303
vt 0.416662 0.188360
vt 0.416662 0.164587
vt 0.416662 0.212303
vt 0.507917 0.142511
vt 0.507917 0.164587
vt 0.479858 0.142511
vt 0.507917 0.188360
vt 0.507917 0.212303
vt 0.507917 0.234951
vt 0.479858 0.234951
vt 0.448260 0.234951
vt 0.416662 0.234951
vt 0.388603 0.234951
vt 0.388603 0.212303
vt 0.388603 0.188360
vt 0.388603 0.164587
vt 0.416662 0.142511
vt 0.388603 0.142511
vt 0.448260 0.142511
vt 0.423740 0.414479
vt 0.404820 0.414879
vt 0.405393 0.384391
vt 0.424807 0.384756
vt 0.385928 0.413769
vt 0.385979 0.384027
vt 0.405965 0.353903
vt 0.424857 0.355013
vt 0.387045 0.354303
vt 0.438118 0.437201
vt 0.423727 0.442224
vt 0.442037 0.415421
vt 0.404267 0.444340
vt 0.384900 0.441495
vt 0.370707 0.435934
vt 0.367609 0.414023
vt 0.366554 0.383662
vt 0.368748 0.353362
vt 0.372667 0.331582
vt 0.387058 0.326558
vt 0.406519 0.324442
vt 0.425886 0.327287
vt 0.443177 0.354760
vt 0.440078 0.332848
vt 0.444232 0.385121
vt 0.269777 0.289181
vt 0.238179 0.289181
vt 0.238179 0.273276
vt 0.269777 0.273276
vt 0.206581 0.289181
vt 0.206581 0.273276
vt 0.238179 0.255300
vt 0.269777 0.255300
vt 0.206581 0.255300
vt 0.297836 0.303416
vt 0.269777 0.303416
vt 0.297836 0.289181
vt 0.238179 0.303416
vt 0.206581 0.303416
vt 0.178522 0.303416
vt 0.178522 0.289181
vt 0.178522 0.273276
vt 0.178522 0.255300
vt 0.297836 0.255300
vt 0.297836 0.273276
vt 0.155427 0.289181
vt 0.133610 0.289181
vt 0.133610 0.273276
vt 0.155427 0.273276
vt 0.111374 0.289181
vt 0.111374 0.273276
vt 0.133610 0.255300
vt 0.155427 0.255300
vt 0.111374 0.255300
vt 0.155427 0.303416
vt 0.133610 0.303416
vt 0.111374 0.303416
vt 0.087754 0.303416
vt 0.087754 0.289181
vt 0.087754 0.273276
vt 0.087754 0.255300
vt 0.479858 0.289181
vt 0.448260 0.289181
vt 0.448260 0.273276
vt 0.479858 0.273276
vt 0.416662 0.289181
vt 0.416662 0.273276
vt 0.448260 0.255300
vt 0.479858 0.255300
vt 0.416662 0.255300
vt 0.507917 0.303416
vt 0.479858 0.303416
vt 0.507917 0.289181
vt 0.448260 0.303416
vt 0.416662 0.303416
vt 0.388603 0.303416
vt 0.388603 0.289181
vt 0.388603 0.273276
vt 0.388603 0.255300
vt 0.507917 0.255300
vt 0.507917 0.273276
vt 0.364983 0.289181
vt 0.342747 0.289181
vt 0.342747 0.273276
vt 0.364983 0.273276
vt 0.320930 0.289181
vt 0.320930 0.273276
vt 0.342747 0.255300
vt 0.364983 0.255300
vt 0.320930 0.255300
vt 0.364983 0.303416
vt 0.342747 0.303416
vt 0.320930 0.303416
vt 0.320930 0.234951
vt 0.342747 0.234951
vt 0.364983 0.234951
vt 0.364983 0.164587
vt 0.364983 0.188360
vt 0.342747 0.188360
vt 0.342747 0.164587
vt 0.364983 0.212303
vt 0.342747 0.212303
vt 0.320930 0.188360
vt 0.320930 0.164587
vt 0.320930 0.212303
vt 0.364983 0.142511
vt 0.320930 0.142511
vt 0.342747 0.142511
vt 0.269777 0.123195
vt 0.238179 0.123195
vt 0.238179 0.106311
vt 0.269777 0.106311
vt 0.206581 0.123195
vt 0.206581 0.106311
vt 0.238179 0.091258
vt 0.269777 0.091258
vt 0.206581 0.091258
vt 0.297836 0.123195
vt 0.178522 0.123195
vt 0.178522 0.106311
vt 0.178522 0.091258
vt 0.178522 0.077571
vt 0.206581 0.077571
vt 0.238179 0.077571
vt 0.269777 0.077571
vt 0.297836 0.091258
vt 0.297836 0.077571
vt 0.297836 0.106311
vt 0.364983 0.123195
vt 0.342747 0.123195
vt 0.342747 0.106311
vt 0.364983 0.106311
vt 0.320930 0.123195
vt 0.320930 0.106311
vt 0.342747 0.091258
vt 0.364983 0.091258
vt 0.320930 0.091258
vt 0.388603 0.123195
vt 0.320930 0.077571
vt 0.342747 0.077571
vt 0.364983 0.077571
vt 0.388603 0.091258
vt 0.388603 0.077571
vt 0.388603 0.106311
vt 0.479858 0.123195
vt 0.448260 0.123195
vt 0.448260 0.106311
vt 0.479858 0.106311
vt 0.416662 0.123195
vt 0.416662 0.106311
vt 0.448260 0.091258
vt 0.479858 0.091258
vt 0.416662 0.091258
vt 0.507917 0.123195
vt 0.416662 0.077571
vt 0.448260 0.077571
vt 0.479858 0.077571
vt 0.507917 0.091258
vt 0.507917 0.077571
vt 0.507917 0.106311
vt 0.155427 0.123195
vt 0.133610 0.123195
vt 0.133610 0.106311
vt 0.155427 0.106311
vt 0.111374 0.123195
vt 0.111374 0.106311
vt 0.133610 0.091258
vt 0.155427 0.091258
vt 0.111374 0.091258
vt 0.087754 0.123195
vt 0.087754 0.106311
vt 0.087754 0.091258
vt 0.087754 0.077571
vt 0.111374 0.077571
vt 0.133610 0.077571
vt 0.155427 0.077571
vt 0.479858 0.064841
vt 0.448260 0.064841
vt 0.448260 0.052463
vt 0.479858 0.052463
vt 0.416662 0.064841
vt 0.416662 0.052463
vt 0.448260 0.040087
vt 0.479858 0.040087
vt 0.416662 0.040087
vt 0.507917 0.064841
vt 0.388603 0.064841
vt 0.388603 0.052463
vt 0.388603 0.040087
vt 0.388603 0.027640
vt 0.416662 0.027640
vt 0.448260 0.027640
vt 0.479858 0.027640
vt 0.507917 0.040087
vt 0.507917 0.027640
vt 0.507917 0.052463
vt 0.269777 0.064841
vt 0.238179 0.064841
vt 0.238179 0.052463
vt 0.269777 0.052463
vt 0.206581 0.064841
vt 0.206581 0.052463
vt 0.238179 0.040087
vt 0.269777 0.040087
vt 0.206581 0.040087
vt 0.297836 0.064841
vt 0.178522 0.064841
vt 0.178522 0.052463
vt 0.178522 0.040087
vt 0.178522 0.027640
vt 0.206581 0.027640
vt 0.238179 0.027640
vt 0.269777 0.027640
vt 0.297836 0.040087
vt 0.297836 0.027640
vt 0.297836 0.052463
vt 0.364983 0.064841
vt 0.342747 0.064841
vt 0.342747 0.052463
vt 0.364983 0.052463
vt 0.320930 0.064841
vt 0.320930 0.052463
vt 0.342747 0.040087
vt 0.364983 0.040087
vt 0.320930 0.040087
vt 0.320930 0.027640
vt 0.342747 0.027640
vt 0.364983 0.027640
vt 0.155427 0.064841
vt 0.133610 0.064841
vt 0.133610 0.052463
vt 0.155427 0.052463
vt 0.111374 0.064841
vt 0.111374 0.052463
vt 0.133610 0.040087
vt 0.155427 0.040087
vt 0.111374 0.040087
vt 0.087754 0.064841
vt 0.087754 0.052463
vt 0.087754 0.040087
vt 0.087754 0.027640
vt 0.111374 0.027640
vt 0.133610 0.027640
vt 0.155427 0.027640
s 0
f 741/723/531 742/724/531 745/725/531 744/726/531
f 742/724/532 743/727/532 746/728/532 745/725/532
f 744/726/533 745/725/533 748/729/533 747/730/533
f 745/725/534 746/728/534 749/731/534 748/729/534
f 613/732/535 657/733/535 741/723/535 635/734/535
f 657/733/536 658/735/536 742/724/536 741/723/536
f 658/735/537 659/736/537 743/727/537 742/724/537
f 659/736/538 621/737/538 636/738/538 743/727/538
f 743/727/539 636/738/539 637/739/539 746/728/539
f 746/728/540 637/739/540 638/740/540 749/731/540
f 749/731/541 638/740/541 622/741/541 660/742/541
f 748/729/542 749/731/542 660/742/542 661/743/542
f 747/730/543 748/729/543 661/743/543 662/744/543
f 633/745/544 747/730/544 662/744/544 615/746/544
f 634/747/545 744/726/545 747/730/545 633/745/545
f 635/734/546 741/723/546 744/726/546 634/747/546
f 750/748/547 751/749/547 754/750/547 753/751/547
f 751/749/548 752/752/548 755/753/548 754/750/548
f 753/751/549 754/750/549 757/754/549 756/755/549
f 754/750/550 755/753/550 758/756/550 757/754/550
f 615/746/551 662/744/551 750/748/551 641/757/551
f 662/744/552 661/743/552 751/749/552 750/748/552
f 661/743/553 660/742/553 752/752/553 751/749/553
f 660/742/554 622/741/554 642/758/554 752/752/554
f 752/752/555 642/758/555 643/759/555 755/753/555
f 755/753/556 643/759/556 644/760/556 758/756/556
f 758/756/557 644/760/557 623/761/557 663/762/557
f 757/754/558 758/756/558 663/762/558 664/763/558
f 756/755/559 757/754/559 664/763/559 665/764/559
f 639/765/560 756/755/560 665/764/560 619/766/560
f 640/767/561 753/751/561 756/755/561 639/765/561
f 641/757/562 750/748/562 753/751/562 640/767/562
f 759/768/563 760/769/563 763/770/563 762/771/563
f 760/769/564 761/772/564 764/773/564 763/770/564
f 762/771/565 763/770/565 766/774/565 765/775/565
f 763/770/566 764/773/566 767/776/566 766/774/566
f 619/777/567 665/778/567 759/768/567 647/779/567
f 665/778/568 664/780/568 760/769/568 759/768/568
f 664/780/569 663/781/569 761/772/569 760/769/569
f 663/781/570 623/782/570 648/783/570 761/772/570
f 761/772/571 648/783/571 649/784/571 764/773/571
f 764/773/572 649/784/572 650/785/572 767/776/572
f 767/776/573 650/785/573 624/786/573 666/787/573
f 766/774/574 767/776/574 666/787/574 667/788/574
f 765/775/575 766/774/575 667/788/575 668/789/575
f 645/790/576 765/775/576 668/789/576 617/791/576
f 646/792/577 762/771/577 765/775/577 645/790/577
f 647/779/578 759/768/578 762/771/578 646/792/578
f 768/793/579 769/794/579 772/795/579 771/796/579
f 769/794/580 770/797/580 773/798/580 772/795/580
f 771/796/581 772/795/581 775/799/581 774/800/581
f 772/795/582 773/798/582 776/801/582 775/799/582
f 620/802/583 674/803/583 768/793/583 675/804/583
f 674/803/584 673/805/584 769/794/584 768/793/584
f 673/805/585 672/806/585 770/797/585 769/794/585
f 672/806/586 616/807/586 671/808/586 770/797/586
f 770/797/587 671/808/587 670/809/587 773/798/587
f 773/798/588 670/809/588 669/810/588 776/801/588
f 776/801/589 669/810/589 614/811/589 680/812/589
f 775/799/590 776/801/590 680/812/590 679/813/590
f 774/800/591 775/799/591 679/813/591 678/814/591
f 677/815/592 774/800/592 678/814/592 618/816/592
f 676/817/593 771/796/593 774/800/593 677/815/593
f 675/804/594 768/793/594 771/796/594 676/817/594
f 777/818/595 778/819/595 781/820/595 780/821/595
f 778/819/596 779/822/596 782/823/596 781/820/596
f 780/821/597 781/820/597 784/824/597 783/825/597
f 781/820/598 782/823/598 785/826/598 784/824/598
f 614/827/599 669/828/599 777/818/599 683/829/599
f 669/828/600 670/830/600 778/819/600 777/818/600
f 670/830/601 671/831/601 779/822/601 778/819/601
f 671/831/602 616/832/602 684/833/602 779/822/602
f 779/822/603 684/833/603 685/834/603 782/823/603
f 782/823/604 685/834/604 686/835/604 785/826/604
f 785/826/605 686/835/605 622/741/605 638/740/605
f 784/824/606 785/826/606 638/740/606 637/739/606
f 783/825/607 784/824/607 637/739/607 636/738/607
f 681/836/608 783/825/608 636/738/608 621/737/608
f 682/837/609 780/821/609 783/825/609 681/836/609
f 683/829/610 777/818/610 780/821/610 682/837/610
f 786/838/611 787/839/611 790/840/611 789/841/611
f 787/839/612 788/842/612 791/843/612 790/840/612
f 789/841/613 790/840/613 793/844/613 792/845/613
f 790/840/614 791/843/614 794/846/614 793/844/614
f 616/832/615 672/847/615 786/838/615 684/833/615
f 672/847/616 673/848/616 787/839/616 786/838/616
f 673/848/617 674/849/617 788/842/617 787/839/617
f 674/849/618 620/850/618 687/851/618 788/842/618
f 788/842/619 687/851/619 688/852/619 791/843/619
f 791/843/620 688/852/620 689/853/620 794/846/620
f 794/846/621 689/853/621 623/761/621 644/760/621
f 793/844/622 794/846/622 644/760/622 643/759/622
f 792/845/623 793/844/623 643/759/623 642/758/623
f 686/835/624 792/845/624 642/758/624 622/741/624
f 685/834/625 789/841/625 792/845/625 686/835/625
f 684/833/626 786/838/626 789/841/626 685/834/626
f 795/854/627 796/855/627 799/856/627 798/857/627
f 796/855/628 797/858/628 800/859/628 799/856/628
f 798/857/629 799/856/629 802/860/629 801/861/629
f 799/856/630 800/859/630 803/862/630 802/860/630
f 620/863/631 675/864/631 795/854/631 687/865/631
f 675/864/632 676/866/632 796/855/632 795/854/632
f 676/866/633 677/867/633 797/858/633 796/855/633
f 677/867/634 618/868/634 690/869/634 797/858/634
f 797/858/635 690/869/635 691/870/635 800/859/635
f 800/859/636 691/870/636 692/871/636 803/862/636
f 803/862/637 692/871/637 624/786/637 650/785/637
f 802/860/638 803/862/638 650/785/638 649/784/638
f 801/861/639 802/860/639 649/784/639 648/783/639
f 689/872/640 801/861/640 648/783/640 623/782/640
f 688/873/641 798/857/641 801/861/641 689/872/641
f 687/865/642 795/854/642 798/857/642 688/873/642
f 804/874/643 805/875/643 808/876/643 807/877/643
f 805/875/644 806/878/644 809/879/644 808/876/644
f 807/877/645 808/876/645 811/880/645 810/881/645
f 808/876/646 809/879/646 812/882/646 811/880/646
f 618/868/647 678/883/647 804/874/647 690/869/647
f 678/883/648 679/884/648 805/875/648 804/874/648
f 679/884/649 680/885/649 806/878/649 805/875/649
f 680/885/650 614/827/650 683/829/650 806/878/650
f 806/878/651 683/829/651 682/837/651 809/879/651
f 809/879/652 682/837/652 681/836/652 812/882/652
f 812/882/653 681/836/653 621/737/653 656/886/653
f 811/880/654 812/882/654 656/886/654 655/887/654
f 810/881/655 811/880/655 655/887/655 654/888/655
f 692/871/656 810/881/656 654/888/656 624/786/656
f 691/870/657 807/877/657 810/881/657 692/871/657
f 690/869/658 804/874/658 807/877/658 691/870/658
f 813/889/659 814/890/659 817/891/659 816/892/659
f 814/890/660 815/893/660 818/894/660 817/891/660
f 816/892/661 817/891/661 820/895/661 819/896/661
f 817/891/662 818/894/662 821/897/662 820/895/662
f 617/791/663 668/789/663 813/889/663 653/898/663
f 668/789/664 667/788/664 814/890/664 813/889/664
f 667/788/665 666/787/665 815/893/665 814/890/665
f 666/787/666 624/786/666 654/888/666 815/893/666
f 815/893/667 654/888/667 655/887/667 818/894/667
f 818/894/668 655/887/668 656/886/668 821/897/668
f 821/897/669 656/886/669 621/737/669 659/736/669
f 820/895/670 821/897/670 659/736/670 658/735/670
f 819/896/671 820/895/671 658/735/671 657/733/671
f 651/899/672 819/896/672 657/733/672 613/732/672
f 652/900/673 816/892/673 819/896/673 651/899/673
f 653/898/674 813/889/674 816/892/674 652/900/674
f 822/901/675 823/902/675 826/903/675 825/904/675
f 823/902/676 824/905/676 827/906/676 826/903/676
f 825/904/677 826/903/677 829/907/677 828/908/677
f 826/903/678 827/906/678 830/909/678 829/907/678
f 613/732/679 635/734/679 822/901/679 707/910/679
f 635/734/680 634/747/680 823/902/680 822/901/680
f 634/747/681 633/745/681 824/905/681 823/902/681
f 633/745/682 615/746/682 708/911/682 824/905/682
f 824/905/683 708/911/683 709/912/683 827/906/683
f 827/906/684 709/912/684 710/913/684 830/909/684
f 830/909/685 710/913/685 626/914/685 693/915/685
f 829/907/686 830/909/686 693/915/686 694/916/686
f 828/908/687 829/907/687 694/916/687 695/917/687
f 705/918/688 828/908/688 695/917/688 625/919/688
f 706/920/689 825/904/689 828/908/689 705/918/689
f 707/910/690 822/901/690 825/904/690 706/920/690
f 831/921/691 832/922/691 835/923/691 834/924/691
f 832/922/692 833/925/692 836/926/692 835/923/692
f 834/924/693 835/923/693 838/927/693 837/928/693
f 835/923/694 836/926/694 839/929/694 838/927/694
f 617/791/695 653/898/695 831/921/695 713/930/695
f 653/898/696 652/900/696 832/922/696 831/921/696
f 652/900/697 651/899/697 833/925/697 832/922/697
f 651/899/698 613/732/698 707/910/698 833/925/698
f 833/925/699 707/910/699 706/920/699 836/926/699
f 836/926/700 706/920/700 705/918/700 839/929/700
f 839/929/701 705/918/701 625/919/701 702/931/701
f 838/927/702 839/929/702 702/931/702 703/932/702
f 837/928/703 838/927/703 703/932/703 704/933/703
f 711/934/704 837/928/704 704/933/704 627/935/704
f 712/936/705 834/924/705 837/928/705 711/934/705
f 713/930/706 831/921/706 834/924/706 712/936/706
f 840/937/707 841/938/707 844/939/707 843/940/707
f 841/938/708 842/941/708 845/942/708 844/939/708
f 843/940/709 844/939/709 847/943/709 846/944/709
f 844/939/710 845/942/710 848/945/710 847/943/710
f 619/777/711 647/779/711 840/937/711 716/946/711
f 647/779/712 646/792/712 841/938/712 840/937/712
f 646/792/713 645/790/713 842/941/713 841/938/713
f 645/790/714 617/791/714 713/930/714 842/941/714
f 842/941/715 713/930/715 712/936/715 845/942/715
f 845/942/716 712/936/716 711/934/716 848/945/716
f 848/945/717 711/934/717 627/935/717 699/947/717
f 847/943/718 848/945/718 699/947/718 700/948/718
f 846/944/719 847/943/719 700/948/719 701/949/719
f 714/950/720 846/944/720 701/949/720 628/951/720
f 715/952/721 843/940/721 846/944/721 714/950/721
f 716/946/722 840/937/722 843/940/722 715/952/722
f 849/953/723 850/954/723 853/955/723 852/956/723
f 850/954/724 851/957/724 854/958/724 853/955/724
f 852/956/725 853/955/725 856/959/725 855/960/725
f 853/955/726 854/958/726 857/961/726 856/959/726
f 615/746/727 641/757/727 849/953/727 708/911/727
f 641/757/728 640/767/728 850/954/728 849/953/728
f 640/767/729 639/765/729 851/957/729 850/954/729
f 639/765/730 619/766/730 716/962/730 851/957/730
f 851/957/731 716/962/731 715/963/731 854/958/731
f 854/958/732 715/963/732 714/964/732 857/961/732
f 857/961/733 714/964/733 628/965/733 696/966/733
f 856/959/734 857/961/734 696/966/734 697/967/734
f 855/960/735 856/959/735 697/967/735 698/968/735
f 710/913/736 855/960/736 698/968/736 626/914/736
f 709/912/737 852/956/737 855/960/737 710/913/737
f 708/911/738 849/953/738 852/956/738 709/912/738
f 858/969/739 859/970/739 862/971/739 861/972/739
f 859/970/740 860/973/740 863/974/740 862/971/740
f 861/972/741 862/971/741 865/975/741 864/976/741
f 862/971/742 863/974/742 866/977/742 865/975/742
f 628/951/743 701/949/743 858/969/743 731/978/743
f 701/949/744 700/948/744 859/970/744 858/969/744
f 700/948/745 699/947/745 860/973/745 859/970/745
f 699/947/746 627/935/746 732/979/746 860/973/746
f 860/973/747 732/979/747 733/980/747 863/974/747
f 863/974/748 733/980/748 734/981/748 866/977/748
f 866/977/749 734/981/749 631/982/749 723/983/749
f 865/975/750 866/977/750 723/983/750 724/984/750
f 864/976/751 865/975/751 724/984/751 725/985/751
f 729/986/752 864/976/752 725/985/752 632/987/752
f 730/988/753 861/972/753 864/976/753 729/986/753
f 731/978/754 858/969/754 861/972/754 730/988/754
f 867/989/755 868/990/755 871/991/755 870/992/755
f 868/990/756 869/993/756 872/994/756 871/991/756
f 870/992/757 871/991/757 874/995/757 873/996/757
f 871/991/758 872/994/758 875/997/758 874/995/758
f 625/919/759 695/917/759 867/989/759 737/998/759
f 695/917/760 694/916/760 868/990/760 867/989/760
f 694/916/761 693/915/761 869/993/761 868/990/761
f 693/915/762 626/914/762 738/999/762 869/993/762
f 869/993/763 738/999/763 739/1000/763 872/994/763
f 872/994/764 739/1000/764 740/1001/764 875/997/764
f 875/997/765 740/1001/765 630/1002/765 717/1003/765
f 874/995/766 875/997/766 717/1003/766 718/1004/766
f 873/996/767 874/995/767 718/1004/767 719/1005/767
f 735/1006/768 873/996/768 719/1005/768 629/1007/768
f 736/1008/769 870/992/769 873/996/769 735/1006/769
f 737/998/770 867/989/770 870/992/770 736/1008/770
f 876/1009/771 877/1010/771 880/1011/771 879/1012/771
f 877/1010/772 878/1013/772 881/1014/772 880/1011/772
f 879/1012/773 880/1011/773 883/1015/773 882/1016/773
f 880/1011/774 881/1014/774 884/1017/774 883/1015/774
f 627/935/775 704/933/775 876/1009/775 732/979/775
f 704/933/776 703/932/776 877/1010/776 876/1009/776
f 703/932/777 702/931/777 878/1013/777 877/1010/777
f 702/931/778 625/919/778 737/998/778 878/1013/778
f 878/1013/779 737/998/779 736/1008/779 881/1014/779
f 881/1014/780 736/1008/780 735/1006/780 884/1017/780
f 884/1017/781 735/1006/781 629/1007/781 726/1018/781
f 883/1015/782 884/1017/782 726/1018/782 727/1019/782
f 882/1016/783 883/1015/783 727/1019/783 728/1020/783
f 734/981/784 882/1016/784 728/1020/784 631/982/784
f 733/980/785 879/1012/785 882/1016/785 734/981/785
f 732/979/786 876/1009/786 879/1012/786 733/980/786
f 885/1021/787 886/1022/787 889/1023/787 888/1024/787
f 886/1022/788 887/1025/788 890/1026/788 889/1023/788
f 888/1024/789 889/1023/789 892/1027/789 891/1028/789
f 889/1023/790 890/1026/790 893/1029/790 892/1027/790
f 626/914/791 698/968/791 885/1021/791 738/999/791
f 698/968/792 697/967/792 886/1022/792 885/1021/792
f 697/967/793 696/966/793 887/1025/793 886/1022/793
f 696/966/794 628/965/794 731/1030/794 887/1025/794
f 887/1025/795 731/1030/795 730/1031/795 890/1026/795
f 890/1026/796 730/1031/796 729/1032/796 893/1029/796
f 893/1029/797 729/1032/797 632/1033/797 720/1034/797
f 892/1027/798 893/1029/798 720/1034/798 721/1035/798
f 891/1028/799 892/1027/799 721/1035/799 722/1036/799
f 740/1001/800 891/1028/800 722/1036/800 630/1002/800
f 739/1000/801 888/1024/801 891/1028/801 740/1001/801
f 738/999/802 885/1021/802 888/1024/802 739/1000/802
o Cube.042
v -0.253798 5.555832 -0.048411
v -0.293661 5.538030 -0.149552
v -0.688987 5.411311 0.148552
v -0.728850 5.393508 0.047412
v -0.388885 5.517840 0.024080
v -0.549555 5.464483 0.096799
v -0.519036 5.285175 0.114676
v -0.301917 5.357278 0.016410
v -0.437095 5.496310 -0.098236
v -0.597765 5.442954 -0.025518
v -0.566146 5.264136 -0.004850
v -0.349027 5.336239 -0.103116
v -0.398594 5.822840 -0.129849
v -0.377652 5.832192 -0.076717
v -0.425038 5.816455 -0.055270
v -0.445979 5.807103 -0.108402
v -0.786282 5.705251 0.106684
v -0.807223 5.695898 0.053552
v -0.738896 5.720987 0.085238
v -0.759838 5.711635 0.032106
v -0.556723 5.777058 0.003567
v -0.607182 5.760301 0.026404
v -0.577665 5.767705 -0.049565
v -0.628123 5.750948 -0.026728
v -0.345141 5.709587 -0.152694
v -0.309773 5.725382 -0.062958
v -0.404117 5.691065 -0.019733
v -0.439485 5.675270 -0.109469
v -0.756086 5.579113 0.138698
v -0.791455 5.563318 0.048962
v -0.659873 5.608078 0.095678
v -0.695241 5.592283 0.005942
v -0.488382 5.663298 0.018367
v -0.575133 5.634489 0.057630
v -0.523751 5.647503 -0.071369
v -0.610502 5.618694 -0.032106
v -0.254456 5.551929 -0.107458
v -0.727314 5.394898 0.106555
v -0.627110 5.434150 0.144019
v -0.253051 5.451046 -0.024430
v -0.682838 5.409263 0.002628
v -0.296789 5.431513 -0.135402
v -0.300676 5.542555 -0.003722
v -0.457618 5.473823 0.073352
v -0.619950 5.329204 0.141626
v -0.401365 5.297149 0.068008
v -0.356403 5.517668 -0.145114
v -0.515418 5.448010 -0.073298
v -0.663688 5.309670 0.030654
v -0.449683 5.275570 -0.054583
v -0.333031 5.418809 0.040720
v -0.517175 5.357656 0.124063
v -0.395342 5.390981 -0.117376
v -0.579487 5.329829 -0.034033
v -0.428488 5.542117 -0.037138
v -0.583327 5.490696 0.032942
v -0.311204 5.327683 -0.045619
v -0.541947 5.251056 0.058813
v -0.309768 5.723919 -0.115930
v -0.350313 5.711185 -0.024520
v -0.398945 5.689467 -0.147907
v -0.439490 5.676733 -0.056496
v -0.314256 5.629885 -0.154485
v -0.276464 5.646762 -0.058600
v -0.387721 5.604124 -0.006043
v -0.426311 5.586890 -0.103953
v -0.791810 5.565784 0.101896
v -0.701348 5.596558 0.134013
v -0.749979 5.574839 0.010626
v -0.659517 5.605612 0.042743
v -0.767986 5.479449 0.050827
v -0.653137 5.511807 -0.001336
v -0.614547 5.529041 0.096573
v -0.730194 5.496327 0.146712
v -0.525126 5.651855 0.054824
v -0.573758 5.630137 -0.068563
v -0.489801 5.660802 -0.033863
v -0.609083 5.621190 0.020124
v -0.550053 5.548167 0.067825
v -0.588668 5.530922 -0.030148
v -0.489446 5.563873 -0.075055
v -0.450831 5.581118 0.022918
v -0.387014 5.837306 -0.105443
v -0.402112 5.833711 -0.061587
v -0.426878 5.822650 -0.124423
v -0.441977 5.819054 -0.080567
v -0.803963 5.708242 0.081610
v -0.764098 5.722899 0.100590
v -0.788864 5.711839 0.037754
v -0.748999 5.726495 0.056734
v -0.583089 5.778260 0.019503
v -0.607856 5.767200 -0.043333
v -0.565676 5.782625 -0.025400
v -0.625269 5.762835 0.001571
v -0.377023 5.780920 -0.144006
v -0.347421 5.794139 -0.068900
v -0.418933 5.770018 -0.036468
v -0.448535 5.756798 -0.111574
v -0.776474 5.657370 0.124280
v -0.806076 5.644150 0.049175
v -0.704728 5.680822 0.091874
v -0.734330 5.667603 0.016769
v -0.525929 5.737219 0.011476
v -0.597655 5.713399 0.043939
v -0.627257 5.700179 -0.031167
v -0.555531 5.723999 -0.063630
v -0.718388 5.491888 0.007527
v -0.650635 5.338846 -0.003307
v -0.591161 5.365407 0.147589
v -0.282222 5.468002 0.007765
v -0.419817 5.375311 0.084589
v -0.341696 5.441442 -0.143131
v -0.483462 5.346888 -0.076889
v -0.275117 5.646201 -0.115908
v -0.587059 5.537424 0.026187
v -0.650547 5.306067 0.091934
v -0.416358 5.260127 0.007717
v -0.420118 5.846087 -0.093941
v -0.427583 5.590660 -0.046039
v -0.376170 5.605291 -0.147316
v -0.324051 5.628567 -0.015079
v -0.783661 5.736101 0.068705
v -0.666268 5.515164 0.139763
v -0.770056 5.482080 0.108055
v -0.614517 5.528824 0.038523
v -0.259634 5.435884 -0.084990
v -0.601871 5.791043 -0.012616
v -0.545177 5.542077 -0.070028
v -0.492758 5.565487 0.062969
v -0.454792 5.581348 -0.033676
v -0.349346 5.792805 -0.112457
v -0.377959 5.785368 -0.038817
v -0.418526 5.767251 -0.141745
v -0.447139 5.759815 -0.068106
v -0.804797 5.647331 0.092661
v -0.735456 5.672425 0.121966
v -0.776023 5.654307 0.019039
v -0.706682 5.679401 0.048345
v -0.556610 5.728618 0.041585
v -0.597177 5.710501 -0.061342
v -0.527753 5.735878 -0.032119
v -0.626034 5.703240 0.012362
vn -0.2507 0.0352 -0.9674
vn -0.6194 -0.2375 -0.7483
vn -0.6242 -0.2004 -0.7551
vn -0.1156 0.0110 -0.9932
vn -0.4515 -0.4953 -0.7421
vn -0.6623 -0.3182 -0.6783
vn -0.3495 -0.0224 -0.9367
vn 0.3671 0.2976 0.8813
vn -0.0009 -0.0229 0.9997
vn 0.2178 -0.1964 0.9560
vn 0.7001 0.2099 0.6825
vn 0.2651 0.2638 0.9274
vn 0.6438 -0.0549 0.7632
vn 0.3624 0.2965 0.8836
vn 0.2697 0.2657 0.9255
vn 0.3831 -0.1158 0.9164
vn 0.4897 -0.0804 0.8682
vn 0.0387 -0.0854 -0.9956
vn -0.0255 -0.3538 -0.9350
vn -0.4514 -0.0562 -0.8905
vn -0.2060 -0.3911 -0.8970
vn -0.3126 -0.4265 -0.8487
vn -0.4470 -0.0543 -0.8929
vn -0.3544 -0.0236 -0.9348
vn 0.9738 0.2275 -0.0030
vn 0.6941 0.1026 -0.7125
vn 0.6276 0.2695 -0.7304
vn 0.9171 0.3987 0.0039
vn -0.9921 0.0493 0.1154
vn -0.8147 0.1285 0.5654
vn -0.7174 -0.1333 0.6837
vn -0.9683 -0.2453 0.0473
vn -0.5418 -0.5430 0.6415
vn -0.7627 -0.6417 0.0812
vn -0.4357 -0.9001 0.0100
vn -0.2229 -0.8051 0.5497
vn 0.6081 -0.7416 0.2832
vn 0.2528 -0.8596 0.4440
vn -0.0079 -0.9760 -0.2174
vn 0.3474 -0.8581 -0.3782
vn -0.0383 0.8282 -0.5591
vn -0.7742 0.5943 -0.2178
vn -0.4962 0.7185 0.4874
vn 0.2464 0.9553 0.1632
vn -0.9959 0.0863 0.0254
vn -0.7621 0.1908 0.6187
vn -0.7108 -0.0181 0.7032
vn -0.9898 -0.1427 -0.0047
vn -0.0726 -0.0559 -0.9958
vn -0.5532 -0.0648 -0.8305
vn -0.6295 -0.1581 -0.7608
vn -0.0938 -0.0234 -0.9953
vn 0.1511 0.2498 0.9564
vn 0.6147 0.2510 0.7478
vn 0.5949 0.2841 0.7519
vn 0.0594 0.1496 0.9870
vn -0.0310 0.8215 -0.5693
vn -0.7994 0.5551 -0.2297
vn -0.5024 0.6878 0.5240
vn 0.2594 0.9512 0.1673
vn 0.0679 0.0694 0.9953
vn 0.4536 0.3498 0.8197
vn 0.5734 0.3186 0.7548
vn 0.0645 0.1071 0.9921
vn -0.9038 -0.4278 0.0106
vn -0.6242 -0.3029 0.7202
vn -0.6759 -0.1317 0.7252
vn -0.9653 -0.2609 -0.0092
vn 0.7273 0.6841 -0.0554
vn 0.4936 0.5798 -0.6482
vn 0.5859 0.3770 -0.7174
vn 0.8650 0.5016 -0.0091
vn 0.7771 -0.1303 -0.6157
vn 0.9980 -0.0317 -0.0554
vn 0.9010 -0.4318 0.0410
vn 0.6883 -0.5268 -0.4987
vn -0.0627 0.8248 -0.5620
vn -0.7707 0.5896 -0.2416
vn -0.4773 0.7207 0.5028
vn 0.2307 0.9558 0.1824
vn -0.2371 0.0384 -0.9707
vn -0.5641 -0.0702 -0.8227
vn -0.6487 -0.1881 -0.7375
vn -0.0748 0.0025 -0.9972
vn 0.1385 0.2436 0.9599
vn 0.4655 0.3522 0.8119
vn 0.6071 0.3071 0.7329
vn 0.0332 0.1165 0.9926
vn 0.7486 0.6476 -0.1421
vn 0.5712 0.5684 -0.5921
vn 0.6607 0.2956 -0.6899
vn 0.9116 0.4076 -0.0535
vn 0.5521 0.5351 -0.6394
vn 0.7698 0.6323 -0.0871
vn 0.8719 0.4886 -0.0315
vn 0.6074 0.3705 -0.7028
vn 0.4871 0.5475 0.6804
vn -0.0699 0.3819 0.9216
vn -0.0005 0.1985 0.9801
vn 0.5809 0.3681 0.7260
vn -0.7086 0.0967 -0.6990
vn -0.1566 0.2600 -0.9528
vn -0.0967 0.0655 -0.9932
vn -0.6748 -0.1027 -0.7308
vn -0.7831 0.1700 0.5982
vn -0.9954 0.0752 0.0596
vn -0.9949 -0.0993 0.0190
vn -0.7353 0.0166 0.6775
vn -0.7787 0.0989 0.6196
vn -0.9980 0.0010 0.0631
vn -0.9858 -0.1666 0.0192
vn -0.7209 -0.0482 0.6913
vn 0.4882 0.5482 0.6791
vn -0.0560 0.3488 0.9355
vn 0.0130 0.1737 0.9847
vn 0.5773 0.3836 0.7208
vn -0.7038 0.0595 -0.7079
vn -0.1550 0.2609 -0.9528
vn -0.0977 0.0822 -0.9918
vn -0.6650 -0.1291 -0.7356
vn 0.5338 0.5618 -0.6320
vn 0.7482 0.6576 -0.0879
vn 0.8461 0.5318 -0.0355
vn 0.5859 0.4156 -0.6957
vn 0.4848 0.5407 0.6875
vn -0.0523 0.3623 0.9306
vn -0.0046 0.1689 0.9856
vn 0.5955 0.3682 0.7140
vn -0.6994 0.0734 -0.7110
vn -0.1622 0.2518 -0.9541
vn -0.0780 0.0674 -0.9947
vn -0.6781 -0.1319 -0.7231
vn 0.5575 0.5190 -0.6480
vn 0.7813 0.6190 -0.0800
vn 0.8917 0.4501 -0.0482
vn 0.6375 0.3367 -0.6930
vn -0.7746 0.1023 0.6242
vn -0.9984 0.0023 0.0562
vn -0.9790 -0.2002 0.0386
vn -0.7249 -0.0867 0.6834
vt 0.155683 0.399037
vt 0.127471 0.410128
vt 0.116342 0.398458
vt 0.136358 0.382916
vt 0.110722 0.421551
vt 0.100163 0.412704
vt 0.087488 0.403680
vt 0.100529 0.387649
vt 0.117034 0.366795
vt 0.135684 0.438295
vt 0.121245 0.430150
vt 0.131428 0.420345
vt 0.146492 0.422275
vt 0.085454 0.495989
vt 0.086902 0.466124
vt 0.097923 0.466458
vt 0.104527 0.480237
vt 0.092248 0.446878
vt 0.104031 0.453759
vt 0.116433 0.464888
vt 0.176907 0.512293
vt 0.155858 0.527066
vt 0.151564 0.513854
vt 0.164253 0.501494
vt 0.119646 0.542272
vt 0.135266 0.510541
vt 0.148420 0.491409
vt 0.101537 0.516969
vt 0.118116 0.497069
vt 0.131627 0.478600
vt 0.199590 0.480921
vt 0.185049 0.472974
vt 0.192515 0.457316
vt 0.206278 0.456883
vt 0.170284 0.461313
vt 0.184054 0.443053
vt 0.208385 0.418934
vt 0.153108 0.448912
vt 0.166265 0.430478
vt 0.179968 0.408868
vt 0.190411 0.497978
vt 0.203879 0.507149
vt 0.190022 0.523232
vt 0.214225 0.489020
vt 0.229355 0.499201
vt 0.218070 0.516822
vt 0.205587 0.534081
vt 0.351491 0.389610
vt 0.332020 0.389742
vt 0.332020 0.371467
vt 0.351491 0.371409
vt 0.312550 0.389610
vt 0.312550 0.371409
vt 0.312550 0.353209
vt 0.332020 0.353657
vt 0.351491 0.353209
vt 0.099777 0.433055
vt 0.111790 0.441358
vt 0.125953 0.451487
vt 0.142373 0.463708
vt 0.159532 0.476422
vt 0.290919 0.517930
vt 0.300940 0.517930
vt 0.300940 0.529739
vt 0.290919 0.529739
vt 0.310961 0.517930
vt 0.310961 0.529739
vt 0.310961 0.541549
vt 0.300940 0.541549
vt 0.290919 0.541549
vt 0.306535 0.390909
vt 0.287064 0.390777
vt 0.287064 0.372268
vt 0.306535 0.372234
vt 0.267594 0.390909
vt 0.267594 0.372234
vt 0.267594 0.353559
vt 0.287064 0.354034
vt 0.306535 0.353559
vt 0.224071 0.464661
vt 0.233863 0.435328
vt 0.259342 0.451721
vt 0.242105 0.477930
vt 0.169867 0.541554
vt 0.144817 0.561851
vt 0.189640 0.554519
vt 0.169987 0.581429
vt 0.329003 0.504439
vt 0.318981 0.504439
vt 0.318981 0.492630
vt 0.329003 0.492630
vt 0.308960 0.504439
vt 0.308960 0.492630
vt 0.308960 0.480820
vt 0.318981 0.480820
vt 0.329003 0.480820
vt 0.072559 0.459712
vt 0.080429 0.440186
vt 0.064878 0.483153
vt 0.044303 0.470316
vt 0.057789 0.448877
vt 0.068007 0.431715
vt 0.088883 0.425550
vt 0.077235 0.417481
vt 0.332020 0.408277
vt 0.312550 0.408285
vt 0.351491 0.408285
vt 0.351491 0.426959
vt 0.332020 0.426755
vt 0.312550 0.426959
vt 0.175760 0.487927
vt 0.260511 0.575558
vt 0.260511 0.563346
vt 0.272321 0.563345
vt 0.272321 0.575558
vt 0.260511 0.551133
vt 0.272321 0.551133
vt 0.284130 0.551133
vt 0.284130 0.563346
vt 0.284130 0.575558
vt 0.190213 0.386768
vt 0.216189 0.396457
vt 0.164681 0.377011
vt 0.173679 0.354984
vt 0.198619 0.365056
vt 0.223993 0.373980
vt 0.082949 0.533324
vt 0.066300 0.510951
vt 0.099717 0.556185
vt 0.079789 0.570097
vt 0.063971 0.547632
vt 0.047145 0.525912
vt 0.287064 0.409052
vt 0.267594 0.409110
vt 0.306535 0.409110
vt 0.306535 0.427310
vt 0.287064 0.426862
vt 0.267594 0.427310
vt 0.261068 0.524309
vt 0.252409 0.540244
vt 0.234575 0.528092
vt 0.245335 0.511817
vt 0.243750 0.556179
vt 0.224169 0.545041
vt 0.237942 0.571746
vt 0.213010 0.563898
vt 0.232134 0.587313
vt 0.201060 0.584371
vt 0.284243 0.504135
vt 0.272655 0.514222
vt 0.257892 0.495249
vt 0.271792 0.477928
vt 0.275255 0.319626
vt 0.287064 0.319626
vt 0.287064 0.336640
vt 0.271424 0.336593
vt 0.298874 0.319626
vt 0.302704 0.336593
vt 0.041042 0.410116
vt 0.048247 0.397339
vt 0.063382 0.407850
vt 0.054558 0.420969
vt 0.055452 0.384563
vt 0.071987 0.394291
vt 0.022383 0.426331
vt 0.031712 0.418223
vt 0.044439 0.434333
vt 0.033343 0.448323
vt 0.060287 0.372234
vt 0.081195 0.379403
vt 0.065122 0.359905
vt 0.091078 0.363350
vt 0.343830 0.462834
vt 0.332020 0.462834
vt 0.332020 0.444876
vt 0.347660 0.444897
vt 0.320211 0.462834
vt 0.316380 0.444897
vt 0.037705 0.587313
vt 0.028015 0.574196
vt 0.045791 0.561063
vt 0.058747 0.578705
vt 0.018324 0.561079
vt 0.032735 0.543495
vt 0.199140 0.318473
vt 0.214077 0.324113
vt 0.206435 0.344355
vt 0.186410 0.336729
vt 0.229013 0.329752
vt 0.226503 0.351866
vt 0.298874 0.460486
vt 0.287064 0.460486
vt 0.287064 0.443853
vt 0.302704 0.443898
vt 0.275255 0.460486
vt 0.271424 0.443898
vt 0.320211 0.320033
vt 0.332020 0.320033
vt 0.332020 0.336666
vt 0.316380 0.336621
vt 0.343830 0.320033
vt 0.347660 0.336621
s 0
f 903/1037/803 934/1038/803 1000/1039/803 965/1040/803
f 934/1038/804 897/1041/804 964/1042/804 1000/1039/804
f 1000/1039/805 964/1042/805 923/1043/805 962/1044/805
f 965/1040/806 1000/1039/806 962/1044/806 925/1045/806
f 904/1046/807 942/1047/807 1001/1048/807 947/1049/807
f 897/1041/808 934/1038/808 1001/1048/808 942/1047/808
f 903/1037/809 947/1049/809 1001/1048/809 934/1038/809
f 899/1050/810 932/1051/810 1002/1052/810 945/1053/810
f 896/1054/811 938/1055/811 1002/1052/811 932/1051/811
f 900/1056/812 945/1053/812 1002/1052/812 938/1055/812
f 894/1057/813 936/1058/813 1003/1059/813 933/1060/813
f 898/1061/814 944/1062/814 1003/1059/814 936/1058/814
f 901/1063/815 933/1060/815 1003/1059/815 944/1062/815
f 898/1061/816 937/1064/816 1004/1065/816 944/1062/816
f 937/1064/817 899/1050/817 945/1053/817 1004/1065/817
f 1004/1065/818 945/1053/818 900/1056/818 939/1066/818
f 944/1062/819 1004/1065/819 939/1066/819 901/1063/819
f 895/1067/820 935/1068/820 1005/1069/820 940/1070/820
f 905/1071/821 946/1072/821 1005/1069/821 935/1068/821
f 902/1073/822 940/1070/822 1005/1069/822 946/1072/822
f 905/1071/823 943/1074/823 1006/1075/823 946/1072/823
f 943/1074/824 904/1046/824 947/1049/824 1006/1075/824
f 1006/1075/825 947/1049/825 903/1037/825 941/1076/825
f 946/1072/826 1006/1075/826 941/1076/826 902/1073/826
f 894/1057/827 930/1077/827 1007/1078/827 957/1079/827
f 930/1077/828 895/1067/828 956/1080/828 1007/1078/828
f 1007/1078/829 956/1080/829 918/1081/829 952/1082/829
f 957/1079/830 1007/1078/830 952/1082/830 919/1083/830
f 903/1084/831 949/1085/831 1008/1086/831 973/1087/831
f 949/1085/832 899/1088/832 972/1089/832 1008/1086/832
f 1008/1086/833 972/1089/833 927/1090/833 971/1091/833
f 973/1087/834 1008/1086/834 971/1091/834 929/1092/834
f 896/1054/835 931/1093/835 1009/1094/835 938/1055/835
f 931/1093/836 897/1041/836 942/1047/836 1009/1094/836
f 1009/1094/837 942/1047/837 904/1046/837 951/1095/837
f 938/1055/838 1009/1094/838 951/1095/838 900/1056/838
f 901/1063/839 939/1066/839 1010/1096/839 950/1097/839
f 939/1066/840 900/1056/840 951/1095/840 1010/1096/840
f 1010/1096/841 951/1095/841 904/1046/841 943/1074/841
f 950/1097/842 1010/1096/842 943/1074/842 905/1071/842
f 906/1098/843 978/1099/843 1011/1100/843 976/1101/843
f 978/1099/844 909/1102/844 979/1103/844 1011/1100/844
f 1011/1100/845 979/1103/845 908/1104/845 977/1105/845
f 976/1101/846 1011/1100/846 977/1105/846 907/1106/846
f 902/1107/847 948/1108/847 1012/1109/847 959/1110/847
f 948/1108/848 898/1111/848 958/1112/848 1012/1109/848
f 1012/1109/849 958/1112/849 920/1113/849 955/1114/849
f 959/1110/850 1012/1109/850 955/1114/850 921/1115/850
f 895/1067/851 940/1070/851 1013/1116/851 956/1080/851
f 940/1070/852 902/1073/852 959/1117/852 1013/1116/852
f 1013/1116/853 959/1117/853 921/1118/853 954/1119/853
f 956/1080/854 1013/1116/854 954/1119/854 918/1081/854
f 898/1061/855 936/1058/855 1014/1120/855 958/1121/855
f 936/1058/856 894/1057/856 957/1079/856 1014/1120/856
f 1014/1120/857 957/1079/857 919/1083/857 953/1122/857
f 958/1121/858 1014/1120/858 953/1122/858 920/1123/858
f 913/1124/859 982/1125/859 1015/1126/859 983/1127/859
f 982/1125/860 911/1128/860 980/1129/860 1015/1126/860
f 1015/1126/861 980/1129/861 910/1130/861 981/1131/861
f 983/1127/862 1015/1126/862 981/1131/862 912/1132/862
f 896/1054/863 932/1051/863 1016/1133/863 967/1134/863
f 932/1051/864 899/1050/864 966/1135/864 1016/1133/864
f 1016/1133/865 966/1135/865 924/1136/865 961/1137/865
f 967/1134/866 1016/1133/866 961/1137/866 922/1138/866
f 897/1041/867 931/1093/867 1017/1139/867 964/1042/867
f 931/1093/868 896/1054/868 967/1134/868 1017/1139/868
f 1017/1139/869 967/1134/869 922/1138/869 960/1140/869
f 964/1042/870 1017/1139/870 960/1140/870 923/1043/870
f 899/1088/871 949/1085/871 1018/1141/871 966/1142/871
f 949/1085/872 903/1084/872 965/1143/872 1018/1141/872
f 1018/1141/873 965/1143/873 925/1144/873 963/1145/873
f 966/1142/874 1018/1141/874 963/1145/874 924/1146/874
f 895/1067/875 930/1077/875 1019/1147/875 935/1068/875
f 930/1077/876 894/1057/876 933/1060/876 1019/1147/876
f 1019/1147/877 933/1060/877 901/1063/877 950/1097/877
f 935/1068/878 1019/1147/878 950/1097/878 905/1071/878
f 916/1148/879 985/1149/879 1020/1150/879 986/1151/879
f 985/1149/880 917/1152/880 987/1153/880 1020/1150/880
f 1020/1150/881 987/1153/881 915/1154/881 984/1155/881
f 986/1151/882 1020/1150/882 984/1155/882 914/1156/882
f 902/1073/883 941/1076/883 1021/1157/883 974/1158/883
f 941/1076/884 903/1037/884 973/1159/884 1021/1157/884
f 1021/1157/885 973/1159/885 929/1160/885 969/1161/885
f 974/1158/886 1021/1157/886 969/1161/886 928/1162/886
f 899/1050/887 937/1064/887 1022/1163/887 972/1164/887
f 937/1064/888 898/1061/888 975/1165/888 1022/1163/888
f 1022/1163/889 975/1165/889 926/1166/889 968/1167/889
f 972/1164/890 1022/1163/890 968/1167/890 927/1168/890
f 898/1111/891 948/1108/891 1023/1169/891 975/1170/891
f 948/1108/892 902/1107/892 974/1171/892 1023/1169/892
f 1023/1169/893 974/1171/893 928/1172/893 970/1173/893
f 975/1170/894 1023/1169/894 970/1173/894 926/1174/894
f 906/1175/895 976/1176/895 1024/1177/895 988/1178/895
f 976/1176/896 907/1179/896 989/1180/896 1024/1177/896
f 1024/1177/897 989/1180/897 919/1083/897 952/1082/897
f 988/1178/898 1024/1177/898 952/1082/898 918/1081/898
f 907/1179/899 977/1181/899 1025/1182/899 989/1180/899
f 977/1181/900 908/1183/900 990/1184/900 1025/1182/900
f 1025/1182/901 990/1184/901 920/1123/901 953/1122/901
f 989/1180/902 1025/1182/902 953/1122/902 919/1083/902
f 909/1185/903 978/1186/903 1026/1187/903 991/1188/903
f 978/1186/904 906/1175/904 988/1178/904 1026/1187/904
f 1026/1187/905 988/1178/905 918/1081/905 954/1119/905
f 991/1188/906 1026/1187/906 954/1119/906 921/1118/906
f 908/1189/907 979/1190/907 1027/1191/907 990/1192/907
f 979/1190/908 909/1193/908 991/1194/908 1027/1191/908
f 1027/1191/909 991/1194/909 921/1115/909 955/1114/909
f 990/1192/910 1027/1191/910 955/1114/910 920/1113/910
f 910/1195/911 980/1196/911 1028/1197/911 992/1198/911
f 980/1196/912 911/1199/912 993/1200/912 1028/1197/912
f 1028/1197/913 993/1200/913 923/1043/913 960/1140/913
f 992/1198/914 1028/1197/914 960/1140/914 922/1138/914
f 912/1201/915 981/1202/915 1029/1203/915 994/1204/915
f 981/1202/916 910/1195/916 992/1198/916 1029/1203/916
f 1029/1203/917 992/1198/917 922/1138/917 961/1137/917
f 994/1204/918 1029/1203/918 961/1137/918 924/1136/918
f 911/1199/919 982/1205/919 1030/1206/919 993/1200/919
f 982/1205/920 913/1207/920 995/1208/920 1030/1206/920
f 1030/1206/921 995/1208/921 925/1045/921 962/1044/921
f 993/1200/922 1030/1206/922 962/1044/922 923/1043/922
f 913/1209/923 983/1210/923 1031/1211/923 995/1212/923
f 983/1210/924 912/1213/924 994/1214/924 1031/1211/924
f 1031/1211/925 994/1214/925 924/1146/925 963/1145/925
f 995/1212/926 1031/1211/926 963/1145/926 925/1144/926
f 914/1215/927 984/1216/927 1032/1217/927 996/1218/927
f 984/1216/928 915/1219/928 997/1220/928 1032/1217/928
f 1032/1217/929 997/1220/929 927/1168/929 968/1167/929
f 996/1218/930 1032/1217/930 968/1167/930 926/1166/930
f 917/1221/931 985/1222/931 1033/1223/931 998/1224/931
f 985/1222/932 916/1225/932 999/1226/932 1033/1223/932
f 1033/1223/933 999/1226/933 928/1162/933 969/1161/933
f 998/1224/934 1033/1223/934 969/1161/934 929/1160/934
f 916/1227/935 986/1228/935 1034/1229/935 999/1230/935
f 986/1228/936 914/1231/936 996/1232/936 1034/1229/936
f 1034/1229/937 996/1232/937 926/1174/937 970/1173/937
f 999/1230/938 1034/1229/938 970/1173/938 928/1172/938
f 915/1233/939 987/1234/939 1035/1235/939 997/1236/939
f 987/1234/940 917/1237/940 998/1238/940 1035/1235/940
f 1035/1235/941 998/1238/941 929/1092/941 971/1091/941
f 997/1236/942 1035/1235/942 971/1091/942 927/1090/942
