# Blender 4.1.1
# www.blender.org
mtllib ShushiBelt4.mtl
o SushiBelt_HP4
v 0.313726 -0.250305 0.689165
v 0.100488 -0.250305 0.372973
v 0.025609 -0.250305 0.000000
v 0.100488 -0.250305 -0.372974
v 0.313726 -0.250305 -0.689165
v 0.568024 -0.250305 0.895123
v 0.330567 -0.250305 0.994685
v 0.595196 -0.250305 0.966055
v 0.330566 -0.250305 -0.994685
v 0.568024 -0.250305 -0.895123
v 0.595196 -0.250305 -0.966055
v 0.320084 0.247862 0.893663
v 0.566630 0.131052 0.894961
v 0.557693 0.232187 0.893925
v 0.312316 0.131052 0.689165
v 0.046215 0.247862 0.689165
v 0.303277 0.232187 0.689165
v 0.099087 0.131052 0.372973
v -0.167038 0.247862 0.372973
v 0.090096 0.232187 0.372973
v 0.024213 0.131052 0.000000
v -0.241887 0.247862 0.000000
v 0.015253 0.232187 -0.000000
v 0.099087 0.131052 -0.372973
v -0.167038 0.247862 -0.372973
v 0.090096 0.232187 -0.372973
v 0.312316 0.131052 -0.689165
v 0.046215 0.247862 -0.689165
v 0.303277 0.232187 -0.689165
v 0.242463 0.246640 0.970511
v 0.329534 0.131052 0.993507
v 0.322909 0.232187 0.985948
v 0.483754 0.246640 0.951886
v 0.594051 0.131052 0.965205
v 0.586702 0.232187 0.959756
v 0.320084 0.247862 -0.893663
v 0.566630 0.131052 -0.894961
v 0.557693 0.232187 -0.893925
v 0.242463 0.246640 -0.970511
v 0.329534 0.131053 -0.993507
v 0.322909 0.232187 -0.985948
v 0.483754 0.246640 -0.951886
v 0.594051 0.131052 -0.965205
v 0.586702 0.232187 -0.959756
v -0.407092 -0.250305 0.987313
v -0.881092 -0.250305 0.900438
v -1.200224 -0.250305 0.689165
v -1.413461 -0.250305 0.372973
v -1.488340 -0.250305 0.000000
v -1.413461 -0.250305 -0.372974
v -1.200224 -0.250305 -0.689165
v -0.881092 -0.250305 -0.900438
v -0.407092 -0.250305 -0.987313
v -0.426693 0.232187 0.979773
v -0.346016 0.246640 0.965863
v -0.623014 0.247862 0.896736
v -0.876268 0.232187 0.898929
v -0.409736 0.131053 0.986296
v -0.880441 0.131052 0.900234
v -0.929230 0.247862 0.689165
v -1.188346 0.232187 0.689165
v -1.198622 0.131052 0.689165
v -1.142990 0.247862 0.372973
v -1.401861 0.232187 0.372973
v -1.411896 0.131053 0.372973
v -1.218027 0.247862 0.000000
v -1.476828 0.232187 -0.000000
v -1.486787 0.131052 0.000000
v -1.142990 0.247862 -0.372973
v -1.401861 0.232187 -0.372973
v -1.411896 0.131053 -0.372973
v -0.929230 0.247862 -0.689165
v -1.188346 0.232187 -0.689165
v -1.198622 0.131053 -0.689165
v -0.426693 0.232187 -0.979773
v -0.409736 0.131052 -0.986296
v -0.880441 0.131052 -0.900234
v -0.876268 0.232187 -0.898929
v -0.346016 0.246640 -0.965863
v -0.623014 0.247862 -0.896736
v 0.191444 -0.250305 0.541439
v 0.044573 -0.250305 0.190128
v 0.044573 -0.250305 -0.190128
v 0.191444 -0.250305 -0.541439
v 0.611660 -0.250305 0.942144
v 0.523433 -0.250305 0.983135
v 0.523433 -0.250305 -0.983135
v 0.611660 -0.250305 -0.942144
v 0.454722 -0.250305 0.809656
v 0.454722 -0.250305 -0.809656
v 0.563423 0.208863 0.894590
v 0.453315 0.131053 0.809636
v 0.309073 0.208863 0.689165
v 0.444295 0.232187 0.809506
v 0.521901 0.242237 0.893186
v 0.264984 0.242237 0.689165
v 0.189745 0.247862 0.809473
v 0.190037 0.131052 0.541439
v 0.095861 0.208863 0.372973
v 0.181016 0.232187 0.541439
v 0.051827 0.242237 0.372973
v -0.076101 0.247862 0.541439
v 0.043175 0.131052 0.190128
v 0.020998 0.208863 0.000000
v 0.034207 0.232187 0.190128
v -0.022995 0.242237 0.000000
v -0.222932 0.247862 0.190128
v 0.043175 0.131052 -0.190128
v 0.095861 0.208863 -0.372973
v 0.034207 0.232187 -0.190128
v 0.051827 0.242237 -0.372973
v -0.222932 0.247862 -0.190128
v 0.190037 0.131052 -0.541439
v 0.309073 0.208863 -0.689165
v 0.181016 0.232187 -0.541439
v 0.264984 0.242237 -0.689165
v -0.076101 0.247862 -0.541439
v -0.023708 -0.250305 -0.997750
v -0.023708 -0.250305 0.997750
v 0.565706 0.242078 0.955076
v 0.369476 0.247443 0.960602
v 0.304942 0.242078 0.978704
v 0.517345 0.232187 0.975167
v 0.591414 0.208863 0.963250
v 0.327156 0.208863 0.990794
v 0.522612 0.131052 0.982060
v 0.304942 0.242078 -0.978704
v 0.369476 0.247443 -0.960602
v 0.565706 0.242078 -0.955076
v 0.517344 0.232187 -0.975167
v 0.327156 0.208863 -0.990794
v 0.591414 0.208863 -0.963250
v 0.522612 0.131052 -0.982060
v 0.414534 0.247652 -0.936886
v 0.521901 0.242237 -0.893186
v 0.601692 0.232187 -0.938512
v 0.563423 0.208863 -0.894590
v 0.610316 0.131052 -0.941654
v -0.035836 0.247443 0.969060
v -0.035836 0.247443 -0.969060
v -0.039563 0.232187 -0.988929
v -0.025846 0.131053 -0.996560
v 0.453315 0.131052 -0.809636
v 0.444295 0.232187 -0.809506
v 0.189744 0.247862 -0.809473
v 0.414534 0.247652 0.936886
v 0.601692 0.232187 0.938512
v 0.610316 0.131052 0.941654
v -0.137411 0.249695 0.895765
v 0.313549 -0.033680 0.689165
v 0.567850 -0.033680 0.895103
v 0.595053 -0.033680 0.965949
v 0.100313 -0.033680 0.372973
v -0.729816 0.249695 0.000000
v 0.025435 -0.033680 0.000000
v -0.654867 0.249695 -0.372973
v 0.100313 -0.033680 -0.372973
v -0.441333 0.249695 -0.689165
v 0.313549 -0.033680 -0.689165
v 0.567850 -0.033680 -0.895103
v -0.137411 0.249695 -0.895765
v -0.441333 0.249695 0.689165
v 0.330437 -0.033680 0.994538
v -0.654867 0.249695 0.372973
v -0.025846 0.131053 0.996560
v -0.039563 0.232187 0.988929
v 0.330437 -0.033680 -0.994538
v 0.595053 -0.033680 -0.965949
v -0.684351 -0.250305 0.957424
v -1.051124 -0.250305 0.810320
v -1.322506 -0.250305 0.541439
v -1.469377 -0.250305 0.190128
v -1.469377 -0.250305 -0.190128
v -1.322506 -0.250305 -0.541439
v -1.051124 -0.250305 -0.810320
v -0.684351 -0.250305 -0.957424
v -0.423739 0.242078 0.973404
v -0.471314 0.247652 0.946013
v -0.841768 0.242237 0.897766
v -0.693665 0.232187 0.952900
v -0.415821 0.208863 0.983955
v -0.878944 0.208863 0.899766
v -0.685607 0.131052 0.956814
v -0.781428 0.247862 0.809857
v -1.148954 0.242237 0.689165
v -1.039970 0.232187 0.810132
v -1.194934 0.208863 0.689165
v -1.049619 0.131052 0.810295
v -1.051827 0.247862 0.541439
v -1.362662 0.242237 0.372973
v -1.310792 0.232187 0.541439
v -1.408295 0.208863 0.372973
v -1.320926 0.131052 0.541439
v -1.199025 0.247862 0.190128
v -1.437690 0.242237 0.000000
v -1.457843 0.232187 0.190128
v -1.483213 0.208863 0.000000
v -1.467821 0.131052 0.190128
v -1.199025 0.247862 -0.190128
v -1.362663 0.242237 -0.372973
v -1.457843 0.232187 -0.190128
v -1.408295 0.208863 -0.372973
v -1.467821 0.131053 -0.190128
v -1.051827 0.247862 -0.541439
v -1.148954 0.242237 -0.689165
v -1.310792 0.232187 -0.541439
v -1.194934 0.208863 -0.689165
v -1.320926 0.131053 -0.541439
v -0.415821 0.208863 -0.983955
v -0.685607 0.131052 -0.956814
v -0.878944 0.208863 -0.899766
v -0.693665 0.232187 -0.952900
v -0.423739 0.242078 -0.973404
v -0.841768 0.242237 -0.897766
v -0.471314 0.247652 -0.946013
v -0.781428 0.247862 -0.809858
v -1.039970 0.232187 -0.810132
v -1.049619 0.131053 -0.810295
v -0.881010 -0.033680 0.900412
v -0.407423 -0.033680 0.987186
v -1.200024 -0.033680 0.689165
v -1.413265 -0.033680 0.372973
v -1.488146 -0.033680 0.000000
v -1.413265 -0.033680 -0.372973
v -1.200024 -0.033680 -0.689165
v -0.881011 -0.033680 -0.900412
v -0.407423 -0.033680 -0.987186
v 0.611492 -0.033680 0.942083
v -0.710836 0.249695 -0.190128
v -0.563807 0.249695 -0.541439
v -0.030769 0.208863 -0.993822
v 0.454546 -0.033680 -0.809653
v -0.023975 -0.033680 0.997601
v 0.523330 -0.033680 0.983000
v -0.023975 -0.033680 -0.997601
v -0.048202 0.242158 -0.981266
v -0.293912 0.249695 -0.809736
v 0.044398 -0.033680 0.190128
v -0.030769 0.208863 0.993822
v 0.454546 -0.033680 0.809653
v 0.044398 -0.033680 -0.190128
v 0.191268 -0.033680 -0.541439
v 0.191268 -0.033680 0.541439
v -0.710836 0.249695 0.190128
v 0.611492 -0.033680 -0.942083
v 0.523330 -0.033680 -0.983000
v 0.450078 0.208863 0.809589
v 0.406329 0.242237 0.809414
v 0.186800 0.208863 0.541439
v 0.142729 0.242237 0.541439
v 0.039957 0.208863 0.190128
v -0.004047 0.242237 0.190128
v 0.039957 0.208863 -0.190128
v -0.004047 0.242237 -0.190128
v 0.186800 0.208863 -0.541439
v 0.142729 0.242237 -0.541439
v 0.035731 0.249450 0.946498
v -0.563807 0.249695 0.541439
v 0.035732 0.249450 -0.946498
v -0.293912 0.249695 0.809736
v 0.494934 0.242158 0.968669
v 0.520722 0.208863 0.979587
v 0.494934 0.242158 -0.968669
v 0.520722 0.208863 -0.979587
v 0.572105 0.242197 -0.936146
v 0.607221 0.208863 -0.940527
v 0.450078 0.208863 -0.809589
v 0.406329 0.242237 -0.809414
v 0.572105 0.242197 0.936146
v 0.607221 0.208863 0.940527
v -1.050936 -0.033680 0.810317
v -1.322308 -0.033680 0.541439
v -1.469182 -0.033680 0.190128
v -1.469182 -0.033680 -0.190128
v -1.322308 -0.033680 -0.541439
v -1.050936 -0.033680 -0.810317
v -0.684508 -0.033680 -0.957347
v -0.684508 -0.033680 0.957347
v -0.671461 0.242197 0.949315
v -0.688499 0.208863 0.955409
v -1.001076 0.242237 0.809986
v -1.046156 0.208863 0.810236
v -1.271516 0.242237 0.541439
v -1.317289 0.208863 0.541439
v -1.418690 0.242237 0.190128
v -1.464240 0.208863 0.190128
v -1.418690 0.242237 -0.190128
v -1.464240 0.208863 -0.190128
v -1.271516 0.242237 -0.541439
v -1.317289 0.208863 -0.541439
v -0.688499 0.208863 -0.955409
v -0.671461 0.242197 -0.949315
v -1.001076 0.242237 -0.809986
v -1.046156 0.208863 -0.810236
v -0.048202 0.242158 0.981266
v 1.825726 -0.250305 0.689165
v 1.612488 -0.250305 0.372973
v 1.537609 -0.250305 0.000000
v 1.612488 -0.250305 -0.372974
v 1.825726 -0.250305 -0.689165
v 2.080024 -0.250305 0.895123
v 1.842566 -0.250305 0.994685
v 2.107196 -0.250305 0.966055
v 1.842566 -0.250305 -0.994685
v 2.080024 -0.250305 -0.895123
v 2.107196 -0.250305 -0.966055
v 1.832084 0.247862 0.893663
v 2.078630 0.131052 0.894961
v 2.069693 0.232187 0.893925
v 1.824316 0.131052 0.689165
v 1.558215 0.247862 0.689165
v 1.815277 0.232187 0.689165
v 1.611087 0.131052 0.372973
v 1.344962 0.247862 0.372973
v 1.602096 0.232187 0.372973
v 1.536213 0.131052 0.000000
v 1.270113 0.247862 0.000000
v 1.527253 0.232187 -0.000000
v 1.611087 0.131052 -0.372973
v 1.344962 0.247862 -0.372973
v 1.602096 0.232187 -0.372973
v 1.824316 0.131052 -0.689165
v 1.558215 0.247862 -0.689165
v 1.815277 0.232187 -0.689165
v 1.754463 0.246640 0.970511
v 1.841534 0.131052 0.993507
v 1.834909 0.232187 0.985948
v 1.995754 0.246640 0.951886
v 2.106051 0.131052 0.965205
v 2.098702 0.232187 0.959756
v 1.832084 0.247862 -0.893663
v 2.078630 0.131052 -0.894961
v 2.069693 0.232187 -0.893925
v 1.754463 0.246640 -0.970511
v 1.841534 0.131053 -0.993507
v 1.834909 0.232187 -0.985948
v 1.995754 0.246640 -0.951886
v 2.106050 0.131052 -0.965205
v 2.098702 0.232187 -0.959756
v 1.104908 -0.250305 0.987313
v 0.630908 -0.250305 0.900438
v 0.311776 -0.250305 0.689165
v 0.098539 -0.250305 0.372973
v 0.023660 -0.250305 0.000000
v 0.098539 -0.250305 -0.372974
v 0.311776 -0.250305 -0.689165
v 0.630908 -0.250305 -0.900438
v 1.104908 -0.250305 -0.987313
v 1.085307 0.232187 0.979773
v 1.165984 0.246640 0.965863
v 0.888986 0.247862 0.896736
v 0.635732 0.232187 0.898929
v 1.102264 0.131053 0.986296
v 0.631559 0.131052 0.900234
v 0.582770 0.247862 0.689165
v 0.323654 0.232187 0.689165
v 0.313378 0.131052 0.689165
v 0.369010 0.247862 0.372973
v 0.110139 0.232187 0.372973
v 0.100104 0.131053 0.372973
v 0.293973 0.247862 0.000000
v 0.035172 0.232187 -0.000000
v 0.025213 0.131052 0.000000
v 0.369010 0.247862 -0.372973
v 0.110139 0.232187 -0.372973
v 0.100104 0.131053 -0.372973
v 0.582770 0.247862 -0.689165
v 0.323654 0.232187 -0.689165
v 0.313378 0.131053 -0.689165
v 1.085307 0.232187 -0.979773
v 1.102264 0.131052 -0.986296
v 0.631559 0.131052 -0.900234
v 0.635732 0.232187 -0.898929
v 1.165984 0.246640 -0.965863
v 0.888986 0.247862 -0.896736
v 1.703444 -0.250305 0.541439
v 1.556573 -0.250305 0.190128
v 1.556573 -0.250305 -0.190128
v 1.703444 -0.250305 -0.541439
v 2.123660 -0.250305 0.942144
v 2.035433 -0.250305 0.983135
v 2.035433 -0.250305 -0.983135
v 2.123660 -0.250305 -0.942144
v 1.966722 -0.250305 0.809656
v 1.966722 -0.250305 -0.809656
v 2.075423 0.208863 0.894590
v 1.965315 0.131053 0.809636
v 1.821073 0.208863 0.689165
v 1.956295 0.232187 0.809506
v 2.033901 0.242237 0.893186
v 1.776984 0.242237 0.689165
v 1.701744 0.247862 0.809473
v 1.702037 0.131052 0.541439
v 1.607860 0.208863 0.372973
v 1.693016 0.232187 0.541439
v 1.563827 0.242237 0.372973
v 1.435899 0.247862 0.541439
v 1.555175 0.131052 0.190128
v 1.532998 0.208863 0.000000
v 1.546207 0.232187 0.190128
v 1.489005 0.242237 0.000000
v 1.289068 0.247862 0.190128
v 1.555175 0.131052 -0.190128
v 1.607860 0.208863 -0.372973
v 1.546207 0.232187 -0.190128
v 1.563827 0.242237 -0.372973
v 1.289068 0.247862 -0.190128
v 1.702037 0.131052 -0.541439
v 1.821073 0.208863 -0.689165
v 1.693016 0.232187 -0.541439
v 1.776984 0.242237 -0.689165
v 1.435899 0.247862 -0.541439
v 1.488292 -0.250305 -0.997750
v 1.488292 -0.250305 0.997750
v 2.077706 0.242078 0.955076
v 1.881476 0.247443 0.960602
v 1.816942 0.242078 0.978704
v 2.029345 0.232187 0.975167
v 2.103414 0.208863 0.963250
v 1.839156 0.208863 0.990794
v 2.034612 0.131052 0.982060
v 1.816942 0.242078 -0.978704
v 1.881476 0.247443 -0.960602
v 2.077706 0.242078 -0.955076
v 2.029345 0.232187 -0.975167
v 1.839156 0.208863 -0.990794
v 2.103414 0.208863 -0.963250
v 2.034612 0.131052 -0.982060
v 1.926534 0.247652 -0.936886
v 2.033901 0.242237 -0.893186
v 2.113692 0.232187 -0.938512
v 2.075423 0.208863 -0.894590
v 2.122315 0.131052 -0.941654
v 1.476164 0.247443 0.969060
v 1.476164 0.247443 -0.969060
v 1.472437 0.232187 -0.988929
v 1.486154 0.131053 -0.996560
v 1.965315 0.131052 -0.809636
v 1.956295 0.232187 -0.809506
v 1.701744 0.247862 -0.809473
v 1.926534 0.247652 0.936886
v 2.113692 0.232187 0.938512
v 2.122315 0.131052 0.941654
v 1.374589 0.249695 0.895765
v 1.825549 -0.033680 0.689165
v 2.079849 -0.033680 0.895103
v 2.107053 -0.033680 0.965949
v 1.612313 -0.033680 0.372973
v 0.782184 0.249695 0.000000
v 1.537435 -0.033680 0.000000
v 0.857133 0.249695 -0.372973
v 1.612313 -0.033680 -0.372973
v 1.070667 0.249695 -0.689165
v 1.825549 -0.033680 -0.689165
v 2.079849 -0.033680 -0.895103
v 1.374589 0.249695 -0.895765
v 1.070667 0.249695 0.689165
v 1.842437 -0.033680 0.994538
v 0.857133 0.249695 0.372973
v 1.486154 0.131053 0.996560
v 1.472437 0.232187 0.988929
v 1.842437 -0.033680 -0.994538
v 2.107053 -0.033680 -0.965949
v 0.827649 -0.250305 0.957424
v 0.460876 -0.250305 0.810320
v 0.189494 -0.250305 0.541439
v 0.042623 -0.250305 0.190128
v 0.042623 -0.250305 -0.190128
v 0.189494 -0.250305 -0.541439
v 0.460876 -0.250305 -0.810320
v 0.827649 -0.250305 -0.957424
v 1.088261 0.242078 0.973404
v 1.040686 0.247652 0.946013
v 0.670232 0.242237 0.897766
v 0.818335 0.232187 0.952900
v 1.096179 0.208863 0.983955
v 0.633056 0.208863 0.899766
v 0.826393 0.131052 0.956814
v 0.730572 0.247862 0.809857
v 0.363046 0.242237 0.689165
v 0.472030 0.232187 0.810132
v 0.317066 0.208863 0.689165
v 0.462381 0.131052 0.810295
v 0.460173 0.247862 0.541439
v 0.149338 0.242237 0.372973
v 0.201208 0.232187 0.541439
v 0.103705 0.208863 0.372973
v 0.191074 0.131052 0.541439
v 0.312975 0.247862 0.190128
v 0.074309 0.242237 0.000000
v 0.054157 0.232187 0.190128
v 0.028787 0.208863 0.000000
v 0.044179 0.131052 0.190128
v 0.312975 0.247862 -0.190128
v 0.149337 0.242237 -0.372973
v 0.054157 0.232187 -0.190128
v 0.103705 0.208863 -0.372973
v 0.044179 0.131053 -0.190128
v 0.460173 0.247862 -0.541439
v 0.363046 0.242237 -0.689165
v 0.201208 0.232187 -0.541439
v 0.317066 0.208863 -0.689165
v 0.191074 0.131053 -0.541439
v 1.096179 0.208863 -0.983955
v 0.826393 0.131052 -0.956814
v 0.633056 0.208863 -0.899766
v 0.818335 0.232187 -0.952900
v 1.088261 0.242078 -0.973404
v 0.670232 0.242237 -0.897766
v 1.040686 0.247652 -0.946013
v 0.730572 0.247862 -0.809858
v 0.472030 0.232187 -0.810132
v 0.462381 0.131053 -0.810295
v 0.630989 -0.033680 0.900412
v 1.104577 -0.033680 0.987186
v 0.311976 -0.033680 0.689165
v 0.098735 -0.033680 0.372973
v 0.023854 -0.033680 0.000000
v 0.098735 -0.033680 -0.372973
v 0.311976 -0.033680 -0.689165
v 0.630989 -0.033680 -0.900412
v 1.104577 -0.033680 -0.987186
v 2.123492 -0.033680 0.942083
v 0.801164 0.249695 -0.190128
v 0.948193 0.249695 -0.541439
v 1.481231 0.208863 -0.993822
v 1.966546 -0.033680 -0.809653
v 1.488025 -0.033680 0.997601
v 2.035330 -0.033680 0.983000
v 1.488025 -0.033680 -0.997601
v 1.463798 0.242158 -0.981266
v 1.218088 0.249695 -0.809736
v 1.556398 -0.033680 0.190128
v 1.481231 0.208863 0.993822
v 1.966546 -0.033680 0.809653
v 1.556398 -0.033680 -0.190128
v 1.703268 -0.033680 -0.541439
v 1.703268 -0.033680 0.541439
v 0.801164 0.249695 0.190128
v 2.123492 -0.033680 -0.942083
v 2.035330 -0.033680 -0.983000
v 1.962078 0.208863 0.809589
v 1.918329 0.242237 0.809414
v 1.698800 0.208863 0.541439
v 1.654729 0.242237 0.541439
v 1.551957 0.208863 0.190128
v 1.507953 0.242237 0.190128
v 1.551957 0.208863 -0.190128
v 1.507953 0.242237 -0.190128
v 1.698800 0.208863 -0.541439
v 1.654729 0.242237 -0.541439
v 1.547732 0.249450 0.946498
v 0.948193 0.249695 0.541439
v 1.547732 0.249450 -0.946498
v 1.218088 0.249695 0.809736
v 2.006934 0.242158 0.968669
v 2.032722 0.208863 0.979587
v 2.006934 0.242158 -0.968669
v 2.032722 0.208863 -0.979587
v 2.084105 0.242197 -0.936146
v 2.119221 0.208863 -0.940527
v 1.962078 0.208863 -0.809589
v 1.918329 0.242237 -0.809414
v 2.084105 0.242197 0.936146
v 2.119221 0.208863 0.940527
v 0.461064 -0.033680 0.810317
v 0.189692 -0.033680 0.541439
v 0.042818 -0.033680 0.190128
v 0.042818 -0.033680 -0.190128
v 0.189692 -0.033680 -0.541439
v 0.461064 -0.033680 -0.810317
v 0.827492 -0.033680 -0.957347
v 0.827492 -0.033680 0.957347
v 0.840539 0.242197 0.949315
v 0.823501 0.208863 0.955409
v 0.510924 0.242237 0.809986
v 0.465844 0.208863 0.810236
v 0.240484 0.242237 0.541439
v 0.194711 0.208863 0.541439
v 0.093310 0.242237 0.190128
v 0.047760 0.208863 0.190128
v 0.093310 0.242237 -0.190128
v 0.047760 0.208863 -0.190128
v 0.240484 0.242237 -0.541439
v 0.194711 0.208863 -0.541439
v 0.823501 0.208863 -0.955409
v 0.840539 0.242197 -0.949315
v 0.510924 0.242237 -0.809986
v 0.465844 0.208863 -0.810236
v 1.463797 0.242158 0.981266
v 3.337726 -0.250305 0.689165
v 3.124488 -0.250305 0.372973
v 3.049609 -0.250305 0.000000
v 3.124488 -0.250305 -0.372974
v 3.337726 -0.250305 -0.689165
v 3.592024 -0.250305 0.895123
v 3.354567 -0.250305 0.994685
v 3.619196 -0.250305 0.966055
v 3.354566 -0.250305 -0.994685
v 3.592024 -0.250305 -0.895123
v 3.619196 -0.250305 -0.966055
v 3.344084 0.247862 0.893663
v 3.590630 0.131052 0.894961
v 3.581693 0.232187 0.893925
v 3.336316 0.131052 0.689165
v 3.070215 0.247862 0.689165
v 3.327277 0.232187 0.689165
v 3.123087 0.131052 0.372973
v 2.856961 0.247862 0.372973
v 3.114096 0.232187 0.372973
v 3.048213 0.131052 0.000000
v 2.782113 0.247862 0.000000
v 3.039253 0.232187 -0.000000
v 3.123087 0.131052 -0.372973
v 2.856961 0.247862 -0.372973
v 3.114096 0.232187 -0.372973
v 3.336316 0.131052 -0.689165
v 3.070215 0.247862 -0.689165
v 3.327277 0.232187 -0.689165
v 3.266463 0.246640 0.970511
v 3.353534 0.131052 0.993507
v 3.346909 0.232187 0.985948
v 3.507754 0.246640 0.951886
v 3.618051 0.131052 0.965205
v 3.610702 0.232187 0.959756
v 3.344084 0.247862 -0.893663
v 3.590630 0.131052 -0.894961
v 3.581693 0.232187 -0.893925
v 3.266463 0.246640 -0.970511
v 3.353534 0.131053 -0.993507
v 3.346909 0.232187 -0.985948
v 3.507754 0.246640 -0.951886
v 3.618051 0.131052 -0.965205
v 3.610702 0.232187 -0.959756
v 2.616908 -0.250305 0.987313
v 2.142908 -0.250305 0.900438
v 1.823776 -0.250305 0.689165
v 1.610539 -0.250305 0.372973
v 1.535660 -0.250305 0.000000
v 1.610539 -0.250305 -0.372974
v 1.823776 -0.250305 -0.689165
v 2.142908 -0.250305 -0.900438
v 2.616908 -0.250305 -0.987313
v 2.597307 0.232187 0.979773
v 2.677984 0.246640 0.965863
v 2.400986 0.247862 0.896736
v 2.147732 0.232187 0.898929
v 2.614264 0.131053 0.986296
v 2.143559 0.131052 0.900234
v 2.094770 0.247862 0.689165
v 1.835654 0.232187 0.689165
v 1.825378 0.131052 0.689165
v 1.881010 0.247862 0.372973
v 1.622139 0.232187 0.372973
v 1.612104 0.131053 0.372973
v 1.805973 0.247862 0.000000
v 1.547172 0.232187 -0.000000
v 1.537213 0.131052 0.000000
v 1.881010 0.247862 -0.372973
v 1.622139 0.232187 -0.372973
v 1.612104 0.131053 -0.372973
v 2.094770 0.247862 -0.689165
v 1.835654 0.232187 -0.689165
v 1.825378 0.131053 -0.689165
v 2.597307 0.232187 -0.979773
v 2.614264 0.131052 -0.986296
v 2.143559 0.131052 -0.900234
v 2.147732 0.232187 -0.898929
v 2.677984 0.246640 -0.965863
v 2.400986 0.247862 -0.896736
v 3.215444 -0.250305 0.541439
v 3.068573 -0.250305 0.190128
v 3.068573 -0.250305 -0.190128
v 3.215444 -0.250305 -0.541439
v 3.635660 -0.250305 0.942144
v 3.547433 -0.250305 0.983135
v 3.547433 -0.250305 -0.983135
v 3.635660 -0.250305 -0.942144
v 3.478722 -0.250305 0.809656
v 3.478722 -0.250305 -0.809656
v 3.587423 0.208863 0.894590
v 3.477315 0.131053 0.809636
v 3.333073 0.208863 0.689165
v 3.468295 0.232187 0.809506
v 3.545901 0.242237 0.893186
v 3.288984 0.242237 0.689165
v 3.213744 0.247862 0.809473
v 3.214037 0.131052 0.541439
v 3.119860 0.208863 0.372973
v 3.205016 0.232187 0.541439
v 3.075827 0.242237 0.372973
v 2.947899 0.247862 0.541439
v 3.067175 0.131052 0.190128
v 3.044997 0.208863 0.000000
v 3.058207 0.232187 0.190128
v 3.001005 0.242237 0.000000
v 2.801068 0.247862 0.190128
v 3.067175 0.131052 -0.190128
v 3.119860 0.208863 -0.372973
v 3.058207 0.232187 -0.190128
v 3.075827 0.242237 -0.372973
v 2.801068 0.247862 -0.190128
v 3.214037 0.131052 -0.541439
v 3.333073 0.208863 -0.689165
v 3.205016 0.232187 -0.541439
v 3.288984 0.242237 -0.689165
v 2.947899 0.247862 -0.541439
v 3.000292 -0.250305 -0.997750
v 3.000292 -0.250305 0.997750
v 3.589706 0.242078 0.955076
v 3.393476 0.247443 0.960602
v 3.328942 0.242078 0.978704
v 3.541344 0.232187 0.975167
v 3.615414 0.208863 0.963250
v 3.351156 0.208863 0.990794
v 3.546612 0.131052 0.982060
v 3.328942 0.242078 -0.978704
v 3.393476 0.247443 -0.960602
v 3.589706 0.242078 -0.955076
v 3.541344 0.232187 -0.975167
v 3.351156 0.208863 -0.990794
v 3.615414 0.208863 -0.963250
v 3.546612 0.131052 -0.982060
v 3.438534 0.247652 -0.936886
v 3.545901 0.242237 -0.893186
v 3.625692 0.232187 -0.938512
v 3.587423 0.208863 -0.894590
v 3.634315 0.131052 -0.941654
v 2.988164 0.247443 0.969060
v 2.988164 0.247443 -0.969060
v 2.984437 0.232187 -0.988929
v 2.998154 0.131053 -0.996560
v 3.477315 0.131052 -0.809636
v 3.468295 0.232187 -0.809506
v 3.213744 0.247862 -0.809473
v 3.438534 0.247652 0.936886
v 3.625692 0.232187 0.938512
v 3.634315 0.131052 0.941654
v 2.886589 0.249695 0.895765
v 3.337549 -0.033680 0.689165
v 3.591849 -0.033680 0.895103
v 3.619053 -0.033680 0.965949
v 3.124313 -0.033680 0.372973
v 2.294184 0.249695 0.000000
v 3.049435 -0.033680 0.000000
v 2.369133 0.249695 -0.372973
v 3.124313 -0.033680 -0.372973
v 2.582667 0.249695 -0.689165
v 3.337549 -0.033680 -0.689165
v 3.591849 -0.033680 -0.895103
v 2.886589 0.249695 -0.895765
v 2.582667 0.249695 0.689165
v 3.354437 -0.033680 0.994538
v 2.369133 0.249695 0.372973
v 2.998154 0.131053 0.996560
v 2.984437 0.232187 0.988929
v 3.354437 -0.033680 -0.994538
v 3.619053 -0.033680 -0.965949
v 2.339649 -0.250305 0.957424
v 1.972876 -0.250305 0.810320
v 1.701494 -0.250305 0.541439
v 1.554623 -0.250305 0.190128
v 1.554623 -0.250305 -0.190128
v 1.701494 -0.250305 -0.541439
v 1.972876 -0.250305 -0.810320
v 2.339649 -0.250305 -0.957424
v 2.600261 0.242078 0.973404
v 2.552686 0.247652 0.946013
v 2.182232 0.242237 0.897766
v 2.330335 0.232187 0.952900
v 2.608179 0.208863 0.983955
v 2.145056 0.208863 0.899766
v 2.338392 0.131052 0.956814
v 2.242571 0.247862 0.809857
v 1.875046 0.242237 0.689165
v 1.984030 0.232187 0.810132
v 1.829066 0.208863 0.689165
v 1.974381 0.131052 0.810295
v 1.972173 0.247862 0.541439
v 1.661337 0.242237 0.372973
v 1.713208 0.232187 0.541439
v 1.615705 0.208863 0.372973
v 1.703074 0.131052 0.541439
v 1.824975 0.247862 0.190128
v 1.586309 0.242237 0.000000
v 1.566157 0.232187 0.190128
v 1.540787 0.208863 0.000000
v 1.556179 0.131052 0.190128
v 1.824975 0.247862 -0.190128
v 1.661337 0.242237 -0.372973
v 1.566157 0.232187 -0.190128
v 1.615705 0.208863 -0.372973
v 1.556179 0.131053 -0.190128
v 1.972173 0.247862 -0.541439
v 1.875046 0.242237 -0.689165
v 1.713208 0.232187 -0.541439
v 1.829066 0.208863 -0.689165
v 1.703074 0.131053 -0.541439
v 2.608179 0.208863 -0.983955
v 2.338393 0.131052 -0.956814
v 2.145056 0.208863 -0.899766
v 2.330335 0.232187 -0.952900
v 2.600261 0.242078 -0.973404
v 2.182232 0.242237 -0.897766
v 2.552686 0.247652 -0.946013
v 2.242572 0.247862 -0.809858
v 1.984030 0.232187 -0.810132
v 1.974381 0.131053 -0.810295
v 2.142989 -0.033680 0.900412
v 2.616577 -0.033680 0.987186
v 1.823976 -0.033680 0.689165
v 1.610735 -0.033680 0.372973
v 1.535854 -0.033680 0.000000
v 1.610735 -0.033680 -0.372973
v 1.823976 -0.033680 -0.689165
v 2.142989 -0.033680 -0.900412
v 2.616577 -0.033680 -0.987186
v 3.635492 -0.033680 0.942083
v 2.313164 0.249695 -0.190128
v 2.460193 0.249695 -0.541439
v 2.993231 0.208863 -0.993822
v 3.478546 -0.033680 -0.809653
v 3.000025 -0.033680 0.997601
v 3.547330 -0.033680 0.983000
v 3.000025 -0.033680 -0.997601
v 2.975797 0.242158 -0.981266
v 2.730088 0.249695 -0.809736
v 3.068398 -0.033680 0.190128
v 2.993231 0.208863 0.993822
v 3.478546 -0.033680 0.809653
v 3.068398 -0.033680 -0.190128
v 3.215268 -0.033680 -0.541439
v 3.215268 -0.033680 0.541439
v 2.313164 0.249695 0.190128
v 3.635492 -0.033680 -0.942083
v 3.547330 -0.033680 -0.983000
v 3.474078 0.208863 0.809589
v 3.430329 0.242237 0.809414
v 3.210800 0.208863 0.541439
v 3.166728 0.242237 0.541439
v 3.063957 0.208863 0.190128
v 3.019953 0.242237 0.190128
v 3.063957 0.208863 -0.190128
v 3.019953 0.242237 -0.190128
v 3.210800 0.208863 -0.541439
v 3.166728 0.242237 -0.541439
v 3.059731 0.249450 0.946498
v 2.460193 0.249695 0.541439
v 3.059731 0.249450 -0.946498
v 2.730088 0.249695 0.809736
v 3.518934 0.242158 0.968669
v 3.544722 0.208863 0.979587
v 3.518934 0.242158 -0.968669
v 3.544722 0.208863 -0.979587
v 3.596105 0.242197 -0.936146
v 3.631221 0.208863 -0.940527
v 3.474078 0.208863 -0.809589
v 3.430329 0.242237 -0.809414
v 3.596105 0.242197 0.936146
v 3.631221 0.208863 0.940527
v 1.973064 -0.033680 0.810317
v 1.701692 -0.033680 0.541439
v 1.554818 -0.033680 0.190128
v 1.554818 -0.033680 -0.190128
v 1.701692 -0.033680 -0.541439
v 1.973064 -0.033680 -0.810317
v 2.339492 -0.033680 -0.957347
v 2.339492 -0.033680 0.957347
v 2.352539 0.242197 0.949315
v 2.335501 0.208863 0.955409
v 2.022924 0.242237 0.809986
v 1.977844 0.208863 0.810236
v 1.752484 0.242237 0.541439
v 1.706711 0.208863 0.541439
v 1.605310 0.242237 0.190128
v 1.559760 0.208863 0.190128
v 1.605310 0.242237 -0.190128
v 1.559760 0.208863 -0.190128
v 1.752484 0.242237 -0.541439
v 1.706711 0.208863 -0.541439
v 2.335501 0.208863 -0.955409
v 2.352539 0.242197 -0.949315
v 2.022924 0.242237 -0.809986
v 1.977844 0.208863 -0.810236
v 2.975797 0.242158 0.981266
v 4.849725 -0.250305 0.689165
v 4.636488 -0.250305 0.372973
v 4.561609 -0.250305 0.000000
v 4.636488 -0.250305 -0.372974
v 4.849725 -0.250305 -0.689165
v 5.104023 -0.250305 0.895123
v 4.866566 -0.250305 0.994685
v 5.131196 -0.250305 0.966055
v 4.866566 -0.250305 -0.994685
v 5.104023 -0.250305 -0.895123
v 5.131196 -0.250305 -0.966055
v 4.856083 0.247862 0.893663
v 5.102630 0.131052 0.894961
v 5.093693 0.232187 0.893925
v 4.848316 0.131052 0.689165
v 4.582215 0.247862 0.689165
v 4.839277 0.232187 0.689165
v 4.635087 0.131052 0.372973
v 4.368961 0.247862 0.372973
v 4.626096 0.232187 0.372973
v 4.560213 0.131052 0.000000
v 4.294113 0.247862 0.000000
v 4.551253 0.232187 -0.000000
v 4.635087 0.131052 -0.372973
v 4.368961 0.247862 -0.372973
v 4.626096 0.232187 -0.372973
v 4.848316 0.131052 -0.689165
v 4.582215 0.247862 -0.689165
v 4.839277 0.232187 -0.689165
v 4.778463 0.246640 0.970511
v 4.865533 0.131052 0.993507
v 4.858909 0.232187 0.985948
v 5.019754 0.246640 0.951886
v 5.130051 0.131052 0.965205
v 5.122702 0.232187 0.959756
v 4.856083 0.247862 -0.893663
v 5.102630 0.131052 -0.894961
v 5.093693 0.232187 -0.893925
v 4.778463 0.246640 -0.970511
v 4.865533 0.131053 -0.993507
v 4.858909 0.232187 -0.985948
v 5.019754 0.246640 -0.951886
v 5.130051 0.131052 -0.965205
v 5.122702 0.232187 -0.959756
v 4.128908 -0.250305 0.987313
v 3.654908 -0.250305 0.900438
v 3.335776 -0.250305 0.689165
v 3.122539 -0.250305 0.372973
v 3.047660 -0.250305 0.000000
v 3.122539 -0.250305 -0.372974
v 3.335776 -0.250305 -0.689165
v 3.654908 -0.250305 -0.900438
v 4.128908 -0.250305 -0.987313
v 4.109307 0.232187 0.979773
v 4.189984 0.246640 0.965863
v 3.912986 0.247862 0.896736
v 3.659731 0.232187 0.898929
v 4.126264 0.131053 0.986296
v 3.655559 0.131052 0.900234
v 3.606770 0.247862 0.689165
v 3.347654 0.232187 0.689165
v 3.337378 0.131052 0.689165
v 3.393010 0.247862 0.372973
v 3.134139 0.232187 0.372973
v 3.124104 0.131053 0.372973
v 3.317973 0.247862 0.000000
v 3.059172 0.232187 -0.000000
v 3.049212 0.131052 0.000000
v 3.393010 0.247862 -0.372973
v 3.134139 0.232187 -0.372973
v 3.124104 0.131053 -0.372973
v 3.606770 0.247862 -0.689165
v 3.347654 0.232187 -0.689165
v 3.337378 0.131053 -0.689165
v 4.109307 0.232187 -0.979773
v 4.126264 0.131052 -0.986296
v 3.655559 0.131052 -0.900234
v 3.659731 0.232187 -0.898929
v 4.189984 0.246640 -0.965863
v 3.912986 0.247862 -0.896736
v 4.727444 -0.250305 0.541439
v 4.580573 -0.250305 0.190128
v 4.580573 -0.250305 -0.190128
v 4.727444 -0.250305 -0.541439
v 5.147660 -0.250305 0.942144
v 5.059433 -0.250305 0.983135
v 5.059433 -0.250305 -0.983135
v 5.147660 -0.250305 -0.942144
v 4.990721 -0.250305 0.809656
v 4.990721 -0.250305 -0.809656
v 5.099423 0.208863 0.894590
v 4.989315 0.131053 0.809636
v 4.845072 0.208863 0.689165
v 4.980295 0.232187 0.809506
v 5.057900 0.242237 0.893186
v 4.800984 0.242237 0.689165
v 4.725744 0.247862 0.809473
v 4.726037 0.131052 0.541439
v 4.631860 0.208863 0.372973
v 4.717016 0.232187 0.541439
v 4.587827 0.242237 0.372973
v 4.459898 0.247862 0.541439
v 4.579175 0.131052 0.190128
v 4.556997 0.208863 0.000000
v 4.570207 0.232187 0.190128
v 4.513005 0.242237 0.000000
v 4.313067 0.247862 0.190128
v 4.579175 0.131052 -0.190128
v 4.631860 0.208863 -0.372973
v 4.570207 0.232187 -0.190128
v 4.587827 0.242237 -0.372973
v 4.313067 0.247862 -0.190128
v 4.726037 0.131052 -0.541439
v 4.845072 0.208863 -0.689165
v 4.717016 0.232187 -0.541439
v 4.800984 0.242237 -0.689165
v 4.459898 0.247862 -0.541439
v 4.512292 -0.250305 -0.997750
v 4.512292 -0.250305 0.997750
v 5.101706 0.242078 0.955076
v 4.905476 0.247443 0.960602
v 4.840942 0.242078 0.978704
v 5.053344 0.232187 0.975167
v 5.127413 0.208863 0.963250
v 4.863156 0.208863 0.990794
v 5.058612 0.131052 0.982060
v 4.840942 0.242078 -0.978704
v 4.905476 0.247443 -0.960602
v 5.101706 0.242078 -0.955076
v 5.053344 0.232187 -0.975167
v 4.863156 0.208863 -0.990794
v 5.127413 0.208863 -0.963250
v 5.058612 0.131052 -0.982060
v 4.950534 0.247652 -0.936886
v 5.057900 0.242237 -0.893186
v 5.137692 0.232187 -0.938512
v 5.099423 0.208863 -0.894590
v 5.146315 0.131052 -0.941654
v 4.500164 0.247443 0.969060
v 4.500164 0.247443 -0.969060
v 4.496437 0.232187 -0.988929
v 4.510154 0.131053 -0.996560
v 4.989315 0.131052 -0.809636
v 4.980295 0.232187 -0.809506
v 4.725744 0.247862 -0.809473
v 4.950534 0.247652 0.936886
v 5.137692 0.232187 0.938512
v 5.146315 0.131052 0.941654
v 4.398589 0.249695 0.895765
v 4.849549 -0.033680 0.689165
v 5.103849 -0.033680 0.895103
v 5.131053 -0.033680 0.965949
v 4.636313 -0.033680 0.372973
v 3.806184 0.249695 0.000000
v 4.561435 -0.033680 0.000000
v 3.881133 0.249695 -0.372973
v 4.636313 -0.033680 -0.372973
v 4.094667 0.249695 -0.689165
v 4.849549 -0.033680 -0.689165
v 5.103849 -0.033680 -0.895103
v 4.398589 0.249695 -0.895765
v 4.094667 0.249695 0.689165
v 4.866437 -0.033680 0.994538
v 3.881133 0.249695 0.372973
v 4.510154 0.131053 0.996560
v 4.496437 0.232187 0.988929
v 4.866437 -0.033680 -0.994538
v 5.131053 -0.033680 -0.965949
v 3.851649 -0.250305 0.957424
v 3.484876 -0.250305 0.810320
v 3.213494 -0.250305 0.541439
v 3.066623 -0.250305 0.190128
v 3.066623 -0.250305 -0.190128
v 3.213494 -0.250305 -0.541439
v 3.484876 -0.250305 -0.810320
v 3.851649 -0.250305 -0.957424
v 4.112261 0.242078 0.973404
v 4.064685 0.247652 0.946013
v 3.694232 0.242237 0.897766
v 3.842335 0.232187 0.952900
v 4.120179 0.208863 0.983955
v 3.657056 0.208863 0.899766
v 3.850392 0.131052 0.956814
v 3.754571 0.247862 0.809857
v 3.387046 0.242237 0.689165
v 3.496030 0.232187 0.810132
v 3.341065 0.208863 0.689165
v 3.486381 0.131052 0.810295
v 3.484173 0.247862 0.541439
v 3.173337 0.242237 0.372973
v 3.225207 0.232187 0.541439
v 3.127705 0.208863 0.372973
v 3.215074 0.131052 0.541439
v 3.336975 0.247862 0.190128
v 3.098309 0.242237 0.000000
v 3.078157 0.232187 0.190128
v 3.052786 0.208863 0.000000
v 3.068179 0.131052 0.190128
v 3.336975 0.247862 -0.190128
v 3.173337 0.242237 -0.372973
v 3.078157 0.232187 -0.190128
v 3.127705 0.208863 -0.372973
v 3.068179 0.131053 -0.190128
v 3.484173 0.247862 -0.541439
v 3.387046 0.242237 -0.689165
v 3.225208 0.232187 -0.541439
v 3.341065 0.208863 -0.689165
v 3.215074 0.131053 -0.541439
v 4.120179 0.208863 -0.983955
v 3.850392 0.131052 -0.956814
v 3.657056 0.208863 -0.899766
v 3.842335 0.232187 -0.952900
v 4.112261 0.242078 -0.973404
v 3.694232 0.242237 -0.897766
v 4.064686 0.247652 -0.946013
v 3.754571 0.247862 -0.809858
v 3.496030 0.232187 -0.810132
v 3.486381 0.131053 -0.810295
v 3.654989 -0.033680 0.900412
v 4.128577 -0.033680 0.987186
v 3.335976 -0.033680 0.689165
v 3.122735 -0.033680 0.372973
v 3.047854 -0.033680 0.000000
v 3.122735 -0.033680 -0.372973
v 3.335976 -0.033680 -0.689165
v 3.654989 -0.033680 -0.900412
v 4.128577 -0.033680 -0.987186
v 5.147491 -0.033680 0.942083
v 3.825164 0.249695 -0.190128
v 3.972193 0.249695 -0.541439
v 4.505231 0.208863 -0.993822
v 4.990546 -0.033680 -0.809653
v 4.512025 -0.033680 0.997601
v 5.059330 -0.033680 0.983000
v 4.512025 -0.033680 -0.997601
v 4.487797 0.242158 -0.981266
v 4.242087 0.249695 -0.809736
v 4.580398 -0.033680 0.190128
v 4.505231 0.208863 0.993822
v 4.990546 -0.033680 0.809653
v 4.580398 -0.033680 -0.190128
v 4.727268 -0.033680 -0.541439
v 4.727268 -0.033680 0.541439
v 3.825164 0.249695 0.190128
v 5.147491 -0.033680 -0.942083
v 5.059330 -0.033680 -0.983000
v 4.986078 0.208863 0.809589
v 4.942328 0.242237 0.809414
v 4.722800 0.208863 0.541439
v 4.678728 0.242237 0.541439
v 4.575956 0.208863 0.190128
v 4.531953 0.242237 0.190128
v 4.575956 0.208863 -0.190128
v 4.531953 0.242237 -0.190128
v 4.722800 0.208863 -0.541439
v 4.678728 0.242237 -0.541439
v 4.571731 0.249450 0.946498
v 3.972193 0.249695 0.541439
v 4.571731 0.249450 -0.946498
v 4.242087 0.249695 0.809736
v 5.030933 0.242158 0.968669
v 5.056722 0.208863 0.979587
v 5.030933 0.242158 -0.968669
v 5.056721 0.208863 -0.979587
v 5.108105 0.242197 -0.936146
v 5.143221 0.208863 -0.940527
v 4.986078 0.208863 -0.809589
v 4.942328 0.242237 -0.809414
v 5.108105 0.242197 0.936146
v 5.143221 0.208863 0.940527
v 3.485064 -0.033680 0.810317
v 3.213692 -0.033680 0.541439
v 3.066818 -0.033680 0.190128
v 3.066818 -0.033680 -0.190128
v 3.213692 -0.033680 -0.541439
v 3.485064 -0.033680 -0.810317
v 3.851491 -0.033680 -0.957347
v 3.851491 -0.033680 0.957347
v 3.864539 0.242197 0.949315
v 3.847501 0.208863 0.955409
v 3.534924 0.242237 0.809986
v 3.489843 0.208863 0.810236
v 3.264484 0.242237 0.541439
v 3.218710 0.208863 0.541439
v 3.117310 0.242237 0.190128
v 3.071760 0.208863 0.190128
v 3.117310 0.242237 -0.190128
v 3.071760 0.208863 -0.190128
v 3.264484 0.242237 -0.541439
v 3.218710 0.208863 -0.541439
v 3.847501 0.208863 -0.955409
v 3.864539 0.242197 -0.949315
v 3.534924 0.242237 -0.809986
v 3.489843 0.208863 -0.810236
v 4.487797 0.242158 0.981266
v 6.361725 -0.250305 0.689165
v 6.148489 -0.250305 0.372973
v 6.073609 -0.250305 0.000000
v 6.148489 -0.250305 -0.372974
v 6.361725 -0.250305 -0.689165
v 6.616024 -0.250305 0.895123
v 6.378566 -0.250305 0.994685
v 6.643196 -0.250305 0.966055
v 6.378566 -0.250305 -0.994685
v 6.616024 -0.250305 -0.895123
v 6.643196 -0.250305 -0.966055
v 6.368083 0.247862 0.893663
v 6.614630 0.131052 0.894961
v 6.605693 0.232187 0.893925
v 6.360316 0.131052 0.689165
v 6.094215 0.247862 0.689165
v 6.351277 0.232187 0.689165
v 6.147087 0.131052 0.372973
v 5.880961 0.247862 0.372973
v 6.138096 0.232187 0.372973
v 6.072213 0.131052 0.000000
v 5.806113 0.247862 0.000000
v 6.063253 0.232187 -0.000000
v 6.147087 0.131052 -0.372973
v 5.880961 0.247862 -0.372973
v 6.138096 0.232187 -0.372973
v 6.360316 0.131052 -0.689165
v 6.094215 0.247862 -0.689165
v 6.351277 0.232187 -0.689165
v 6.290463 0.246640 0.970511
v 6.377533 0.131052 0.993507
v 6.370909 0.232187 0.985948
v 6.531754 0.246640 0.951886
v 6.642051 0.131052 0.965205
v 6.634702 0.232187 0.959756
v 6.368083 0.247862 -0.893663
v 6.614630 0.131052 -0.894961
v 6.605693 0.232187 -0.893925
v 6.290463 0.246640 -0.970511
v 6.377533 0.131053 -0.993507
v 6.370909 0.232187 -0.985948
v 6.531754 0.246640 -0.951886
v 6.642051 0.131052 -0.965205
v 6.634702 0.232187 -0.959756
v 5.640908 -0.250305 0.987313
v 5.166908 -0.250305 0.900438
v 4.847776 -0.250305 0.689165
v 4.634539 -0.250305 0.372973
v 4.559660 -0.250305 0.000000
v 4.634539 -0.250305 -0.372974
v 4.847776 -0.250305 -0.689165
v 5.166908 -0.250305 -0.900438
v 5.640908 -0.250305 -0.987313
v 5.621307 0.232187 0.979773
v 5.701984 0.246640 0.965863
v 5.424986 0.247862 0.896736
v 5.171731 0.232187 0.898929
v 5.638264 0.131053 0.986296
v 5.167559 0.131052 0.900234
v 5.118770 0.247862 0.689165
v 4.859654 0.232187 0.689165
v 4.849378 0.131052 0.689165
v 4.905010 0.247862 0.372973
v 4.646139 0.232187 0.372973
v 4.636104 0.131053 0.372973
v 4.829973 0.247862 0.000000
v 4.571172 0.232187 -0.000000
v 4.561213 0.131052 0.000000
v 4.905010 0.247862 -0.372973
v 4.646139 0.232187 -0.372973
v 4.636104 0.131053 -0.372973
v 5.118770 0.247862 -0.689165
v 4.859653 0.232187 -0.689165
v 4.849378 0.131053 -0.689165
v 5.621307 0.232187 -0.979773
v 5.638264 0.131052 -0.986296
v 5.167559 0.131052 -0.900234
v 5.171731 0.232187 -0.898929
v 5.701984 0.246640 -0.965863
v 5.424986 0.247862 -0.896736
v 6.239444 -0.250305 0.541439
v 6.092573 -0.250305 0.190128
v 6.092573 -0.250305 -0.190128
v 6.239444 -0.250305 -0.541439
v 6.659660 -0.250305 0.942144
v 6.571433 -0.250305 0.983135
v 6.571433 -0.250305 -0.983135
v 6.659660 -0.250305 -0.942144
v 6.502721 -0.250305 0.809656
v 6.502721 -0.250305 -0.809656
v 6.611423 0.208863 0.894590
v 6.501315 0.131053 0.809636
v 6.357072 0.208863 0.689165
v 6.492295 0.232187 0.809506
v 6.569901 0.242237 0.893186
v 6.312984 0.242237 0.689165
v 6.237744 0.247862 0.809473
v 6.238037 0.131052 0.541439
v 6.143860 0.208863 0.372973
v 6.229016 0.232187 0.541439
v 6.099827 0.242237 0.372973
v 5.971899 0.247862 0.541439
v 6.091175 0.131052 0.190128
v 6.068997 0.208863 0.000000
v 6.082207 0.232187 0.190128
v 6.025005 0.242237 0.000000
v 5.825068 0.247862 0.190128
v 6.091175 0.131052 -0.190128
v 6.143860 0.208863 -0.372973
v 6.082207 0.232187 -0.190128
v 6.099827 0.242237 -0.372973
v 5.825068 0.247862 -0.190128
v 6.238037 0.131052 -0.541439
v 6.357072 0.208863 -0.689165
v 6.229016 0.232187 -0.541439
v 6.312984 0.242237 -0.689165
v 5.971899 0.247862 -0.541439
v 6.024292 -0.250305 -0.997750
v 6.024292 -0.250305 0.997750
v 6.613706 0.242078 0.955076
v 6.417476 0.247443 0.960602
v 6.352942 0.242078 0.978704
v 6.565344 0.232187 0.975167
v 6.639413 0.208863 0.963250
v 6.375156 0.208863 0.990794
v 6.570612 0.131052 0.982060
v 6.352942 0.242078 -0.978704
v 6.417476 0.247443 -0.960602
v 6.613706 0.242078 -0.955076
v 6.565344 0.232187 -0.975167
v 6.375156 0.208863 -0.990794
v 6.639413 0.208863 -0.963250
v 6.570612 0.131052 -0.982060
v 6.462534 0.247652 -0.936886
v 6.569901 0.242237 -0.893186
v 6.649692 0.232187 -0.938512
v 6.611423 0.208863 -0.894590
v 6.658315 0.131052 -0.941654
v 6.012164 0.247443 0.969060
v 6.012164 0.247443 -0.969060
v 6.008437 0.232187 -0.988929
v 6.022154 0.131053 -0.996560
v 6.501315 0.131052 -0.809636
v 6.492295 0.232187 -0.809506
v 6.237744 0.247862 -0.809473
v 6.462534 0.247652 0.936886
v 6.649692 0.232187 0.938512
v 6.658315 0.131052 0.941654
v 5.910589 0.249695 0.895765
v 6.361549 -0.033680 0.689165
v 6.615849 -0.033680 0.895103
v 6.643053 -0.033680 0.965949
v 6.148313 -0.033680 0.372973
v 5.318184 0.249695 0.000000
v 6.073435 -0.033680 0.000000
v 5.393133 0.249695 -0.372973
v 6.148313 -0.033680 -0.372973
v 5.606667 0.249695 -0.689165
v 6.361549 -0.033680 -0.689165
v 6.615849 -0.033680 -0.895103
v 5.910589 0.249695 -0.895765
v 5.606667 0.249695 0.689165
v 6.378437 -0.033680 0.994538
v 5.393133 0.249695 0.372973
v 6.022154 0.131053 0.996560
v 6.008437 0.232187 0.988929
v 6.378437 -0.033680 -0.994538
v 6.643053 -0.033680 -0.965949
v 5.363648 -0.250305 0.957424
v 4.996876 -0.250305 0.810320
v 4.725494 -0.250305 0.541439
v 4.578623 -0.250305 0.190128
v 4.578623 -0.250305 -0.190128
v 4.725494 -0.250305 -0.541439
v 4.996876 -0.250305 -0.810320
v 5.363648 -0.250305 -0.957424
v 5.624261 0.242078 0.973404
v 5.576685 0.247652 0.946013
v 5.206232 0.242237 0.897766
v 5.354335 0.232187 0.952900
v 5.632179 0.208863 0.983955
v 5.169056 0.208863 0.899766
v 5.362392 0.131052 0.956814
v 5.266572 0.247862 0.809857
v 4.899046 0.242237 0.689165
v 5.008030 0.232187 0.810132
v 4.853065 0.208863 0.689165
v 4.998381 0.131052 0.810295
v 4.996173 0.247862 0.541439
v 4.685338 0.242237 0.372973
v 4.737207 0.232187 0.541439
v 4.639705 0.208863 0.372973
v 4.727074 0.131052 0.541439
v 4.848975 0.247862 0.190128
v 4.610310 0.242237 0.000000
v 4.590157 0.232187 0.190128
v 4.564786 0.208863 0.000000
v 4.580179 0.131052 0.190128
v 4.848975 0.247862 -0.190128
v 4.685337 0.242237 -0.372973
v 4.590157 0.232187 -0.190128
v 4.639705 0.208863 -0.372973
v 4.580179 0.131053 -0.190128
v 4.996173 0.247862 -0.541439
v 4.899046 0.242237 -0.689165
v 4.737207 0.232187 -0.541439
v 4.853065 0.208863 -0.689165
v 4.727074 0.131053 -0.541439
v 5.632179 0.208863 -0.983955
v 5.362392 0.131052 -0.956814
v 5.169056 0.208863 -0.899766
v 5.354335 0.232187 -0.952900
v 5.624261 0.242078 -0.973404
v 5.206232 0.242237 -0.897766
v 5.576686 0.247652 -0.946013
v 5.266572 0.247862 -0.809858
v 5.008030 0.232187 -0.810132
v 4.998381 0.131053 -0.810295
v 5.166989 -0.033680 0.900412
v 5.640577 -0.033680 0.987186
v 4.847976 -0.033680 0.689165
v 4.634735 -0.033680 0.372973
v 4.559854 -0.033680 0.000000
v 4.634735 -0.033680 -0.372973
v 4.847976 -0.033680 -0.689165
v 5.166989 -0.033680 -0.900412
v 5.640577 -0.033680 -0.987186
v 6.659492 -0.033680 0.942083
v 5.337164 0.249695 -0.190128
v 5.484193 0.249695 -0.541439
v 6.017231 0.208863 -0.993822
v 6.502546 -0.033680 -0.809653
v 6.024025 -0.033680 0.997601
v 6.571330 -0.033680 0.983000
v 6.024025 -0.033680 -0.997601
v 5.999797 0.242158 -0.981266
v 5.754087 0.249695 -0.809736
v 6.092398 -0.033680 0.190128
v 6.017231 0.208863 0.993822
v 6.502546 -0.033680 0.809653
v 6.092398 -0.033680 -0.190128
v 6.239268 -0.033680 -0.541439
v 6.239268 -0.033680 0.541439
v 5.337164 0.249695 0.190128
v 6.659492 -0.033680 -0.942083
v 6.571330 -0.033680 -0.983000
v 6.498078 0.208863 0.809589
v 6.454329 0.242237 0.809414
v 6.234800 0.208863 0.541439
v 6.190728 0.242237 0.541439
v 6.087956 0.208863 0.190128
v 6.043953 0.242237 0.190128
v 6.087956 0.208863 -0.190128
v 6.043953 0.242237 -0.190128
v 6.234800 0.208863 -0.541439
v 6.190728 0.242237 -0.541439
v 6.083731 0.249450 0.946498
v 5.484193 0.249695 0.541439
v 6.083731 0.249450 -0.946498
v 5.754087 0.249695 0.809736
v 6.542933 0.242158 0.968669
v 6.568722 0.208863 0.979587
v 6.542933 0.242158 -0.968669
v 6.568721 0.208863 -0.979587
v 6.620105 0.242197 -0.936146
v 6.655221 0.208863 -0.940527
v 6.498078 0.208863 -0.809589
v 6.454329 0.242237 -0.809414
v 6.620105 0.242197 0.936146
v 6.655221 0.208863 0.940527
v 4.997065 -0.033680 0.810317
v 4.725692 -0.033680 0.541439
v 4.578818 -0.033680 0.190128
v 4.578818 -0.033680 -0.190128
v 4.725692 -0.033680 -0.541439
v 4.997065 -0.033680 -0.810317
v 5.363492 -0.033680 -0.957347
v 5.363492 -0.033680 0.957347
v 5.376539 0.242197 0.949315
v 5.359501 0.208863 0.955409
v 5.046924 0.242237 0.809986
v 5.001843 0.208863 0.810236
v 4.776484 0.242237 0.541439
v 4.730711 0.208863 0.541439
v 4.629310 0.242237 0.190128
v 4.583760 0.208863 0.190128
v 4.629310 0.242237 -0.190128
v 4.583760 0.208863 -0.190128
v 4.776484 0.242237 -0.541439
v 4.730711 0.208863 -0.541439
v 5.359501 0.208863 -0.955409
v 5.376539 0.242197 -0.949315
v 5.046924 0.242237 -0.809986
v 5.001843 0.208863 -0.810236
v 5.999797 0.242158 0.981266
v 7.873725 -0.250305 0.689165
v 7.660489 -0.250305 0.372973
v 7.585609 -0.250305 0.000000
v 7.660489 -0.250305 -0.372974
v 7.873725 -0.250305 -0.689165
v 8.128024 -0.250305 0.895123
v 7.890566 -0.250305 0.994685
v 8.155196 -0.250305 0.966055
v 7.890566 -0.250305 -0.994685
v 8.128024 -0.250305 -0.895123
v 8.155196 -0.250305 -0.966055
v 7.880084 0.247862 0.893663
v 8.126631 0.131052 0.894961
v 8.117693 0.232187 0.893925
v 7.872316 0.131052 0.689165
v 7.606215 0.247862 0.689165
v 7.863277 0.232187 0.689165
v 7.659087 0.131052 0.372973
v 7.392962 0.247862 0.372973
v 7.650096 0.232187 0.372973
v 7.584213 0.131052 0.000000
v 7.318113 0.247862 0.000000
v 7.575253 0.232187 -0.000000
v 7.659087 0.131052 -0.372973
v 7.392962 0.247862 -0.372973
v 7.650096 0.232187 -0.372973
v 7.872316 0.131052 -0.689165
v 7.606215 0.247862 -0.689165
v 7.863277 0.232187 -0.689165
v 7.802463 0.246640 0.970511
v 7.889534 0.131052 0.993507
v 7.882909 0.232187 0.985948
v 8.043754 0.246640 0.951886
v 8.154051 0.131052 0.965205
v 8.146702 0.232187 0.959756
v 7.880084 0.247862 -0.893663
v 8.126630 0.131052 -0.894961
v 8.117693 0.232187 -0.893925
v 7.802463 0.246640 -0.970511
v 7.889534 0.131053 -0.993507
v 7.882909 0.232187 -0.985948
v 8.043754 0.246640 -0.951886
v 8.154051 0.131052 -0.965205
v 8.146702 0.232187 -0.959756
v 7.152908 -0.250305 0.987313
v 6.678908 -0.250305 0.900438
v 6.359776 -0.250305 0.689165
v 6.146539 -0.250305 0.372973
v 6.071660 -0.250305 0.000000
v 6.146539 -0.250305 -0.372974
v 6.359776 -0.250305 -0.689165
v 6.678908 -0.250305 -0.900438
v 7.152908 -0.250305 -0.987313
v 7.133307 0.232187 0.979773
v 7.213984 0.246640 0.965863
v 6.936986 0.247862 0.896736
v 6.683732 0.232187 0.898929
v 7.150264 0.131053 0.986296
v 6.679559 0.131052 0.900234
v 6.630770 0.247862 0.689165
v 6.371654 0.232187 0.689165
v 6.361378 0.131052 0.689165
v 6.417010 0.247862 0.372973
v 6.158139 0.232187 0.372973
v 6.148104 0.131053 0.372973
v 6.341973 0.247862 0.000000
v 6.083172 0.232187 -0.000000
v 6.073213 0.131052 0.000000
v 6.417010 0.247862 -0.372973
v 6.158139 0.232187 -0.372973
v 6.148104 0.131053 -0.372973
v 6.630770 0.247862 -0.689165
v 6.371654 0.232187 -0.689165
v 6.361378 0.131053 -0.689165
v 7.133307 0.232187 -0.979773
v 7.150264 0.131052 -0.986296
v 6.679559 0.131052 -0.900234
v 6.683732 0.232187 -0.898929
v 7.213984 0.246640 -0.965863
v 6.936986 0.247862 -0.896736
v 7.751444 -0.250305 0.541439
v 7.604573 -0.250305 0.190128
v 7.604573 -0.250305 -0.190128
v 7.751444 -0.250305 -0.541439
v 8.171659 -0.250305 0.942144
v 8.083433 -0.250305 0.983135
v 8.083433 -0.250305 -0.983135
v 8.171659 -0.250305 -0.942144
v 8.014722 -0.250305 0.809656
v 8.014722 -0.250305 -0.809656
v 8.123423 0.208863 0.894590
v 8.013315 0.131053 0.809636
v 7.869072 0.208863 0.689165
v 8.004295 0.232187 0.809506
v 8.081901 0.242237 0.893186
v 7.824984 0.242237 0.689165
v 7.749744 0.247862 0.809473
v 7.750037 0.131052 0.541439
v 7.655860 0.208863 0.372973
v 7.741016 0.232187 0.541439
v 7.611827 0.242237 0.372973
v 7.483899 0.247862 0.541439
v 7.603175 0.131052 0.190128
v 7.580997 0.208863 0.000000
v 7.594207 0.232187 0.190128
v 7.537005 0.242237 0.000000
v 7.337068 0.247862 0.190128
v 7.603175 0.131052 -0.190128
v 7.655860 0.208863 -0.372973
v 7.594207 0.232187 -0.190128
v 7.611827 0.242237 -0.372973
v 7.337068 0.247862 -0.190128
v 7.750037 0.131052 -0.541439
v 7.869072 0.208863 -0.689165
v 7.741016 0.232187 -0.541439
v 7.824984 0.242237 -0.689165
v 7.483899 0.247862 -0.541439
v 7.536293 -0.250305 -0.997750
v 7.536293 -0.250305 0.997750
v 8.125707 0.242078 0.955076
v 7.929476 0.247443 0.960602
v 7.864943 0.242078 0.978704
v 8.077345 0.232187 0.975167
v 8.151414 0.208863 0.963250
v 7.887156 0.208863 0.990794
v 8.082612 0.131052 0.982060
v 7.864943 0.242078 -0.978704
v 7.929476 0.247443 -0.960602
v 8.125707 0.242078 -0.955076
v 8.077345 0.232187 -0.975167
v 7.887156 0.208863 -0.990794
v 8.151414 0.208863 -0.963250
v 8.082612 0.131052 -0.982060
v 7.974535 0.247652 -0.936886
v 8.081901 0.242237 -0.893186
v 8.161692 0.232187 -0.938512
v 8.123423 0.208863 -0.894590
v 8.170316 0.131052 -0.941654
v 7.524164 0.247443 0.969060
v 7.524164 0.247443 -0.969060
v 7.520437 0.232187 -0.988929
v 7.534154 0.131053 -0.996560
v 8.013315 0.131052 -0.809636
v 8.004295 0.232187 -0.809506
v 7.749744 0.247862 -0.809473
v 7.974535 0.247652 0.936886
v 8.161692 0.232187 0.938512
v 8.170316 0.131052 0.941654
v 7.422589 0.249695 0.895765
v 7.873549 -0.033680 0.689165
v 8.127850 -0.033680 0.895103
v 8.155053 -0.033680 0.965949
v 7.660313 -0.033680 0.372973
v 6.830184 0.249695 0.000000
v 7.585435 -0.033680 0.000000
v 6.905133 0.249695 -0.372973
v 7.660313 -0.033680 -0.372973
v 7.118667 0.249695 -0.689165
v 7.873549 -0.033680 -0.689165
v 8.127850 -0.033680 -0.895103
v 7.422589 0.249695 -0.895765
v 7.118667 0.249695 0.689165
v 7.890437 -0.033680 0.994538
v 6.905133 0.249695 0.372973
v 7.534154 0.131053 0.996560
v 7.520437 0.232187 0.988929
v 7.890437 -0.033680 -0.994538
v 8.155053 -0.033680 -0.965949
v 6.875648 -0.250305 0.957424
v 6.508876 -0.250305 0.810320
v 6.237494 -0.250305 0.541439
v 6.090623 -0.250305 0.190128
v 6.090623 -0.250305 -0.190128
v 6.237494 -0.250305 -0.541439
v 6.508876 -0.250305 -0.810320
v 6.875648 -0.250305 -0.957424
v 7.136261 0.242078 0.973404
v 7.088686 0.247652 0.946013
v 6.718232 0.242237 0.897766
v 6.866335 0.232187 0.952900
v 7.144179 0.208863 0.983955
v 6.681056 0.208863 0.899766
v 6.874393 0.131052 0.956814
v 6.778572 0.247862 0.809857
v 6.411046 0.242237 0.689165
v 6.520030 0.232187 0.810132
v 6.365066 0.208863 0.689165
v 6.510381 0.131052 0.810295
v 6.508173 0.247862 0.541439
v 6.197338 0.242237 0.372973
v 6.249207 0.232187 0.541439
v 6.151705 0.208863 0.372973
v 6.239074 0.131052 0.541439
v 6.360975 0.247862 0.190128
v 6.122310 0.242237 0.000000
v 6.102157 0.232187 0.190128
v 6.076787 0.208863 0.000000
v 6.092179 0.131052 0.190128
v 6.360975 0.247862 -0.190128
v 6.197337 0.242237 -0.372973
v 6.102157 0.232187 -0.190128
v 6.151705 0.208863 -0.372973
v 6.092179 0.131053 -0.190128
v 6.508173 0.247862 -0.541439
v 6.411047 0.242237 -0.689165
v 6.249207 0.232187 -0.541439
v 6.365066 0.208863 -0.689165
v 6.239074 0.131053 -0.541439
v 7.144179 0.208863 -0.983955
v 6.874393 0.131052 -0.956814
v 6.681056 0.208863 -0.899766
v 6.866335 0.232187 -0.952900
v 7.136261 0.242078 -0.973404
v 6.718232 0.242237 -0.897766
v 7.088686 0.247652 -0.946013
v 6.778572 0.247862 -0.809858
v 6.520030 0.232187 -0.810132
v 6.510381 0.131053 -0.810295
v 6.678989 -0.033680 0.900412
v 7.152577 -0.033680 0.987186
v 6.359976 -0.033680 0.689165
v 6.146735 -0.033680 0.372973
v 6.071854 -0.033680 0.000000
v 6.146735 -0.033680 -0.372973
v 6.359976 -0.033680 -0.689165
v 6.678989 -0.033680 -0.900412
v 7.152577 -0.033680 -0.987186
v 8.171492 -0.033680 0.942083
v 6.849164 0.249695 -0.190128
v 6.996193 0.249695 -0.541439
v 7.529232 0.208863 -0.993822
v 8.014545 -0.033680 -0.809653
v 7.536025 -0.033680 0.997601
v 8.083330 -0.033680 0.983000
v 7.536025 -0.033680 -0.997601
v 7.511797 0.242158 -0.981266
v 7.266088 0.249695 -0.809736
v 7.604398 -0.033680 0.190128
v 7.529232 0.208863 0.993822
v 8.014545 -0.033680 0.809653
v 7.604398 -0.033680 -0.190128
v 7.751268 -0.033680 -0.541439
v 7.751268 -0.033680 0.541439
v 6.849164 0.249695 0.190128
v 8.171492 -0.033680 -0.942083
v 8.083330 -0.033680 -0.983000
v 8.010078 0.208863 0.809589
v 7.966329 0.242237 0.809414
v 7.746800 0.208863 0.541439
v 7.702728 0.242237 0.541439
v 7.599957 0.208863 0.190128
v 7.555953 0.242237 0.190128
v 7.599957 0.208863 -0.190128
v 7.555953 0.242237 -0.190128
v 7.746800 0.208863 -0.541439
v 7.702728 0.242237 -0.541439
v 7.595731 0.249450 0.946498
v 6.996193 0.249695 0.541439
v 7.595731 0.249450 -0.946498
v 7.266088 0.249695 0.809736
v 8.054934 0.242158 0.968669
v 8.080722 0.208863 0.979587
v 8.054934 0.242158 -0.968669
v 8.080722 0.208863 -0.979587
v 8.132105 0.242197 -0.936146
v 8.167221 0.208863 -0.940527
v 8.010078 0.208863 -0.809589
v 7.966329 0.242237 -0.809414
v 8.132105 0.242197 0.936146
v 8.167221 0.208863 0.940527
v 6.509065 -0.033680 0.810317
v 6.237692 -0.033680 0.541439
v 6.090818 -0.033680 0.190128
v 6.090818 -0.033680 -0.190128
v 6.237692 -0.033680 -0.541439
v 6.509065 -0.033680 -0.810317
v 6.875492 -0.033680 -0.957347
v 6.875492 -0.033680 0.957347
v 6.888539 0.242197 0.949315
v 6.871501 0.208863 0.955409
v 6.558924 0.242237 0.809986
v 6.513844 0.208863 0.810236
v 6.288484 0.242237 0.541439
v 6.242711 0.208863 0.541439
v 6.141310 0.242237 0.190128
v 6.095760 0.208863 0.190128
v 6.141310 0.242237 -0.190128
v 6.095760 0.208863 -0.190128
v 6.288484 0.242237 -0.541439
v 6.242711 0.208863 -0.541439
v 6.871501 0.208863 -0.955409
v 6.888539 0.242197 -0.949315
v 6.558924 0.242237 -0.809986
v 6.513844 0.208863 -0.810236
v 7.511797 0.242158 0.981266
v 9.385725 -0.250305 0.689165
v 9.172488 -0.250305 0.372973
v 9.097609 -0.250305 0.000000
v 9.172488 -0.250305 -0.372974
v 9.385725 -0.250305 -0.689165
v 9.640023 -0.250305 0.895123
v 9.402566 -0.250305 0.994685
v 9.667196 -0.250305 0.966055
v 9.402566 -0.250305 -0.994685
v 9.640023 -0.250305 -0.895123
v 9.667196 -0.250305 -0.966055
v 9.392083 0.247862 0.893663
v 9.638630 0.131052 0.894961
v 9.629692 0.232187 0.893925
v 9.384315 0.131052 0.689165
v 9.118215 0.247862 0.689165
v 9.375277 0.232187 0.689165
v 9.171086 0.131052 0.372973
v 8.904962 0.247862 0.372973
v 9.162096 0.232187 0.372973
v 9.096212 0.131052 0.000000
v 8.830112 0.247862 0.000000
v 9.087253 0.232187 -0.000000
v 9.171086 0.131052 -0.372973
v 8.904962 0.247862 -0.372973
v 9.162096 0.232187 -0.372973
v 9.384315 0.131052 -0.689165
v 9.118215 0.247862 -0.689165
v 9.375277 0.232187 -0.689165
v 9.314463 0.246640 0.970511
v 9.401533 0.131052 0.993507
v 9.394909 0.232187 0.985948
v 9.555754 0.246640 0.951886
v 9.666050 0.131052 0.965205
v 9.658702 0.232187 0.959756
v 9.392083 0.247862 -0.893663
v 9.638630 0.131052 -0.894961
v 9.629692 0.232187 -0.893925
v 9.314463 0.246640 -0.970511
v 9.401533 0.131053 -0.993507
v 9.394909 0.232187 -0.985948
v 9.555754 0.246640 -0.951886
v 9.666050 0.131052 -0.965205
v 9.658702 0.232187 -0.959756
v 8.664907 -0.250305 0.987313
v 8.190907 -0.250305 0.900438
v 7.871776 -0.250305 0.689165
v 7.658538 -0.250305 0.372973
v 7.583660 -0.250305 0.000000
v 7.658538 -0.250305 -0.372974
v 7.871776 -0.250305 -0.689165
v 8.190907 -0.250305 -0.900438
v 8.664907 -0.250305 -0.987313
v 8.645307 0.232187 0.979773
v 8.725984 0.246640 0.965863
v 8.448986 0.247862 0.896736
v 8.195731 0.232187 0.898929
v 8.662264 0.131053 0.986296
v 8.191558 0.131052 0.900234
v 8.142770 0.247862 0.689165
v 7.883654 0.232187 0.689165
v 7.873378 0.131052 0.689165
v 7.929010 0.247862 0.372973
v 7.670139 0.232187 0.372973
v 7.660103 0.131053 0.372973
v 7.853973 0.247862 0.000000
v 7.595171 0.232187 -0.000000
v 7.585212 0.131052 0.000000
v 7.929010 0.247862 -0.372973
v 7.670139 0.232187 -0.372973
v 7.660103 0.131053 -0.372973
v 8.142770 0.247862 -0.689165
v 7.883654 0.232187 -0.689165
v 7.873378 0.131053 -0.689165
v 8.645307 0.232187 -0.979773
v 8.662264 0.131052 -0.986296
v 8.191558 0.131052 -0.900234
v 8.195731 0.232187 -0.898929
v 8.725984 0.246640 -0.965863
v 8.448986 0.247862 -0.896736
v 9.263443 -0.250305 0.541439
v 9.116572 -0.250305 0.190128
v 9.116572 -0.250305 -0.190128
v 9.263443 -0.250305 -0.541439
v 9.683660 -0.250305 0.942144
v 9.595432 -0.250305 0.983135
v 9.595432 -0.250305 -0.983135
v 9.683660 -0.250305 -0.942144
v 9.526721 -0.250305 0.809656
v 9.526721 -0.250305 -0.809656
v 9.635423 0.208863 0.894590
v 9.525314 0.131053 0.809636
v 9.381072 0.208863 0.689165
v 9.516294 0.232187 0.809506
v 9.593901 0.242237 0.893186
v 9.336984 0.242237 0.689165
v 9.261744 0.247862 0.809473
v 9.262037 0.131052 0.541439
v 9.167860 0.208863 0.372973
v 9.253016 0.232187 0.541439
v 9.123827 0.242237 0.372973
v 8.995898 0.247862 0.541439
v 9.115174 0.131052 0.190128
v 9.092998 0.208863 0.000000
v 9.106207 0.232187 0.190128
v 9.049005 0.242237 0.000000
v 8.849068 0.247862 0.190128
v 9.115174 0.131052 -0.190128
v 9.167860 0.208863 -0.372973
v 9.106207 0.232187 -0.190128
v 9.123827 0.242237 -0.372973
v 8.849067 0.247862 -0.190128
v 9.262037 0.131052 -0.541439
v 9.381072 0.208863 -0.689165
v 9.253016 0.232187 -0.541439
v 9.336984 0.242237 -0.689165
v 8.995898 0.247862 -0.541439
v 9.048292 -0.250305 -0.997750
v 9.048292 -0.250305 0.997750
v 9.637706 0.242078 0.955076
v 9.441475 0.247443 0.960602
v 9.376942 0.242078 0.978704
v 9.589344 0.232187 0.975167
v 9.663413 0.208863 0.963250
v 9.399156 0.208863 0.990794
v 9.594611 0.131052 0.982060
v 9.376942 0.242078 -0.978704
v 9.441475 0.247443 -0.960602
v 9.637706 0.242078 -0.955076
v 9.589344 0.232187 -0.975167
v 9.399156 0.208863 -0.990794
v 9.663413 0.208863 -0.963250
v 9.594611 0.131052 -0.982060
v 9.486534 0.247652 -0.936886
v 9.593901 0.242237 -0.893186
v 9.673692 0.232187 -0.938512
v 9.635423 0.208863 -0.894590
v 9.682315 0.131052 -0.941654
v 9.036163 0.247443 0.969060
v 9.036163 0.247443 -0.969060
v 9.032436 0.232187 -0.988929
v 9.046153 0.131053 -0.996560
v 9.525314 0.131052 -0.809636
v 9.516294 0.232187 -0.809506
v 9.261744 0.247862 -0.809473
v 9.486534 0.247652 0.936886
v 9.673692 0.232187 0.938512
v 9.682315 0.131052 0.941654
v 8.934588 0.249695 0.895765
v 9.385549 -0.033680 0.689165
v 9.639849 -0.033680 0.895103
v 9.667053 -0.033680 0.965949
v 9.172313 -0.033680 0.372973
v 8.342184 0.249695 0.000000
v 9.097434 -0.033680 0.000000
v 8.417133 0.249695 -0.372973
v 9.172313 -0.033680 -0.372973
v 8.630667 0.249695 -0.689165
v 9.385549 -0.033680 -0.689165
v 9.639849 -0.033680 -0.895103
v 8.934588 0.249695 -0.895765
v 8.630667 0.249695 0.689165
v 9.402437 -0.033680 0.994538
v 8.417133 0.249695 0.372973
v 9.046153 0.131053 0.996560
v 9.032436 0.232187 0.988929
v 9.402437 -0.033680 -0.994538
v 9.667052 -0.033680 -0.965949
v 8.387649 -0.250305 0.957424
v 8.020876 -0.250305 0.810320
v 7.749494 -0.250305 0.541439
v 7.602623 -0.250305 0.190128
v 7.602623 -0.250305 -0.190128
v 7.749494 -0.250305 -0.541439
v 8.020876 -0.250305 -0.810320
v 8.387649 -0.250305 -0.957424
v 8.648261 0.242078 0.973404
v 8.600685 0.247652 0.946013
v 8.230232 0.242237 0.897766
v 8.378335 0.232187 0.952900
v 8.656178 0.208863 0.983955
v 8.193056 0.208863 0.899766
v 8.386393 0.131052 0.956814
v 8.290571 0.247862 0.809857
v 7.923046 0.242237 0.689165
v 8.032030 0.232187 0.810132
v 7.877065 0.208863 0.689165
v 8.022381 0.131052 0.810295
v 8.020172 0.247862 0.541439
v 7.709337 0.242237 0.372973
v 7.761207 0.232187 0.541439
v 7.663705 0.208863 0.372973
v 7.751074 0.131052 0.541439
v 7.872975 0.247862 0.190128
v 7.634309 0.242237 0.000000
v 7.614157 0.232187 0.190128
v 7.588786 0.208863 0.000000
v 7.604179 0.131052 0.190128
v 7.872975 0.247862 -0.190128
v 7.709337 0.242237 -0.372973
v 7.614157 0.232187 -0.190128
v 7.663704 0.208863 -0.372973
v 7.604179 0.131053 -0.190128
v 8.020172 0.247862 -0.541439
v 7.923046 0.242237 -0.689165
v 7.761208 0.232187 -0.541439
v 7.877065 0.208863 -0.689165
v 7.751074 0.131053 -0.541439
v 8.656178 0.208863 -0.983955
v 8.386393 0.131052 -0.956814
v 8.193056 0.208863 -0.899766
v 8.378335 0.232187 -0.952900
v 8.648261 0.242078 -0.973404
v 8.230232 0.242237 -0.897766
v 8.600685 0.247652 -0.946013
v 8.290571 0.247862 -0.809858
v 8.032030 0.232187 -0.810132
v 8.022381 0.131053 -0.810295
v 8.190989 -0.033680 0.900412
v 8.664577 -0.033680 0.987186
v 7.871976 -0.033680 0.689165
v 7.658734 -0.033680 0.372973
v 7.583854 -0.033680 0.000000
v 7.658734 -0.033680 -0.372973
v 7.871976 -0.033680 -0.689165
v 8.190989 -0.033680 -0.900412
v 8.664577 -0.033680 -0.987186
v 9.683492 -0.033680 0.942083
v 8.361164 0.249695 -0.190128
v 8.508192 0.249695 -0.541439
v 9.041231 0.208863 -0.993822
v 9.526546 -0.033680 -0.809653
v 9.048025 -0.033680 0.997601
v 9.595330 -0.033680 0.983000
v 9.048025 -0.033680 -0.997601
v 9.023797 0.242158 -0.981266
v 8.778088 0.249695 -0.809736
v 9.116398 -0.033680 0.190128
v 9.041231 0.208863 0.993822
v 9.526546 -0.033680 0.809653
v 9.116398 -0.033680 -0.190128
v 9.263268 -0.033680 -0.541439
v 9.263268 -0.033680 0.541439
v 8.361163 0.249695 0.190128
v 9.683492 -0.033680 -0.942083
v 9.595330 -0.033680 -0.983000
v 9.522078 0.208863 0.809589
v 9.478329 0.242237 0.809414
v 9.258800 0.208863 0.541439
v 9.214728 0.242237 0.541439
v 9.111957 0.208863 0.190128
v 9.067953 0.242237 0.190128
v 9.111957 0.208863 -0.190128
v 9.067953 0.242237 -0.190128
v 9.258800 0.208863 -0.541439
v 9.214728 0.242237 -0.541439
v 9.107731 0.249450 0.946498
v 8.508192 0.249695 0.541439
v 9.107731 0.249450 -0.946498
v 8.778088 0.249695 0.809736
v 9.566934 0.242158 0.968669
v 9.592721 0.208863 0.979587
v 9.566934 0.242158 -0.968669
v 9.592721 0.208863 -0.979587
v 9.644104 0.242197 -0.936146
v 9.679220 0.208863 -0.940527
v 9.522078 0.208863 -0.809589
v 9.478329 0.242237 -0.809414
v 9.644104 0.242197 0.936146
v 9.679220 0.208863 0.940527
v 8.021064 -0.033680 0.810317
v 7.749691 -0.033680 0.541439
v 7.602818 -0.033680 0.190128
v 7.602818 -0.033680 -0.190128
v 7.749691 -0.033680 -0.541439
v 8.021064 -0.033680 -0.810317
v 8.387491 -0.033680 -0.957347
v 8.387491 -0.033680 0.957347
v 8.400538 0.242197 0.949315
v 8.383501 0.208863 0.955409
v 8.070924 0.242237 0.809986
v 8.025843 0.208863 0.810236
v 7.800484 0.242237 0.541439
v 7.754710 0.208863 0.541439
v 7.653309 0.242237 0.190128
v 7.607759 0.208863 0.190128
v 7.653309 0.242237 -0.190128
v 7.607759 0.208863 -0.190128
v 7.800484 0.242237 -0.541439
v 7.754710 0.208863 -0.541439
v 8.383501 0.208863 -0.955409
v 8.400538 0.242197 -0.949315
v 8.070924 0.242237 -0.809986
v 8.025843 0.208863 -0.810236
v 9.023797 0.242158 0.981266
v 10.897725 -0.250305 0.689165
v 10.684488 -0.250305 0.372973
v 10.609609 -0.250305 0.000000
v 10.684488 -0.250305 -0.372974
v 10.897725 -0.250305 -0.689165
v 11.152023 -0.250305 0.895123
v 10.914566 -0.250305 0.994685
v 11.179196 -0.250305 0.966055
v 10.914566 -0.250305 -0.994685
v 11.152023 -0.250305 -0.895123
v 11.179196 -0.250305 -0.966055
v 10.904083 0.247862 0.893663
v 11.150630 0.131052 0.894961
v 11.141692 0.232187 0.893925
v 10.896316 0.131052 0.689165
v 10.630215 0.247862 0.689165
v 10.887277 0.232187 0.689165
v 10.683086 0.131052 0.372973
v 10.416962 0.247862 0.372973
v 10.674096 0.232187 0.372973
v 10.608212 0.131052 0.000000
v 10.342113 0.247862 0.000000
v 10.599253 0.232187 -0.000000
v 10.683086 0.131052 -0.372973
v 10.416962 0.247862 -0.372973
v 10.674096 0.232187 -0.372973
v 10.896316 0.131052 -0.689165
v 10.630215 0.247862 -0.689165
v 10.887277 0.232187 -0.689165
v 10.826463 0.246640 0.970511
v 10.913533 0.131052 0.993507
v 10.906909 0.232187 0.985948
v 11.067754 0.246640 0.951886
v 11.178050 0.131052 0.965205
v 11.170702 0.232187 0.959756
v 10.904083 0.247862 -0.893663
v 11.150630 0.131052 -0.894961
v 11.141692 0.232187 -0.893925
v 10.826463 0.246640 -0.970511
v 10.913533 0.131053 -0.993507
v 10.906909 0.232187 -0.985948
v 11.067754 0.246640 -0.951886
v 11.178050 0.131052 -0.965205
v 11.170702 0.232187 -0.959756
v 10.176908 -0.250305 0.987313
v 9.702908 -0.250305 0.900438
v 9.383776 -0.250305 0.689165
v 9.170539 -0.250305 0.372973
v 9.095659 -0.250305 0.000000
v 9.170539 -0.250305 -0.372974
v 9.383776 -0.250305 -0.689165
v 9.702908 -0.250305 -0.900438
v 10.176908 -0.250305 -0.987313
v 10.157307 0.232187 0.979773
v 10.237984 0.246640 0.965863
v 9.960986 0.247862 0.896736
v 9.707731 0.232187 0.898929
v 10.174264 0.131053 0.986296
v 9.703558 0.131052 0.900234
v 9.654770 0.247862 0.689165
v 9.395654 0.232187 0.689165
v 9.385378 0.131052 0.689165
v 9.441010 0.247862 0.372973
v 9.182138 0.232187 0.372973
v 9.172104 0.131053 0.372973
v 9.365973 0.247862 0.000000
v 9.107172 0.232187 -0.000000
v 9.097213 0.131052 0.000000
v 9.441010 0.247862 -0.372973
v 9.182139 0.232187 -0.372973
v 9.172104 0.131053 -0.372973
v 9.654770 0.247862 -0.689165
v 9.395654 0.232187 -0.689165
v 9.385378 0.131053 -0.689165
v 10.157307 0.232187 -0.979773
v 10.174264 0.131052 -0.986296
v 9.703558 0.131052 -0.900234
v 9.707731 0.232187 -0.898929
v 10.237984 0.246640 -0.965863
v 9.960986 0.247862 -0.896736
v 10.775443 -0.250305 0.541439
v 10.628572 -0.250305 0.190128
v 10.628572 -0.250305 -0.190128
v 10.775443 -0.250305 -0.541439
v 11.195660 -0.250305 0.942144
v 11.107432 -0.250305 0.983135
v 11.107432 -0.250305 -0.983135
v 11.195660 -0.250305 -0.942144
v 11.038721 -0.250305 0.809656
v 11.038721 -0.250305 -0.809656
v 11.147423 0.208863 0.894590
v 11.037315 0.131053 0.809636
v 10.893072 0.208863 0.689165
v 11.028295 0.232187 0.809506
v 11.105901 0.242237 0.893186
v 10.848984 0.242237 0.689165
v 10.773745 0.247862 0.809473
v 10.774037 0.131052 0.541439
v 10.679860 0.208863 0.372973
v 10.765016 0.232187 0.541439
v 10.635827 0.242237 0.372973
v 10.507898 0.247862 0.541439
v 10.627174 0.131052 0.190128
v 10.604998 0.208863 0.000000
v 10.618207 0.232187 0.190128
v 10.561005 0.242237 0.000000
v 10.361067 0.247862 0.190128
v 10.627174 0.131052 -0.190128
v 10.679860 0.208863 -0.372973
v 10.618207 0.232187 -0.190128
v 10.635827 0.242237 -0.372973
v 10.361067 0.247862 -0.190128
v 10.774037 0.131052 -0.541439
v 10.893072 0.208863 -0.689165
v 10.765016 0.232187 -0.541439
v 10.848984 0.242237 -0.689165
v 10.507898 0.247862 -0.541439
v 10.560292 -0.250305 -0.997750
v 10.560292 -0.250305 0.997750
v 11.149706 0.242078 0.955076
v 10.953475 0.247443 0.960602
v 10.888942 0.242078 0.978704
v 11.101344 0.232187 0.975167
v 11.175413 0.208863 0.963250
v 10.911156 0.208863 0.990794
v 11.106611 0.131052 0.982060
v 10.888942 0.242078 -0.978704
v 10.953475 0.247443 -0.960602
v 11.149706 0.242078 -0.955076
v 11.101344 0.232187 -0.975167
v 10.911156 0.208863 -0.990794
v 11.175413 0.208863 -0.963250
v 11.106611 0.131052 -0.982060
v 10.998534 0.247652 -0.936886
v 11.105900 0.242237 -0.893186
v 11.185692 0.232187 -0.938512
v 11.147423 0.208863 -0.894590
v 11.194315 0.131052 -0.941654
v 10.548163 0.247443 0.969060
v 10.548163 0.247443 -0.969060
v 10.544436 0.232187 -0.988929
v 10.558153 0.131053 -0.996560
v 11.037315 0.131052 -0.809636
v 11.028295 0.232187 -0.809506
v 10.773745 0.247862 -0.809473
v 10.998534 0.247652 0.936886
v 11.185692 0.232187 0.938512
v 11.194315 0.131052 0.941654
v 10.446589 0.249695 0.895765
v 10.897549 -0.033680 0.689165
v 11.151849 -0.033680 0.895103
v 11.179052 -0.033680 0.965949
v 10.684313 -0.033680 0.372973
v 9.854184 0.249695 0.000000
v 10.609434 -0.033680 0.000000
v 9.929133 0.249695 -0.372973
v 10.684313 -0.033680 -0.372973
v 10.142667 0.249695 -0.689165
v 10.897549 -0.033680 -0.689165
v 11.151849 -0.033680 -0.895103
v 10.446589 0.249695 -0.895765
v 10.142667 0.249695 0.689165
v 10.914437 -0.033680 0.994538
v 9.929133 0.249695 0.372973
v 10.558153 0.131053 0.996560
v 10.544436 0.232187 0.988929
v 10.914437 -0.033680 -0.994538
v 11.179052 -0.033680 -0.965949
v 9.899649 -0.250305 0.957424
v 9.532876 -0.250305 0.810320
v 9.261494 -0.250305 0.541439
v 9.114623 -0.250305 0.190128
v 9.114623 -0.250305 -0.190128
v 9.261494 -0.250305 -0.541439
v 9.532876 -0.250305 -0.810320
v 9.899649 -0.250305 -0.957424
v 10.160261 0.242078 0.973404
v 10.112685 0.247652 0.946013
v 9.742232 0.242237 0.897766
v 9.890335 0.232187 0.952900
v 10.168179 0.208863 0.983955
v 9.705056 0.208863 0.899766
v 9.898393 0.131052 0.956814
v 9.802571 0.247862 0.809857
v 9.435046 0.242237 0.689165
v 9.544030 0.232187 0.810132
v 9.389066 0.208863 0.689165
v 9.534380 0.131052 0.810295
v 9.532172 0.247862 0.541439
v 9.221337 0.242237 0.372973
v 9.273208 0.232187 0.541439
v 9.175705 0.208863 0.372973
v 9.263074 0.131052 0.541439
v 9.384975 0.247862 0.190128
v 9.146309 0.242237 0.000000
v 9.126157 0.232187 0.190128
v 9.100786 0.208863 0.000000
v 9.116179 0.131052 0.190128
v 9.384975 0.247862 -0.190128
v 9.221337 0.242237 -0.372973
v 9.126157 0.232187 -0.190128
v 9.175705 0.208863 -0.372973
v 9.116179 0.131053 -0.190128
v 9.532172 0.247862 -0.541439
v 9.435046 0.242237 -0.689165
v 9.273208 0.232187 -0.541439
v 9.389065 0.208863 -0.689165
v 9.263074 0.131053 -0.541439
v 10.168179 0.208863 -0.983955
v 9.898393 0.131052 -0.956814
v 9.705056 0.208863 -0.899766
v 9.890335 0.232187 -0.952900
v 10.160261 0.242078 -0.973404
v 9.742232 0.242237 -0.897766
v 10.112685 0.247652 -0.946013
v 9.802571 0.247862 -0.809858
v 9.544030 0.232187 -0.810132
v 9.534380 0.131053 -0.810295
v 9.702990 -0.033680 0.900412
v 10.176577 -0.033680 0.987186
v 9.383976 -0.033680 0.689165
v 9.170734 -0.033680 0.372973
v 9.095854 -0.033680 0.000000
v 9.170734 -0.033680 -0.372973
v 9.383976 -0.033680 -0.689165
v 9.702990 -0.033680 -0.900412
v 10.176577 -0.033680 -0.987186
v 11.195492 -0.033680 0.942083
v 9.873163 0.249695 -0.190128
v 10.020192 0.249695 -0.541439
v 10.553231 0.208863 -0.993822
v 11.038546 -0.033680 -0.809653
v 10.560025 -0.033680 0.997601
v 11.107330 -0.033680 0.983000
v 10.560025 -0.033680 -0.997601
v 10.535797 0.242158 -0.981266
v 10.290087 0.249695 -0.809736
v 10.628398 -0.033680 0.190128
v 10.553231 0.208863 0.993822
v 11.038546 -0.033680 0.809653
v 10.628398 -0.033680 -0.190128
v 10.775268 -0.033680 -0.541439
v 10.775268 -0.033680 0.541439
v 9.873163 0.249695 0.190128
v 11.195492 -0.033680 -0.942083
v 11.107330 -0.033680 -0.983000
v 11.034078 0.208863 0.809589
v 10.990329 0.242237 0.809414
v 10.770800 0.208863 0.541439
v 10.726728 0.242237 0.541439
v 10.623957 0.208863 0.190128
v 10.579953 0.242237 0.190128
v 10.623957 0.208863 -0.190128
v 10.579953 0.242237 -0.190128
v 10.770800 0.208863 -0.541439
v 10.726728 0.242237 -0.541439
v 10.619731 0.249450 0.946498
v 10.020192 0.249695 0.541439
v 10.619731 0.249450 -0.946498
v 10.290087 0.249695 0.809736
v 11.078934 0.242158 0.968669
v 11.104721 0.208863 0.979587
v 11.078934 0.242158 -0.968669
v 11.104721 0.208863 -0.979587
v 11.156104 0.242197 -0.936146
v 11.191220 0.208863 -0.940527
v 11.034078 0.208863 -0.809589
v 10.990329 0.242237 -0.809414
v 11.156104 0.242197 0.936146
v 11.191220 0.208863 0.940527
v 9.533064 -0.033680 0.810317
v 9.261691 -0.033680 0.541439
v 9.114818 -0.033680 0.190128
v 9.114818 -0.033680 -0.190128
v 9.261691 -0.033680 -0.541439
v 9.533064 -0.033680 -0.810317
v 9.899491 -0.033680 -0.957347
v 9.899491 -0.033680 0.957347
v 9.912539 0.242197 0.949315
v 9.895501 0.208863 0.955409
v 9.582924 0.242237 0.809986
v 9.537844 0.208863 0.810236
v 9.312484 0.242237 0.541439
v 9.266710 0.208863 0.541439
v 9.165310 0.242237 0.190128
v 9.119760 0.208863 0.190128
v 9.165309 0.242237 -0.190128
v 9.119760 0.208863 -0.190128
v 9.312484 0.242237 -0.541439
v 9.266710 0.208863 -0.541439
v 9.895501 0.208863 -0.955409
v 9.912539 0.242197 -0.949315
v 9.582924 0.242237 -0.809986
v 9.537844 0.208863 -0.810236
v 10.535797 0.242158 0.981266
v 12.409725 -0.250305 0.689165
v 12.196488 -0.250305 0.372973
v 12.121609 -0.250305 0.000000
v 12.196488 -0.250305 -0.372974
v 12.409725 -0.250305 -0.689165
v 12.664023 -0.250305 0.895123
v 12.426566 -0.250305 0.994685
v 12.691196 -0.250305 0.966055
v 12.426566 -0.250305 -0.994685
v 12.664023 -0.250305 -0.895123
v 12.691196 -0.250305 -0.966055
v 12.416083 0.247862 0.893663
v 12.662630 0.131052 0.894961
v 12.653692 0.232187 0.893925
v 12.408316 0.131052 0.689165
v 12.142215 0.247862 0.689165
v 12.399277 0.232187 0.689165
v 12.195086 0.131052 0.372973
v 11.928962 0.247862 0.372973
v 12.186096 0.232187 0.372973
v 12.120213 0.131052 0.000000
v 11.854113 0.247862 0.000000
v 12.111253 0.232187 -0.000000
v 12.195086 0.131052 -0.372973
v 11.928962 0.247862 -0.372973
v 12.186096 0.232187 -0.372973
v 12.408316 0.131052 -0.689165
v 12.142215 0.247862 -0.689165
v 12.399277 0.232187 -0.689165
v 12.338463 0.246640 0.970511
v 12.425533 0.131052 0.993507
v 12.418909 0.232187 0.985948
v 12.579754 0.246640 0.951886
v 12.690050 0.131052 0.965205
v 12.682702 0.232187 0.959756
v 12.416083 0.247862 -0.893663
v 12.662630 0.131052 -0.894961
v 12.653692 0.232187 -0.893925
v 12.338463 0.246640 -0.970511
v 12.425533 0.131053 -0.993507
v 12.418909 0.232187 -0.985948
v 12.579754 0.246640 -0.951886
v 12.690050 0.131052 -0.965205
v 12.682702 0.232187 -0.959756
v 11.688908 -0.250305 0.987313
v 11.214908 -0.250305 0.900438
v 10.895776 -0.250305 0.689165
v 10.682539 -0.250305 0.372973
v 10.607659 -0.250305 0.000000
v 10.682539 -0.250305 -0.372974
v 10.895776 -0.250305 -0.689165
v 11.214908 -0.250305 -0.900438
v 11.688908 -0.250305 -0.987313
v 11.669307 0.232187 0.979773
v 11.749984 0.246640 0.965863
v 11.472986 0.247862 0.896736
v 11.219731 0.232187 0.898929
v 11.686264 0.131053 0.986296
v 11.215558 0.131052 0.900234
v 11.166770 0.247862 0.689165
v 10.907654 0.232187 0.689165
v 10.897378 0.131052 0.689165
v 10.953011 0.247862 0.372973
v 10.694139 0.232187 0.372973
v 10.684103 0.131053 0.372973
v 10.877973 0.247862 0.000000
v 10.619171 0.232187 -0.000000
v 10.609213 0.131052 0.000000
v 10.953011 0.247862 -0.372973
v 10.694139 0.232187 -0.372973
v 10.684103 0.131053 -0.372973
v 11.166770 0.247862 -0.689165
v 10.907654 0.232187 -0.689165
v 10.897378 0.131053 -0.689165
v 11.669307 0.232187 -0.979773
v 11.686264 0.131052 -0.986296
v 11.215558 0.131052 -0.900234
v 11.219731 0.232187 -0.898929
v 11.749984 0.246640 -0.965863
v 11.472986 0.247862 -0.896736
v 12.287443 -0.250305 0.541439
v 12.140573 -0.250305 0.190128
v 12.140573 -0.250305 -0.190128
v 12.287443 -0.250305 -0.541439
v 12.707660 -0.250305 0.942144
v 12.619432 -0.250305 0.983135
v 12.619432 -0.250305 -0.983135
v 12.707660 -0.250305 -0.942144
v 12.550721 -0.250305 0.809656
v 12.550721 -0.250305 -0.809656
v 12.659423 0.208863 0.894590
v 12.549314 0.131053 0.809636
v 12.405072 0.208863 0.689165
v 12.540295 0.232187 0.809506
v 12.617901 0.242237 0.893186
v 12.360984 0.242237 0.689165
v 12.285745 0.247862 0.809473
v 12.286037 0.131052 0.541439
v 12.191860 0.208863 0.372973
v 12.277016 0.232187 0.541439
v 12.147827 0.242237 0.372973
v 12.019898 0.247862 0.541439
v 12.139174 0.131052 0.190128
v 12.116998 0.208863 0.000000
v 12.130207 0.232187 0.190128
v 12.073005 0.242237 0.000000
v 11.873068 0.247862 0.190128
v 12.139174 0.131052 -0.190128
v 12.191860 0.208863 -0.372973
v 12.130207 0.232187 -0.190128
v 12.147827 0.242237 -0.372973
v 11.873067 0.247862 -0.190128
v 12.286037 0.131052 -0.541439
v 12.405072 0.208863 -0.689165
v 12.277016 0.232187 -0.541439
v 12.360984 0.242237 -0.689165
v 12.019898 0.247862 -0.541439
v 12.072292 -0.250305 -0.997750
v 12.072292 -0.250305 0.997750
v 12.661706 0.242078 0.955076
v 12.465475 0.247443 0.960602
v 12.400942 0.242078 0.978704
v 12.613344 0.232187 0.975167
v 12.687413 0.208863 0.963250
v 12.423156 0.208863 0.990794
v 12.618611 0.131052 0.982060
v 12.400942 0.242078 -0.978704
v 12.465475 0.247443 -0.960602
v 12.661706 0.242078 -0.955076
v 12.613344 0.232187 -0.975167
v 12.423156 0.208863 -0.990794
v 12.687413 0.208863 -0.963250
v 12.618611 0.131052 -0.982060
v 12.510534 0.247652 -0.936886
v 12.617901 0.242237 -0.893186
v 12.697692 0.232187 -0.938512
v 12.659423 0.208863 -0.894590
v 12.706315 0.131052 -0.941654
v 12.060163 0.247443 0.969060
v 12.060163 0.247443 -0.969060
v 12.056437 0.232187 -0.988929
v 12.070153 0.131053 -0.996560
v 12.549314 0.131052 -0.809636
v 12.540295 0.232187 -0.809506
v 12.285745 0.247862 -0.809473
v 12.510534 0.247652 0.936886
v 12.697692 0.232187 0.938512
v 12.706315 0.131052 0.941654
v 11.958589 0.249695 0.895765
v 12.409549 -0.033680 0.689165
v 12.663849 -0.033680 0.895103
v 12.691053 -0.033680 0.965949
v 12.196313 -0.033680 0.372973
v 11.366184 0.249695 0.000000
v 12.121434 -0.033680 0.000000
v 11.441133 0.249695 -0.372973
v 12.196313 -0.033680 -0.372973
v 11.654667 0.249695 -0.689165
v 12.409549 -0.033680 -0.689165
v 12.663849 -0.033680 -0.895103
v 11.958589 0.249695 -0.895765
v 11.654667 0.249695 0.689165
v 12.426437 -0.033680 0.994538
v 11.441133 0.249695 0.372973
v 12.070153 0.131053 0.996560
v 12.056437 0.232187 0.988929
v 12.426437 -0.033680 -0.994538
v 12.691052 -0.033680 -0.965949
v 11.411649 -0.250305 0.957424
v 11.044876 -0.250305 0.810320
v 10.773494 -0.250305 0.541439
v 10.626623 -0.250305 0.190128
v 10.626623 -0.250305 -0.190128
v 10.773494 -0.250305 -0.541439
v 11.044876 -0.250305 -0.810320
v 11.411649 -0.250305 -0.957424
v 11.672261 0.242078 0.973404
v 11.624685 0.247652 0.946013
v 11.254232 0.242237 0.897766
v 11.402335 0.232187 0.952900
v 11.680179 0.208863 0.983955
v 11.217056 0.208863 0.899766
v 11.410393 0.131052 0.956814
v 11.314571 0.247862 0.809857
v 10.947046 0.242237 0.689165
v 11.056030 0.232187 0.810132
v 10.901066 0.208863 0.689165
v 11.046381 0.131052 0.810295
v 11.044172 0.247862 0.541439
v 10.733337 0.242237 0.372973
v 10.785208 0.232187 0.541439
v 10.687705 0.208863 0.372973
v 10.775074 0.131052 0.541439
v 10.896975 0.247862 0.190128
v 10.658309 0.242237 0.000000
v 10.638157 0.232187 0.190128
v 10.612786 0.208863 0.000000
v 10.628180 0.131052 0.190128
v 10.896976 0.247862 -0.190128
v 10.733337 0.242237 -0.372973
v 10.638157 0.232187 -0.190128
v 10.687705 0.208863 -0.372973
v 10.628179 0.131053 -0.190128
v 11.044172 0.247862 -0.541439
v 10.947046 0.242237 -0.689165
v 10.785208 0.232187 -0.541439
v 10.901066 0.208863 -0.689165
v 10.775074 0.131053 -0.541439
v 11.680179 0.208863 -0.983955
v 11.410393 0.131052 -0.956814
v 11.217056 0.208863 -0.899766
v 11.402335 0.232187 -0.952900
v 11.672261 0.242078 -0.973404
v 11.254232 0.242237 -0.897766
v 11.624685 0.247652 -0.946013
v 11.314571 0.247862 -0.809858
v 11.056030 0.232187 -0.810132
v 11.046381 0.131053 -0.810295
v 11.214990 -0.033680 0.900412
v 11.688577 -0.033680 0.987186
v 10.895976 -0.033680 0.689165
v 10.682734 -0.033680 0.372973
v 10.607854 -0.033680 0.000000
v 10.682734 -0.033680 -0.372973
v 10.895976 -0.033680 -0.689165
v 11.214989 -0.033680 -0.900412
v 11.688577 -0.033680 -0.987186
v 12.707492 -0.033680 0.942083
v 11.385164 0.249695 -0.190128
v 11.532192 0.249695 -0.541439
v 12.065231 0.208863 -0.993822
v 12.550546 -0.033680 -0.809653
v 12.072025 -0.033680 0.997601
v 12.619330 -0.033680 0.983000
v 12.072025 -0.033680 -0.997601
v 12.047797 0.242158 -0.981266
v 11.802088 0.249695 -0.809736
v 12.140398 -0.033680 0.190128
v 12.065231 0.208863 0.993822
v 12.550546 -0.033680 0.809653
v 12.140398 -0.033680 -0.190128
v 12.287268 -0.033680 -0.541439
v 12.287268 -0.033680 0.541439
v 11.385163 0.249695 0.190128
v 12.707492 -0.033680 -0.942083
v 12.619330 -0.033680 -0.983000
v 12.546078 0.208863 0.809589
v 12.502329 0.242237 0.809414
v 12.282800 0.208863 0.541439
v 12.238729 0.242237 0.541439
v 12.135957 0.208863 0.190128
v 12.091953 0.242237 0.190128
v 12.135957 0.208863 -0.190128
v 12.091953 0.242237 -0.190128
v 12.282800 0.208863 -0.541439
v 12.238729 0.242237 -0.541439
v 12.131731 0.249450 0.946498
v 11.532192 0.249695 0.541439
v 12.131731 0.249450 -0.946498
v 11.802088 0.249695 0.809736
v 12.590934 0.242158 0.968669
v 12.616721 0.208863 0.979587
v 12.590934 0.242158 -0.968669
v 12.616721 0.208863 -0.979587
v 12.668104 0.242197 -0.936146
v 12.703220 0.208863 -0.940527
v 12.546078 0.208863 -0.809589
v 12.502329 0.242237 -0.809414
v 12.668104 0.242197 0.936146
v 12.703220 0.208863 0.940527
v 11.045064 -0.033680 0.810317
v 10.773691 -0.033680 0.541439
v 10.626818 -0.033680 0.190128
v 10.626818 -0.033680 -0.190128
v 10.773691 -0.033680 -0.541439
v 11.045064 -0.033680 -0.810317
v 11.411491 -0.033680 -0.957347
v 11.411491 -0.033680 0.957347
v 11.424539 0.242197 0.949315
v 11.407501 0.208863 0.955409
v 11.094924 0.242237 0.809986
v 11.049843 0.208863 0.810236
v 10.824484 0.242237 0.541439
v 10.778710 0.208863 0.541439
v 10.677309 0.242237 0.190128
v 10.631760 0.208863 0.190128
v 10.677309 0.242237 -0.190128
v 10.631760 0.208863 -0.190128
v 10.824484 0.242237 -0.541439
v 10.778710 0.208863 -0.541439
v 11.407501 0.208863 -0.955409
v 11.424539 0.242197 -0.949315
v 11.094924 0.242237 -0.809986
v 11.049843 0.208863 -0.810236
v 12.047797 0.242158 0.981266
v 13.921725 -0.250305 0.689165
v 13.708488 -0.250305 0.372973
v 13.633609 -0.250305 0.000000
v 13.708488 -0.250305 -0.372974
v 13.921725 -0.250305 -0.689165
v 14.176023 -0.250305 0.895123
v 13.938566 -0.250305 0.994685
v 14.203197 -0.250305 0.966055
v 13.938566 -0.250305 -0.994685
v 14.176023 -0.250305 -0.895123
v 14.203197 -0.250305 -0.966055
v 13.928083 0.247862 0.893663
v 14.174630 0.131052 0.894961
v 14.165692 0.232187 0.893925
v 13.920316 0.131052 0.689165
v 13.654215 0.247862 0.689165
v 13.911277 0.232187 0.689165
v 13.707087 0.131052 0.372973
v 13.440962 0.247862 0.372973
v 13.698096 0.232187 0.372973
v 13.632213 0.131052 0.000000
v 13.366113 0.247862 0.000000
v 13.623253 0.232187 -0.000000
v 13.707087 0.131052 -0.372973
v 13.440962 0.247862 -0.372973
v 13.698096 0.232187 -0.372973
v 13.920316 0.131052 -0.689165
v 13.654215 0.247862 -0.689165
v 13.911277 0.232187 -0.689165
v 13.850463 0.246640 0.970511
v 13.937533 0.131052 0.993507
v 13.930909 0.232187 0.985948
v 14.091754 0.246640 0.951886
v 14.202050 0.131052 0.965205
v 14.194702 0.232187 0.959756
v 13.928083 0.247862 -0.893663
v 14.174630 0.131052 -0.894961
v 14.165692 0.232187 -0.893925
v 13.850463 0.246640 -0.970511
v 13.937533 0.131053 -0.993507
v 13.930909 0.232187 -0.985948
v 14.091754 0.246640 -0.951886
v 14.202050 0.131052 -0.965205
v 14.194702 0.232187 -0.959756
v 13.200908 -0.250305 0.987313
v 12.726908 -0.250305 0.900438
v 12.407776 -0.250305 0.689165
v 12.194539 -0.250305 0.372973
v 12.119659 -0.250305 0.000000
v 12.194539 -0.250305 -0.372974
v 12.407776 -0.250305 -0.689165
v 12.726908 -0.250305 -0.900438
v 13.200908 -0.250305 -0.987313
v 13.181307 0.232187 0.979773
v 13.261984 0.246640 0.965863
v 12.984986 0.247862 0.896736
v 12.731731 0.232187 0.898929
v 13.198264 0.131053 0.986296
v 12.727558 0.131052 0.900234
v 12.678770 0.247862 0.689165
v 12.419654 0.232187 0.689165
v 12.409378 0.131052 0.689165
v 12.465010 0.247862 0.372973
v 12.206139 0.232187 0.372973
v 12.196104 0.131053 0.372973
v 12.389973 0.247862 0.000000
v 12.131172 0.232187 -0.000000
v 12.121213 0.131052 0.000000
v 12.465010 0.247862 -0.372973
v 12.206140 0.232187 -0.372973
v 12.196104 0.131053 -0.372973
v 12.678770 0.247862 -0.689165
v 12.419654 0.232187 -0.689165
v 12.409378 0.131053 -0.689165
v 13.181307 0.232187 -0.979773
v 13.198264 0.131052 -0.986296
v 12.727558 0.131052 -0.900234
v 12.731731 0.232187 -0.898929
v 13.261984 0.246640 -0.965863
v 12.984986 0.247862 -0.896736
v 13.799443 -0.250305 0.541439
v 13.652573 -0.250305 0.190128
v 13.652573 -0.250305 -0.190128
v 13.799443 -0.250305 -0.541439
v 14.219660 -0.250305 0.942144
v 14.131433 -0.250305 0.983135
v 14.131433 -0.250305 -0.983135
v 14.219660 -0.250305 -0.942144
v 14.062721 -0.250305 0.809656
v 14.062721 -0.250305 -0.809656
v 14.171423 0.208863 0.894590
v 14.061316 0.131053 0.809636
v 13.917072 0.208863 0.689165
v 14.052295 0.232187 0.809506
v 14.129901 0.242237 0.893186
v 13.872984 0.242237 0.689165
v 13.797745 0.247862 0.809473
v 13.798038 0.131052 0.541439
v 13.703860 0.208863 0.372973
v 13.789016 0.232187 0.541439
v 13.659827 0.242237 0.372973
v 13.531898 0.247862 0.541439
v 13.651175 0.131052 0.190128
v 13.628998 0.208863 0.000000
v 13.642207 0.232187 0.190128
v 13.585005 0.242237 0.000000
v 13.385067 0.247862 0.190128
v 13.651175 0.131052 -0.190128
v 13.703860 0.208863 -0.372973
v 13.642207 0.232187 -0.190128
v 13.659827 0.242237 -0.372973
v 13.385067 0.247862 -0.190128
v 13.798038 0.131052 -0.541439
v 13.917072 0.208863 -0.689165
v 13.789016 0.232187 -0.541439
v 13.872984 0.242237 -0.689165
v 13.531898 0.247862 -0.541439
v 13.584292 -0.250305 -0.997750
v 13.584292 -0.250305 0.997750
v 14.173706 0.242078 0.955076
v 13.977475 0.247443 0.960602
v 13.912942 0.242078 0.978704
v 14.125344 0.232187 0.975167
v 14.199413 0.208863 0.963250
v 13.935156 0.208863 0.990794
v 14.130611 0.131052 0.982060
v 13.912942 0.242078 -0.978704
v 13.977475 0.247443 -0.960602
v 14.173706 0.242078 -0.955076
v 14.125344 0.232187 -0.975167
v 13.935156 0.208863 -0.990794
v 14.199413 0.208863 -0.963250
v 14.130611 0.131052 -0.982060
v 14.022534 0.247652 -0.936886
v 14.129900 0.242237 -0.893186
v 14.209692 0.232187 -0.938512
v 14.171423 0.208863 -0.894590
v 14.218315 0.131052 -0.941654
v 13.572164 0.247443 0.969060
v 13.572164 0.247443 -0.969060
v 13.568437 0.232187 -0.988929
v 13.582153 0.131053 -0.996560
v 14.061316 0.131052 -0.809636
v 14.052295 0.232187 -0.809506
v 13.797745 0.247862 -0.809473
v 14.022534 0.247652 0.936886
v 14.209692 0.232187 0.938512
v 14.218315 0.131052 0.941654
v 13.470589 0.249695 0.895765
v 13.921549 -0.033680 0.689165
v 14.175849 -0.033680 0.895103
v 14.203053 -0.033680 0.965949
v 13.708313 -0.033680 0.372973
v 12.878184 0.249695 0.000000
v 13.633434 -0.033680 0.000000
v 12.953134 0.249695 -0.372973
v 13.708313 -0.033680 -0.372973
v 13.166667 0.249695 -0.689165
v 13.921549 -0.033680 -0.689165
v 14.175849 -0.033680 -0.895103
v 13.470589 0.249695 -0.895765
v 13.166667 0.249695 0.689165
v 13.938437 -0.033680 0.994538
v 12.953134 0.249695 0.372973
v 13.582153 0.131053 0.996560
v 13.568437 0.232187 0.988929
v 13.938437 -0.033680 -0.994538
v 14.203053 -0.033680 -0.965949
v 12.923649 -0.250305 0.957424
v 12.556876 -0.250305 0.810320
v 12.285494 -0.250305 0.541439
v 12.138623 -0.250305 0.190128
v 12.138623 -0.250305 -0.190128
v 12.285494 -0.250305 -0.541439
v 12.556876 -0.250305 -0.810320
v 12.923649 -0.250305 -0.957424
v 13.184261 0.242078 0.973404
v 13.136685 0.247652 0.946013
v 12.766232 0.242237 0.897766
v 12.914335 0.232187 0.952900
v 13.192179 0.208863 0.983955
v 12.729056 0.208863 0.899766
v 12.922393 0.131052 0.956814
v 12.826571 0.247862 0.809857
v 12.459046 0.242237 0.689165
v 12.568030 0.232187 0.810132
v 12.413066 0.208863 0.689165
v 12.558380 0.131052 0.810295
v 12.556172 0.247862 0.541439
v 12.245337 0.242237 0.372973
v 12.297208 0.232187 0.541439
v 12.199705 0.208863 0.372973
v 12.287074 0.131052 0.541439
v 12.408976 0.247862 0.190128
v 12.170309 0.242237 0.000000
v 12.150157 0.232187 0.190128
v 12.124786 0.208863 0.000000
v 12.140179 0.131052 0.190128
v 12.408976 0.247862 -0.190128
v 12.245337 0.242237 -0.372973
v 12.150157 0.232187 -0.190128
v 12.199705 0.208863 -0.372973
v 12.140179 0.131053 -0.190128
v 12.556172 0.247862 -0.541439
v 12.459046 0.242237 -0.689165
v 12.297208 0.232187 -0.541439
v 12.413065 0.208863 -0.689165
v 12.287074 0.131053 -0.541439
v 13.192179 0.208863 -0.983955
v 12.922393 0.131052 -0.956814
v 12.729056 0.208863 -0.899766
v 12.914335 0.232187 -0.952900
v 13.184261 0.242078 -0.973404
v 12.766232 0.242237 -0.897766
v 13.136685 0.247652 -0.946013
v 12.826571 0.247862 -0.809858
v 12.568030 0.232187 -0.810132
v 12.558380 0.131053 -0.810295
v 12.726990 -0.033680 0.900412
v 13.200577 -0.033680 0.987186
v 12.407976 -0.033680 0.689165
v 12.194735 -0.033680 0.372973
v 12.119854 -0.033680 0.000000
v 12.194735 -0.033680 -0.372973
v 12.407976 -0.033680 -0.689165
v 12.726990 -0.033680 -0.900412
v 13.200577 -0.033680 -0.987186
v 14.219492 -0.033680 0.942083
v 12.897163 0.249695 -0.190128
v 13.044192 0.249695 -0.541439
v 13.577231 0.208863 -0.993822
v 14.062546 -0.033680 -0.809653
v 13.584025 -0.033680 0.997601
v 14.131330 -0.033680 0.983000
v 13.584025 -0.033680 -0.997601
v 13.559797 0.242158 -0.981266
v 13.314087 0.249695 -0.809736
v 13.652398 -0.033680 0.190128
v 13.577231 0.208863 0.993822
v 14.062546 -0.033680 0.809653
v 13.652398 -0.033680 -0.190128
v 13.799268 -0.033680 -0.541439
v 13.799268 -0.033680 0.541439
v 12.897163 0.249695 0.190128
v 14.219492 -0.033680 -0.942083
v 14.131330 -0.033680 -0.983000
v 14.058078 0.208863 0.809589
v 14.014329 0.242237 0.809414
v 13.794800 0.208863 0.541439
v 13.750729 0.242237 0.541439
v 13.647957 0.208863 0.190128
v 13.603953 0.242237 0.190128
v 13.647957 0.208863 -0.190128
v 13.603953 0.242237 -0.190128
v 13.794800 0.208863 -0.541439
v 13.750729 0.242237 -0.541439
v 13.643731 0.249450 0.946498
v 13.044192 0.249695 0.541439
v 13.643731 0.249450 -0.946498
v 13.314087 0.249695 0.809736
v 14.102934 0.242158 0.968669
v 14.128721 0.208863 0.979587
v 14.102934 0.242158 -0.968669
v 14.128721 0.208863 -0.979587
v 14.180104 0.242197 -0.936146
v 14.215220 0.208863 -0.940527
v 14.058078 0.208863 -0.809589
v 14.014329 0.242237 -0.809414
v 14.180104 0.242197 0.936146
v 14.215220 0.208863 0.940527
v 12.557064 -0.033680 0.810317
v 12.285691 -0.033680 0.541439
v 12.138818 -0.033680 0.190128
v 12.138818 -0.033680 -0.190128
v 12.285691 -0.033680 -0.541439
v 12.557064 -0.033680 -0.810317
v 12.923491 -0.033680 -0.957347
v 12.923491 -0.033680 0.957347
v 12.936539 0.242197 0.949315
v 12.919501 0.208863 0.955409
v 12.606924 0.242237 0.809986
v 12.561844 0.208863 0.810236
v 12.336484 0.242237 0.541439
v 12.290710 0.208863 0.541439
v 12.189310 0.242237 0.190128
v 12.143760 0.208863 0.190128
v 12.189309 0.242237 -0.190128
v 12.143760 0.208863 -0.190128
v 12.336484 0.242237 -0.541439
v 12.290710 0.208863 -0.541439
v 12.919501 0.208863 -0.955409
v 12.936539 0.242197 -0.949315
v 12.606924 0.242237 -0.809986
v 12.561844 0.208863 -0.810236
v 13.559797 0.242158 0.981266
v 15.433725 -0.250305 0.689165
v 15.220489 -0.250305 0.372973
v 15.145609 -0.250305 0.000000
v 15.220489 -0.250305 -0.372974
v 15.433725 -0.250305 -0.689165
v 15.688024 -0.250305 0.895123
v 15.450566 -0.250305 0.994685
v 15.715197 -0.250305 0.966055
v 15.450566 -0.250305 -0.994685
v 15.688024 -0.250305 -0.895123
v 15.715197 -0.250305 -0.966055
v 15.440084 0.247862 0.893663
v 15.686630 0.131052 0.894961
v 15.677692 0.232187 0.893925
v 15.432316 0.131052 0.689165
v 15.166215 0.247862 0.689165
v 15.423277 0.232187 0.689165
v 15.219087 0.131052 0.372973
v 14.952962 0.247862 0.372973
v 15.210096 0.232187 0.372973
v 15.144213 0.131052 0.000000
v 14.878113 0.247862 0.000000
v 15.135253 0.232187 -0.000000
v 15.219087 0.131052 -0.372973
v 14.952962 0.247862 -0.372973
v 15.210096 0.232187 -0.372973
v 15.432316 0.131052 -0.689165
v 15.166215 0.247862 -0.689165
v 15.423277 0.232187 -0.689165
v 15.362463 0.246640 0.970511
v 15.449533 0.131052 0.993507
v 15.442909 0.232187 0.985948
v 15.603754 0.246640 0.951886
v 15.714050 0.131052 0.965205
v 15.706702 0.232187 0.959756
v 15.440084 0.247862 -0.893663
v 15.686630 0.131052 -0.894961
v 15.677692 0.232187 -0.893925
v 15.362463 0.246640 -0.970511
v 15.449533 0.131053 -0.993507
v 15.442909 0.232187 -0.985948
v 15.603754 0.246640 -0.951886
v 15.714050 0.131052 -0.965205
v 15.706702 0.232187 -0.959756
v 14.712908 -0.250305 0.987313
v 14.238908 -0.250305 0.900438
v 13.919776 -0.250305 0.689165
v 13.706539 -0.250305 0.372973
v 13.631660 -0.250305 0.000000
v 13.706539 -0.250305 -0.372974
v 13.919776 -0.250305 -0.689165
v 14.238908 -0.250305 -0.900438
v 14.712908 -0.250305 -0.987313
v 14.693307 0.232187 0.979773
v 14.773984 0.246640 0.965863
v 14.496986 0.247862 0.896736
v 14.243731 0.232187 0.898929
v 14.710264 0.131053 0.986296
v 14.239558 0.131052 0.900234
v 14.190770 0.247862 0.689165
v 13.931654 0.232187 0.689165
v 13.921378 0.131052 0.689165
v 13.977011 0.247862 0.372973
v 13.718140 0.232187 0.372973
v 13.708103 0.131053 0.372973
v 13.901973 0.247862 0.000000
v 13.643171 0.232187 -0.000000
v 13.633213 0.131052 0.000000
v 13.977011 0.247862 -0.372973
v 13.718140 0.232187 -0.372973
v 13.708103 0.131053 -0.372973
v 14.190770 0.247862 -0.689165
v 13.931654 0.232187 -0.689165
v 13.921378 0.131053 -0.689165
v 14.693307 0.232187 -0.979773
v 14.710264 0.131052 -0.986296
v 14.239558 0.131052 -0.900234
v 14.243731 0.232187 -0.898929
v 14.773984 0.246640 -0.965863
v 14.496986 0.247862 -0.896736
v 15.311443 -0.250305 0.541439
v 15.164573 -0.250305 0.190128
v 15.164573 -0.250305 -0.190128
v 15.311443 -0.250305 -0.541439
v 15.731660 -0.250305 0.942144
v 15.643433 -0.250305 0.983135
v 15.643433 -0.250305 -0.983135
v 15.731660 -0.250305 -0.942144
v 15.574721 -0.250305 0.809656
v 15.574721 -0.250305 -0.809656
v 15.683423 0.208863 0.894590
v 15.573315 0.131053 0.809636
v 15.429072 0.208863 0.689165
v 15.564295 0.232187 0.809506
v 15.641901 0.242237 0.893186
v 15.384984 0.242237 0.689165
v 15.309745 0.247862 0.809473
v 15.310038 0.131052 0.541439
v 15.215860 0.208863 0.372973
v 15.301016 0.232187 0.541439
v 15.171827 0.242237 0.372973
v 15.043899 0.247862 0.541439
v 15.163175 0.131052 0.190128
v 15.140998 0.208863 0.000000
v 15.154207 0.232187 0.190128
v 15.097005 0.242237 0.000000
v 14.897068 0.247862 0.190128
v 15.163175 0.131052 -0.190128
v 15.215860 0.208863 -0.372973
v 15.154207 0.232187 -0.190128
v 15.171827 0.242237 -0.372973
v 14.897067 0.247862 -0.190128
v 15.310038 0.131052 -0.541439
v 15.429072 0.208863 -0.689165
v 15.301016 0.232187 -0.541439
v 15.384984 0.242237 -0.689165
v 15.043899 0.247862 -0.541439
v 15.096292 -0.250305 -0.997750
v 15.096292 -0.250305 0.997750
v 15.685706 0.242078 0.955076
v 15.489475 0.247443 0.960602
v 15.424942 0.242078 0.978704
v 15.637344 0.232187 0.975167
v 15.711413 0.208863 0.963250
v 15.447156 0.208863 0.990794
v 15.642612 0.131052 0.982060
v 15.424942 0.242078 -0.978704
v 15.489475 0.247443 -0.960602
v 15.685706 0.242078 -0.955076
v 15.637344 0.232187 -0.975167
v 15.447156 0.208863 -0.990794
v 15.711413 0.208863 -0.963250
v 15.642612 0.131052 -0.982060
v 15.534534 0.247652 -0.936886
v 15.641901 0.242237 -0.893186
v 15.721692 0.232187 -0.938512
v 15.683423 0.208863 -0.894590
v 15.730315 0.131052 -0.941654
v 15.084164 0.247443 0.969060
v 15.084164 0.247443 -0.969060
v 15.080437 0.232187 -0.988929
v 15.094153 0.131053 -0.996560
v 15.573315 0.131052 -0.809636
v 15.564295 0.232187 -0.809506
v 15.309745 0.247862 -0.809473
v 15.534534 0.247652 0.936886
v 15.721692 0.232187 0.938512
v 15.730315 0.131052 0.941654
v 14.982589 0.249695 0.895765
v 15.433549 -0.033680 0.689165
v 15.687849 -0.033680 0.895103
v 15.715054 -0.033680 0.965949
v 15.220313 -0.033680 0.372973
v 14.390184 0.249695 0.000000
v 15.145434 -0.033680 0.000000
v 14.465134 0.249695 -0.372973
v 15.220313 -0.033680 -0.372973
v 14.678667 0.249695 -0.689165
v 15.433549 -0.033680 -0.689165
v 15.687849 -0.033680 -0.895103
v 14.982589 0.249695 -0.895765
v 14.678667 0.249695 0.689165
v 15.450438 -0.033680 0.994538
v 14.465134 0.249695 0.372973
v 15.094153 0.131053 0.996560
v 15.080437 0.232187 0.988929
v 15.450438 -0.033680 -0.994538
v 15.715053 -0.033680 -0.965949
v 14.435649 -0.250305 0.957424
v 14.068876 -0.250305 0.810320
v 13.797494 -0.250305 0.541439
v 13.650623 -0.250305 0.190128
v 13.650623 -0.250305 -0.190128
v 13.797494 -0.250305 -0.541439
v 14.068876 -0.250305 -0.810320
v 14.435649 -0.250305 -0.957424
v 14.696261 0.242078 0.973404
v 14.648685 0.247652 0.946013
v 14.278233 0.242237 0.897766
v 14.426335 0.232187 0.952900
v 14.704179 0.208863 0.983955
v 14.241056 0.208863 0.899766
v 14.434393 0.131052 0.956814
v 14.338572 0.247862 0.809857
v 13.971046 0.242237 0.689165
v 14.080030 0.232187 0.810132
v 13.925066 0.208863 0.689165
v 14.070381 0.131052 0.810295
v 14.068172 0.247862 0.541439
v 13.757338 0.242237 0.372973
v 13.809208 0.232187 0.541439
v 13.711705 0.208863 0.372973
v 13.799074 0.131052 0.541439
v 13.920975 0.247862 0.190128
v 13.682309 0.242237 0.000000
v 13.662157 0.232187 0.190128
v 13.636786 0.208863 0.000000
v 13.652180 0.131052 0.190128
v 13.920976 0.247862 -0.190128
v 13.757338 0.242237 -0.372973
v 13.662157 0.232187 -0.190128
v 13.711705 0.208863 -0.372973
v 13.652179 0.131053 -0.190128
v 14.068172 0.247862 -0.541439
v 13.971046 0.242237 -0.689165
v 13.809208 0.232187 -0.541439
v 13.925066 0.208863 -0.689165
v 13.799074 0.131053 -0.541439
v 14.704179 0.208863 -0.983955
v 14.434393 0.131052 -0.956814
v 14.241056 0.208863 -0.899766
v 14.426335 0.232187 -0.952900
v 14.696261 0.242078 -0.973404
v 14.278233 0.242237 -0.897766
v 14.648685 0.247652 -0.946013
v 14.338572 0.247862 -0.809858
v 14.080030 0.232187 -0.810132
v 14.070381 0.131053 -0.810295
v 14.238990 -0.033680 0.900412
v 14.712577 -0.033680 0.987186
v 13.919976 -0.033680 0.689165
v 13.706735 -0.033680 0.372973
v 13.631854 -0.033680 0.000000
v 13.706735 -0.033680 -0.372973
v 13.919976 -0.033680 -0.689165
v 14.238989 -0.033680 -0.900412
v 14.712577 -0.033680 -0.987186
v 15.731492 -0.033680 0.942083
v 14.409164 0.249695 -0.190128
v 14.556192 0.249695 -0.541439
v 15.089231 0.208863 -0.993822
v 15.574546 -0.033680 -0.809653
v 15.096025 -0.033680 0.997601
v 15.643331 -0.033680 0.983000
v 15.096025 -0.033680 -0.997601
v 15.071797 0.242158 -0.981266
v 14.826088 0.249695 -0.809736
v 15.164398 -0.033680 0.190128
v 15.089231 0.208863 0.993822
v 15.574546 -0.033680 0.809653
v 15.164398 -0.033680 -0.190128
v 15.311268 -0.033680 -0.541439
v 15.311268 -0.033680 0.541439
v 14.409163 0.249695 0.190128
v 15.731492 -0.033680 -0.942083
v 15.643331 -0.033680 -0.983000
v 15.570078 0.208863 0.809589
v 15.526329 0.242237 0.809414
v 15.306800 0.208863 0.541439
v 15.262729 0.242237 0.541439
v 15.159957 0.208863 0.190128
v 15.115953 0.242237 0.190128
v 15.159957 0.208863 -0.190128
v 15.115953 0.242237 -0.190128
v 15.306800 0.208863 -0.541439
v 15.262729 0.242237 -0.541439
v 15.155731 0.249450 0.946498
v 14.556192 0.249695 0.541439
v 15.155731 0.249450 -0.946498
v 14.826088 0.249695 0.809736
v 15.614934 0.242158 0.968669
v 15.640721 0.208863 0.979587
v 15.614934 0.242158 -0.968669
v 15.640721 0.208863 -0.979587
v 15.692104 0.242197 -0.936146
v 15.727221 0.208863 -0.940527
v 15.570078 0.208863 -0.809589
v 15.526329 0.242237 -0.809414
v 15.692104 0.242197 0.936146
v 15.727221 0.208863 0.940527
v 14.069064 -0.033680 0.810317
v 13.797691 -0.033680 0.541439
v 13.650818 -0.033680 0.190128
v 13.650818 -0.033680 -0.190128
v 13.797691 -0.033680 -0.541439
v 14.069064 -0.033680 -0.810317
v 14.435492 -0.033680 -0.957347
v 14.435492 -0.033680 0.957347
v 14.448539 0.242197 0.949315
v 14.431501 0.208863 0.955409
v 14.118924 0.242237 0.809986
v 14.073843 0.208863 0.810236
v 13.848484 0.242237 0.541439
v 13.802711 0.208863 0.541439
v 13.701309 0.242237 0.190128
v 13.655760 0.208863 0.190128
v 13.701309 0.242237 -0.190128
v 13.655760 0.208863 -0.190128
v 13.848484 0.242237 -0.541439
v 13.802711 0.208863 -0.541439
v 14.431501 0.208863 -0.955409
v 14.448539 0.242197 -0.949315
v 14.118924 0.242237 -0.809986
v 14.073843 0.208863 -0.810236
v 15.071797 0.242158 0.981266
v 16.945726 -0.250305 0.689165
v 16.732489 -0.250305 0.372973
v 16.657610 -0.250305 0.000000
v 16.732489 -0.250305 -0.372974
v 16.945726 -0.250305 -0.689165
v 17.200024 -0.250305 0.895123
v 16.962566 -0.250305 0.994685
v 17.227196 -0.250305 0.966055
v 16.962566 -0.250305 -0.994685
v 17.200024 -0.250305 -0.895123
v 17.227196 -0.250305 -0.966055
v 16.952084 0.247862 0.893663
v 17.198631 0.131052 0.894961
v 17.189693 0.232187 0.893925
v 16.944317 0.131052 0.689165
v 16.678215 0.247862 0.689165
v 16.935278 0.232187 0.689165
v 16.731087 0.131052 0.372973
v 16.464962 0.247862 0.372973
v 16.722095 0.232187 0.372973
v 16.656212 0.131052 0.000000
v 16.390114 0.247862 0.000000
v 16.647253 0.232187 -0.000000
v 16.731087 0.131052 -0.372973
v 16.464962 0.247862 -0.372973
v 16.722095 0.232187 -0.372973
v 16.944317 0.131052 -0.689165
v 16.678215 0.247862 -0.689165
v 16.935278 0.232187 -0.689165
v 16.874464 0.246640 0.970511
v 16.961535 0.131052 0.993507
v 16.954908 0.232187 0.985948
v 17.115753 0.246640 0.951886
v 17.226051 0.131052 0.965205
v 17.218702 0.232187 0.959756
v 16.952084 0.247862 -0.893663
v 17.198629 0.131052 -0.894961
v 17.189693 0.232187 -0.893925
v 16.874464 0.246640 -0.970511
v 16.961535 0.131053 -0.993507
v 16.954908 0.232187 -0.985948
v 17.115753 0.246640 -0.951886
v 17.226051 0.131052 -0.965205
v 17.218702 0.232187 -0.959756
v 16.224907 -0.250305 0.987313
v 15.750908 -0.250305 0.900438
v 15.431776 -0.250305 0.689165
v 15.218539 -0.250305 0.372973
v 15.143660 -0.250305 0.000000
v 15.218539 -0.250305 -0.372974
v 15.431776 -0.250305 -0.689165
v 15.750908 -0.250305 -0.900438
v 16.224907 -0.250305 -0.987313
v 16.205307 0.232187 0.979773
v 16.285984 0.246640 0.965863
v 16.008986 0.247862 0.896736
v 15.755732 0.232187 0.898929
v 16.222263 0.131053 0.986296
v 15.751558 0.131052 0.900234
v 15.702770 0.247862 0.689165
v 15.443654 0.232187 0.689165
v 15.433378 0.131052 0.689165
v 15.489010 0.247862 0.372973
v 15.230139 0.232187 0.372973
v 15.220104 0.131053 0.372973
v 15.413973 0.247862 0.000000
v 15.155172 0.232187 -0.000000
v 15.145213 0.131052 0.000000
v 15.489010 0.247862 -0.372973
v 15.230140 0.232187 -0.372973
v 15.220104 0.131053 -0.372973
v 15.702770 0.247862 -0.689165
v 15.443654 0.232187 -0.689165
v 15.433378 0.131053 -0.689165
v 16.205307 0.232187 -0.979773
v 16.222263 0.131052 -0.986296
v 15.751558 0.131052 -0.900234
v 15.755732 0.232187 -0.898929
v 16.285984 0.246640 -0.965863
v 16.008986 0.247862 -0.896736
v 16.823444 -0.250305 0.541439
v 16.676573 -0.250305 0.190128
v 16.676573 -0.250305 -0.190128
v 16.823444 -0.250305 -0.541439
v 17.243660 -0.250305 0.942144
v 17.155434 -0.250305 0.983135
v 17.155434 -0.250305 -0.983135
v 17.243660 -0.250305 -0.942144
v 17.086721 -0.250305 0.809656
v 17.086721 -0.250305 -0.809656
v 17.195423 0.208863 0.894590
v 17.085316 0.131053 0.809636
v 16.941072 0.208863 0.689165
v 17.076296 0.232187 0.809506
v 17.153900 0.242237 0.893186
v 16.896984 0.242237 0.689165
v 16.821745 0.247862 0.809473
v 16.822037 0.131052 0.541439
v 16.727861 0.208863 0.372973
v 16.813017 0.232187 0.541439
v 16.683826 0.242237 0.372973
v 16.555899 0.247862 0.541439
v 16.675175 0.131052 0.190128
v 16.652998 0.208863 0.000000
v 16.666206 0.232187 0.190128
v 16.609005 0.242237 0.000000
v 16.409067 0.247862 0.190128
v 16.675175 0.131052 -0.190128
v 16.727861 0.208863 -0.372973
v 16.666206 0.232187 -0.190128
v 16.683826 0.242237 -0.372973
v 16.409067 0.247862 -0.190128
v 16.822037 0.131052 -0.541439
v 16.941072 0.208863 -0.689165
v 16.813017 0.232187 -0.541439
v 16.896984 0.242237 -0.689165
v 16.555899 0.247862 -0.541439
v 16.608292 -0.250305 -0.997750
v 16.608292 -0.250305 0.997750
v 17.197706 0.242078 0.955076
v 17.001476 0.247443 0.960602
v 16.936943 0.242078 0.978704
v 17.149345 0.232187 0.975167
v 17.223413 0.208863 0.963250
v 16.959156 0.208863 0.990794
v 17.154612 0.131052 0.982060
v 16.936943 0.242078 -0.978704
v 17.001476 0.247443 -0.960602
v 17.197706 0.242078 -0.955076
v 17.149345 0.232187 -0.975167
v 16.959156 0.208863 -0.990794
v 17.223413 0.208863 -0.963250
v 17.154612 0.131052 -0.982060
v 17.046534 0.247652 -0.936886
v 17.153900 0.242237 -0.893186
v 17.233692 0.232187 -0.938512
v 17.195423 0.208863 -0.894590
v 17.242315 0.131052 -0.941654
v 16.596165 0.247443 0.969060
v 16.596165 0.247443 -0.969060
v 16.592436 0.232187 -0.988929
v 16.606153 0.131053 -0.996560
v 17.085316 0.131052 -0.809636
v 17.076296 0.232187 -0.809506
v 16.821745 0.247862 -0.809473
v 17.046534 0.247652 0.936886
v 17.233692 0.232187 0.938512
v 17.242315 0.131052 0.941654
v 16.494589 0.249695 0.895765
v 16.945549 -0.033680 0.689165
v 17.199850 -0.033680 0.895103
v 17.227053 -0.033680 0.965949
v 16.732313 -0.033680 0.372973
v 15.902184 0.249695 0.000000
v 16.657434 -0.033680 0.000000
v 15.977134 0.249695 -0.372973
v 16.732313 -0.033680 -0.372973
v 16.190666 0.249695 -0.689165
v 16.945549 -0.033680 -0.689165
v 17.199850 -0.033680 -0.895103
v 16.494589 0.249695 -0.895765
v 16.190666 0.249695 0.689165
v 16.962437 -0.033680 0.994538
v 15.977134 0.249695 0.372973
v 16.606153 0.131053 0.996560
v 16.592436 0.232187 0.988929
v 16.962437 -0.033680 -0.994538
v 17.227053 -0.033680 -0.965949
v 15.947649 -0.250305 0.957424
v 15.580876 -0.250305 0.810320
v 15.309494 -0.250305 0.541439
v 15.162623 -0.250305 0.190128
v 15.162623 -0.250305 -0.190128
v 15.309494 -0.250305 -0.541439
v 15.580876 -0.250305 -0.810320
v 15.947649 -0.250305 -0.957424
v 16.208261 0.242078 0.973404
v 16.160686 0.247652 0.946013
v 15.790233 0.242237 0.897766
v 15.938335 0.232187 0.952900
v 16.216179 0.208863 0.983955
v 15.753057 0.208863 0.899766
v 15.946393 0.131052 0.956814
v 15.850572 0.247862 0.809857
v 15.483047 0.242237 0.689165
v 15.592031 0.232187 0.810132
v 15.437066 0.208863 0.689165
v 15.582380 0.131052 0.810295
v 15.580173 0.247862 0.541439
v 15.269338 0.242237 0.372973
v 15.321208 0.232187 0.541439
v 15.223705 0.208863 0.372973
v 15.311074 0.131052 0.541439
v 15.432976 0.247862 0.190128
v 15.194309 0.242237 0.000000
v 15.174157 0.232187 0.190128
v 15.148787 0.208863 0.000000
v 15.164179 0.131052 0.190128
v 15.432976 0.247862 -0.190128
v 15.269338 0.242237 -0.372973
v 15.174157 0.232187 -0.190128
v 15.223705 0.208863 -0.372973
v 15.164179 0.131053 -0.190128
v 15.580173 0.247862 -0.541439
v 15.483047 0.242237 -0.689165
v 15.321208 0.232187 -0.541439
v 15.437065 0.208863 -0.689165
v 15.311074 0.131053 -0.541439
v 16.216179 0.208863 -0.983955
v 15.946393 0.131052 -0.956814
v 15.753057 0.208863 -0.899766
v 15.938335 0.232187 -0.952900
v 16.208261 0.242078 -0.973404
v 15.790233 0.242237 -0.897766
v 16.160686 0.247652 -0.946013
v 15.850572 0.247862 -0.809858
v 15.592031 0.232187 -0.810132
v 15.582380 0.131053 -0.810295
v 15.750990 -0.033680 0.900412
v 16.224577 -0.033680 0.987186
v 15.431976 -0.033680 0.689165
v 15.218735 -0.033680 0.372973
v 15.143854 -0.033680 0.000000
v 15.218735 -0.033680 -0.372973
v 15.431976 -0.033680 -0.689165
v 15.750990 -0.033680 -0.900412
v 16.224577 -0.033680 -0.987186
v 17.243492 -0.033680 0.942083
v 15.921164 0.249695 -0.190128
v 16.068193 0.249695 -0.541439
v 16.601231 0.208863 -0.993822
v 17.086546 -0.033680 -0.809653
v 16.608025 -0.033680 0.997601
v 17.155331 -0.033680 0.983000
v 16.608025 -0.033680 -0.997601
v 16.583797 0.242158 -0.981266
v 16.338087 0.249695 -0.809736
v 16.676397 -0.033680 0.190128
v 16.601231 0.208863 0.993822
v 17.086546 -0.033680 0.809653
v 16.676397 -0.033680 -0.190128
v 16.823269 -0.033680 -0.541439
v 16.823269 -0.033680 0.541439
v 15.921164 0.249695 0.190128
v 17.243492 -0.033680 -0.942083
v 17.155331 -0.033680 -0.983000
v 17.082079 0.208863 0.809589
v 17.038328 0.242237 0.809414
v 16.818800 0.208863 0.541439
v 16.774729 0.242237 0.541439
v 16.671957 0.208863 0.190128
v 16.627953 0.242237 0.190128
v 16.671957 0.208863 -0.190128
v 16.627953 0.242237 -0.190128
v 16.818800 0.208863 -0.541439
v 16.774729 0.242237 -0.541439
v 16.667732 0.249450 0.946498
v 16.068193 0.249695 0.541439
v 16.667732 0.249450 -0.946498
v 16.338087 0.249695 0.809736
v 17.126934 0.242158 0.968669
v 17.152721 0.208863 0.979587
v 17.126934 0.242158 -0.968669
v 17.152721 0.208863 -0.979587
v 17.204105 0.242197 -0.936146
v 17.239222 0.208863 -0.940527
v 17.082079 0.208863 -0.809589
v 17.038328 0.242237 -0.809414
v 17.204105 0.242197 0.936146
v 17.239222 0.208863 0.940527
v 15.581064 -0.033680 0.810317
v 15.309691 -0.033680 0.541439
v 15.162818 -0.033680 0.190128
v 15.162818 -0.033680 -0.190128
v 15.309691 -0.033680 -0.541439
v 15.581064 -0.033680 -0.810317
v 15.947492 -0.033680 -0.957347
v 15.947492 -0.033680 0.957347
v 15.960539 0.242197 0.949315
v 15.943501 0.208863 0.955409
v 15.630924 0.242237 0.809986
v 15.585844 0.208863 0.810236
v 15.360484 0.242237 0.541439
v 15.314711 0.208863 0.541439
v 15.213310 0.242237 0.190128
v 15.167760 0.208863 0.190128
v 15.213309 0.242237 -0.190128
v 15.167760 0.208863 -0.190128
v 15.360484 0.242237 -0.541439
v 15.314711 0.208863 -0.541439
v 15.943501 0.208863 -0.955409
v 15.960539 0.242197 -0.949315
v 15.630924 0.242237 -0.809986
v 15.585844 0.208863 -0.810236
v 16.583797 0.242158 0.981266
v 18.457726 -0.250305 0.689165
v 18.244488 -0.250305 0.372973
v 18.169609 -0.250305 0.000000
v 18.244488 -0.250305 -0.372974
v 18.457726 -0.250305 -0.689165
v 18.712023 -0.250305 0.895123
v 18.474566 -0.250305 0.994685
v 18.739195 -0.250305 0.966055
v 18.474566 -0.250305 -0.994685
v 18.712023 -0.250305 -0.895123
v 18.739195 -0.250305 -0.966055
v 18.464083 0.247862 0.893663
v 18.710629 0.131052 0.894961
v 18.701693 0.232187 0.893925
v 18.456316 0.131052 0.689165
v 18.190214 0.247862 0.689165
v 18.447277 0.232187 0.689165
v 18.243086 0.131052 0.372973
v 17.976961 0.247862 0.372973
v 18.234095 0.232187 0.372973
v 18.168211 0.131052 0.000000
v 17.902113 0.247862 0.000000
v 18.159252 0.232187 -0.000000
v 18.243086 0.131052 -0.372973
v 17.976961 0.247862 -0.372973
v 18.234095 0.232187 -0.372973
v 18.456316 0.131052 -0.689165
v 18.190214 0.247862 -0.689165
v 18.447277 0.232187 -0.689165
v 18.386463 0.246640 0.970511
v 18.473534 0.131052 0.993507
v 18.466908 0.232187 0.985948
v 18.627752 0.246640 0.951886
v 18.738050 0.131052 0.965205
v 18.730701 0.232187 0.959756
v 18.464083 0.247862 -0.893663
v 18.710629 0.131052 -0.894961
v 18.701693 0.232187 -0.893925
v 18.386463 0.246640 -0.970511
v 18.473534 0.131053 -0.993507
v 18.466908 0.232187 -0.985948
v 18.627752 0.246640 -0.951886
v 18.738050 0.131052 -0.965205
v 18.730701 0.232187 -0.959756
v 17.736906 -0.250305 0.987313
v 17.262907 -0.250305 0.900438
v 16.943775 -0.250305 0.689165
v 16.730537 -0.250305 0.372973
v 16.655659 -0.250305 0.000000
v 16.730537 -0.250305 -0.372974
v 16.943775 -0.250305 -0.689165
v 17.262907 -0.250305 -0.900438
v 17.736906 -0.250305 -0.987313
v 17.717306 0.232187 0.979773
v 17.797983 0.246640 0.965863
v 17.520985 0.247862 0.896736
v 17.267731 0.232187 0.898929
v 17.734262 0.131053 0.986296
v 17.263557 0.131052 0.900234
v 17.214769 0.247862 0.689165
v 16.955652 0.232187 0.689165
v 16.945377 0.131052 0.689165
v 17.001009 0.247862 0.372973
v 16.742138 0.232187 0.372973
v 16.732103 0.131053 0.372973
v 16.925972 0.247862 0.000000
v 16.667171 0.232187 -0.000000
v 16.657211 0.131052 0.000000
v 17.001009 0.247862 -0.372973
v 16.742138 0.232187 -0.372973
v 16.732103 0.131053 -0.372973
v 17.214769 0.247862 -0.689165
v 16.955652 0.232187 -0.689165
v 16.945377 0.131053 -0.689165
v 17.717306 0.232187 -0.979773
v 17.734262 0.131052 -0.986296
v 17.263557 0.131052 -0.900234
v 17.267731 0.232187 -0.898929
v 17.797983 0.246640 -0.965863
v 17.520985 0.247862 -0.896736
v 18.335443 -0.250305 0.541439
v 18.188572 -0.250305 0.190128
v 18.188572 -0.250305 -0.190128
v 18.335443 -0.250305 -0.541439
v 18.755659 -0.250305 0.942144
v 18.667433 -0.250305 0.983135
v 18.667433 -0.250305 -0.983135
v 18.755659 -0.250305 -0.942144
v 18.598721 -0.250305 0.809656
v 18.598721 -0.250305 -0.809656
v 18.707422 0.208863 0.894590
v 18.597315 0.131053 0.809636
v 18.453072 0.208863 0.689165
v 18.588295 0.232187 0.809506
v 18.665899 0.242237 0.893186
v 18.408983 0.242237 0.689165
v 18.333744 0.247862 0.809473
v 18.334036 0.131052 0.541439
v 18.239861 0.208863 0.372973
v 18.325016 0.232187 0.541439
v 18.195826 0.242237 0.372973
v 18.067898 0.247862 0.541439
v 18.187174 0.131052 0.190128
v 18.164997 0.208863 0.000000
v 18.178205 0.232187 0.190128
v 18.121004 0.242237 0.000000
v 17.921066 0.247862 0.190128
v 18.187174 0.131052 -0.190128
v 18.239861 0.208863 -0.372973
v 18.178205 0.232187 -0.190128
v 18.195826 0.242237 -0.372973
v 17.921066 0.247862 -0.190128
v 18.334036 0.131052 -0.541439
v 18.453072 0.208863 -0.689165
v 18.325016 0.232187 -0.541439
v 18.408983 0.242237 -0.689165
v 18.067898 0.247862 -0.541439
v 18.120291 -0.250305 -0.997750
v 18.120291 -0.250305 0.997750
v 18.709705 0.242078 0.955076
v 18.513475 0.247443 0.960602
v 18.448942 0.242078 0.978704
v 18.661345 0.232187 0.975167
v 18.735413 0.208863 0.963250
v 18.471155 0.208863 0.990794
v 18.666611 0.131052 0.982060
v 18.448942 0.242078 -0.978704
v 18.513475 0.247443 -0.960602
v 18.709705 0.242078 -0.955076
v 18.661343 0.232187 -0.975167
v 18.471155 0.208863 -0.990794
v 18.735413 0.208863 -0.963250
v 18.666611 0.131052 -0.982060
v 18.558533 0.247652 -0.936886
v 18.665899 0.242237 -0.893186
v 18.745691 0.232187 -0.938512
v 18.707422 0.208863 -0.894590
v 18.754314 0.131052 -0.941654
v 18.108164 0.247443 0.969060
v 18.108164 0.247443 -0.969060
v 18.104435 0.232187 -0.988929
v 18.118153 0.131053 -0.996560
v 18.597315 0.131052 -0.809636
v 18.588295 0.232187 -0.809506
v 18.333744 0.247862 -0.809473
v 18.558533 0.247652 0.936886
v 18.745691 0.232187 0.938512
v 18.754314 0.131052 0.941654
v 18.006588 0.249695 0.895765
v 18.457548 -0.033680 0.689165
v 18.711849 -0.033680 0.895103
v 18.739052 -0.033680 0.965949
v 18.244312 -0.033680 0.372973
v 17.414183 0.249695 0.000000
v 18.169434 -0.033680 0.000000
v 17.489132 0.249695 -0.372973
v 18.244312 -0.033680 -0.372973
v 17.702665 0.249695 -0.689165
v 18.457548 -0.033680 -0.689165
v 18.711849 -0.033680 -0.895103
v 18.006588 0.249695 -0.895765
v 17.702665 0.249695 0.689165
v 18.474436 -0.033680 0.994538
v 17.489132 0.249695 0.372973
v 18.118153 0.131053 0.996560
v 18.104435 0.232187 0.988929
v 18.474436 -0.033680 -0.994538
v 18.739052 -0.033680 -0.965949
v 17.459648 -0.250305 0.957424
v 17.092875 -0.250305 0.810320
v 16.821493 -0.250305 0.541439
v 16.674622 -0.250305 0.190128
v 16.674622 -0.250305 -0.190128
v 16.821493 -0.250305 -0.541439
v 17.092876 -0.250305 -0.810320
v 17.459648 -0.250305 -0.957424
v 17.720261 0.242078 0.973404
v 17.672686 0.247652 0.946013
v 17.302231 0.242237 0.897766
v 17.450335 0.232187 0.952900
v 17.728178 0.208863 0.983955
v 17.265055 0.208863 0.899766
v 17.458391 0.131052 0.956814
v 17.362570 0.247862 0.809857
v 16.995045 0.242237 0.689165
v 17.104029 0.232187 0.810132
v 16.949064 0.208863 0.689165
v 17.094379 0.131052 0.810295
v 17.092173 0.247862 0.541439
v 16.781336 0.242237 0.372973
v 16.833206 0.232187 0.541439
v 16.735704 0.208863 0.372973
v 16.823074 0.131052 0.541439
v 16.944975 0.247862 0.190128
v 16.706308 0.242237 0.000000
v 16.686157 0.232187 0.190128
v 16.660786 0.208863 0.000000
v 16.676178 0.131052 0.190128
v 16.944975 0.247862 -0.190128
v 16.781336 0.242237 -0.372973
v 16.686157 0.232187 -0.190128
v 16.735704 0.208863 -0.372973
v 16.676178 0.131053 -0.190128
v 17.092173 0.247862 -0.541439
v 16.995045 0.242237 -0.689165
v 16.833206 0.232187 -0.541439
v 16.949064 0.208863 -0.689165
v 16.823074 0.131053 -0.541439
v 17.728178 0.208863 -0.983955
v 17.458391 0.131052 -0.956814
v 17.265055 0.208863 -0.899766
v 17.450335 0.232187 -0.952900
v 17.720261 0.242078 -0.973404
v 17.302231 0.242237 -0.897766
v 17.672686 0.247652 -0.946013
v 17.362570 0.247862 -0.809858
v 17.104029 0.232187 -0.810132
v 17.094379 0.131053 -0.810295
v 17.262989 -0.033680 0.900412
v 17.736576 -0.033680 0.987186
v 16.943975 -0.033680 0.689165
v 16.730734 -0.033680 0.372973
v 16.655853 -0.033680 0.000000
v 16.730734 -0.033680 -0.372973
v 16.943975 -0.033680 -0.689165
v 17.262989 -0.033680 -0.900412
v 17.736576 -0.033680 -0.987186
v 18.755491 -0.033680 0.942083
v 17.433163 0.249695 -0.190128
v 17.580193 0.249695 -0.541439
v 18.113230 0.208863 -0.993822
v 18.598545 -0.033680 -0.809653
v 18.120024 -0.033680 0.997601
v 18.667330 -0.033680 0.983000
v 18.120024 -0.033680 -0.997601
v 18.095797 0.242158 -0.981266
v 17.850086 0.249695 -0.809736
v 18.188396 -0.033680 0.190128
v 18.113230 0.208863 0.993822
v 18.598545 -0.033680 0.809653
v 18.188396 -0.033680 -0.190128
v 18.335266 -0.033680 -0.541439
v 18.335266 -0.033680 0.541439
v 17.433163 0.249695 0.190128
v 18.755491 -0.033680 -0.942083
v 18.667330 -0.033680 -0.983000
v 18.594078 0.208863 0.809589
v 18.550327 0.242237 0.809414
v 18.330799 0.208863 0.541439
v 18.286728 0.242237 0.541439
v 18.183956 0.208863 0.190128
v 18.139952 0.242237 0.190128
v 18.183956 0.208863 -0.190128
v 18.139952 0.242237 -0.190128
v 18.330799 0.208863 -0.541439
v 18.286728 0.242237 -0.541439
v 18.179731 0.249450 0.946498
v 17.580193 0.249695 0.541439
v 18.179731 0.249450 -0.946498
v 17.850086 0.249695 0.809736
v 18.638933 0.242158 0.968669
v 18.664721 0.208863 0.979587
v 18.638933 0.242158 -0.968669
v 18.664721 0.208863 -0.979587
v 18.716105 0.242197 -0.936146
v 18.751221 0.208863 -0.940527
v 18.594078 0.208863 -0.809589
v 18.550327 0.242237 -0.809414
v 18.716105 0.242197 0.936146
v 18.751221 0.208863 0.940527
v 17.093063 -0.033680 0.810317
v 16.821692 -0.033680 0.541439
v 16.674816 -0.033680 0.190128
v 16.674816 -0.033680 -0.190128
v 16.821692 -0.033680 -0.541439
v 17.093063 -0.033680 -0.810317
v 17.459492 -0.033680 -0.957347
v 17.459492 -0.033680 0.957347
v 17.472538 0.242197 0.949315
v 17.455500 0.208863 0.955409
v 17.142923 0.242237 0.809986
v 17.097843 0.208863 0.810236
v 16.872484 0.242237 0.541439
v 16.826710 0.208863 0.541439
v 16.725309 0.242237 0.190128
v 16.679760 0.208863 0.190128
v 16.725309 0.242237 -0.190128
v 16.679760 0.208863 -0.190128
v 16.872484 0.242237 -0.541439
v 16.826710 0.208863 -0.541439
v 17.455500 0.208863 -0.955409
v 17.472538 0.242197 -0.949315
v 17.142923 0.242237 -0.809986
v 17.097843 0.208863 -0.810236
v 18.095797 0.242158 0.981266
v 19.969725 -0.250305 0.689165
v 19.756487 -0.250305 0.372973
v 19.681608 -0.250305 0.000000
v 19.756487 -0.250305 -0.372974
v 19.969725 -0.250305 -0.689165
v 20.224022 -0.250305 0.895123
v 19.986565 -0.250305 0.994685
v 20.251194 -0.250305 0.966055
v 19.986565 -0.250305 -0.994685
v 20.224022 -0.250305 -0.895123
v 20.251194 -0.250305 -0.966055
v 19.976082 0.247862 0.893663
v 20.222630 0.131052 0.894961
v 20.213692 0.232187 0.893925
v 19.968315 0.131052 0.689165
v 19.702213 0.247862 0.689165
v 19.959276 0.232187 0.689165
v 19.755085 0.131052 0.372973
v 19.488960 0.247862 0.372973
v 19.746094 0.232187 0.372973
v 19.680210 0.131052 0.000000
v 19.414112 0.247862 0.000000
v 19.671251 0.232187 -0.000000
v 19.755085 0.131052 -0.372973
v 19.488960 0.247862 -0.372973
v 19.746094 0.232187 -0.372973
v 19.968315 0.131052 -0.689165
v 19.702213 0.247862 -0.689165
v 19.959276 0.232187 -0.689165
v 19.898462 0.246640 0.970511
v 19.985533 0.131052 0.993507
v 19.978907 0.232187 0.985948
v 20.139751 0.246640 0.951886
v 20.250050 0.131052 0.965205
v 20.242701 0.232187 0.959756
v 19.976082 0.247862 -0.893663
v 20.222628 0.131052 -0.894961
v 20.213692 0.232187 -0.893925
v 19.898462 0.246640 -0.970511
v 19.985533 0.131053 -0.993507
v 19.978907 0.232187 -0.985948
v 20.139751 0.246640 -0.951886
v 20.250050 0.131052 -0.965205
v 20.242701 0.232187 -0.959756
v 19.248905 -0.250305 0.987313
v 18.774906 -0.250305 0.900438
v 18.455774 -0.250305 0.689165
v 18.242537 -0.250305 0.372973
v 18.167658 -0.250305 0.000000
v 18.242537 -0.250305 -0.372974
v 18.455774 -0.250305 -0.689165
v 18.774906 -0.250305 -0.900438
v 19.248905 -0.250305 -0.987313
v 19.229305 0.232187 0.979773
v 19.309982 0.246640 0.965863
v 19.032984 0.247862 0.896736
v 18.779730 0.232187 0.898929
v 19.246262 0.131053 0.986296
v 18.775557 0.131052 0.900234
v 18.726768 0.247862 0.689165
v 18.467651 0.232187 0.689165
v 18.457376 0.131052 0.689165
v 18.513008 0.247862 0.372973
v 18.254137 0.232187 0.372973
v 18.244102 0.131053 0.372973
v 18.437971 0.247862 0.000000
v 18.179171 0.232187 -0.000000
v 18.169210 0.131052 0.000000
v 18.513008 0.247862 -0.372973
v 18.254137 0.232187 -0.372973
v 18.244102 0.131053 -0.372973
v 18.726768 0.247862 -0.689165
v 18.467651 0.232187 -0.689165
v 18.457376 0.131053 -0.689165
v 19.229305 0.232187 -0.979773
v 19.246262 0.131052 -0.986296
v 18.775557 0.131052 -0.900234
v 18.779730 0.232187 -0.898929
v 19.309982 0.246640 -0.965863
v 19.032984 0.247862 -0.896736
v 19.847443 -0.250305 0.541439
v 19.700571 -0.250305 0.190128
v 19.700571 -0.250305 -0.190128
v 19.847443 -0.250305 -0.541439
v 20.267658 -0.250305 0.942144
v 20.179432 -0.250305 0.983135
v 20.179432 -0.250305 -0.983135
v 20.267658 -0.250305 -0.942144
v 20.110720 -0.250305 0.809656
v 20.110720 -0.250305 -0.809656
v 20.219421 0.208863 0.894590
v 20.109314 0.131053 0.809636
v 19.965071 0.208863 0.689165
v 20.100294 0.232187 0.809506
v 20.177898 0.242237 0.893186
v 19.920982 0.242237 0.689165
v 19.845743 0.247862 0.809473
v 19.846035 0.131052 0.541439
v 19.751860 0.208863 0.372973
v 19.837015 0.232187 0.541439
v 19.707825 0.242237 0.372973
v 19.579897 0.247862 0.541439
v 19.699173 0.131052 0.190128
v 19.676996 0.208863 0.000000
v 19.690205 0.232187 0.190128
v 19.633003 0.242237 0.000000
v 19.433065 0.247862 0.190128
v 19.699173 0.131052 -0.190128
v 19.751860 0.208863 -0.372973
v 19.690205 0.232187 -0.190128
v 19.707825 0.242237 -0.372973
v 19.433065 0.247862 -0.190128
v 19.846035 0.131052 -0.541439
v 19.965071 0.208863 -0.689165
v 19.837015 0.232187 -0.541439
v 19.920982 0.242237 -0.689165
v 19.579897 0.247862 -0.541439
v 19.632290 -0.250305 -0.997750
v 19.632290 -0.250305 0.997750
v 20.221704 0.242078 0.955076
v 20.025475 0.247443 0.960602
v 19.960941 0.242078 0.978704
v 20.173344 0.232187 0.975167
v 20.247412 0.208863 0.963250
v 19.983154 0.208863 0.990794
v 20.178610 0.131052 0.982060
v 19.960941 0.242078 -0.978704
v 20.025475 0.247443 -0.960602
v 20.221704 0.242078 -0.955076
v 20.173344 0.232187 -0.975167
v 19.983154 0.208863 -0.990794
v 20.247412 0.208863 -0.963250
v 20.178610 0.131052 -0.982060
v 20.070532 0.247652 -0.936886
v 20.177898 0.242237 -0.893186
v 20.257690 0.232187 -0.938512
v 20.219421 0.208863 -0.894590
v 20.266314 0.131052 -0.941654
v 19.620163 0.247443 0.969060
v 19.620163 0.247443 -0.969060
v 19.616434 0.232187 -0.988929
v 19.630152 0.131053 -0.996560
v 20.109314 0.131052 -0.809636
v 20.100294 0.232187 -0.809506
v 19.845743 0.247862 -0.809473
v 20.070532 0.247652 0.936886
v 20.257690 0.232187 0.938512
v 20.266314 0.131052 0.941654
v 19.518587 0.249695 0.895765
v 19.969547 -0.033680 0.689165
v 20.223848 -0.033680 0.895103
v 20.251051 -0.033680 0.965949
v 19.756311 -0.033680 0.372973
v 18.926182 0.249695 0.000000
v 19.681433 -0.033680 0.000000
v 19.001131 0.249695 -0.372973
v 19.756311 -0.033680 -0.372973
v 19.214664 0.249695 -0.689165
v 19.969547 -0.033680 -0.689165
v 20.223848 -0.033680 -0.895103
v 19.518587 0.249695 -0.895765
v 19.214664 0.249695 0.689165
v 19.986435 -0.033680 0.994538
v 19.001131 0.249695 0.372973
v 19.630152 0.131053 0.996560
v 19.616434 0.232187 0.988929
v 19.986435 -0.033680 -0.994538
v 20.251051 -0.033680 -0.965949
v 18.971647 -0.250305 0.957424
v 18.604874 -0.250305 0.810320
v 18.333492 -0.250305 0.541439
v 18.186623 -0.250305 0.190128
v 18.186623 -0.250305 -0.190128
v 18.333492 -0.250305 -0.541439
v 18.604874 -0.250305 -0.810320
v 18.971647 -0.250305 -0.957424
v 19.232260 0.242078 0.973404
v 19.184685 0.247652 0.946013
v 18.814230 0.242237 0.897766
v 18.962334 0.232187 0.952900
v 19.240177 0.208863 0.983955
v 18.777054 0.208863 0.899766
v 18.970390 0.131052 0.956814
v 18.874569 0.247862 0.809857
v 18.507044 0.242237 0.689165
v 18.616028 0.232187 0.810132
v 18.461063 0.208863 0.689165
v 18.606379 0.131052 0.810295
v 18.604172 0.247862 0.541439
v 18.293335 0.242237 0.372973
v 18.345205 0.232187 0.541439
v 18.247704 0.208863 0.372973
v 18.335072 0.131052 0.541439
v 18.456974 0.247862 0.190128
v 18.218307 0.242237 0.000000
v 18.198156 0.232187 0.190128
v 18.172785 0.208863 0.000000
v 18.188177 0.131052 0.190128
v 18.456974 0.247862 -0.190128
v 18.293335 0.242237 -0.372973
v 18.198156 0.232187 -0.190128
v 18.247704 0.208863 -0.372973
v 18.188177 0.131053 -0.190128
v 18.604172 0.247862 -0.541439
v 18.507044 0.242237 -0.689165
v 18.345205 0.232187 -0.541439
v 18.461063 0.208863 -0.689165
v 18.335072 0.131053 -0.541439
v 19.240177 0.208863 -0.983955
v 18.970390 0.131052 -0.956814
v 18.777054 0.208863 -0.899766
v 18.962334 0.232187 -0.952900
v 19.232260 0.242078 -0.973404
v 18.814230 0.242237 -0.897766
v 19.184685 0.247652 -0.946013
v 18.874569 0.247862 -0.809858
v 18.616028 0.232187 -0.810132
v 18.606379 0.131053 -0.810295
v 18.774988 -0.033680 0.900412
v 19.248575 -0.033680 0.987186
v 18.455975 -0.033680 0.689165
v 18.242733 -0.033680 0.372973
v 18.167852 -0.033680 0.000000
v 18.242733 -0.033680 -0.372973
v 18.455975 -0.033680 -0.689165
v 18.774988 -0.033680 -0.900412
v 19.248575 -0.033680 -0.987186
v 20.267490 -0.033680 0.942083
v 18.945162 0.249695 -0.190128
v 19.092192 0.249695 -0.541439
v 19.625229 0.208863 -0.993822
v 20.110544 -0.033680 -0.809653
v 19.632023 -0.033680 0.997601
v 20.179329 -0.033680 0.983000
v 19.632023 -0.033680 -0.997601
v 19.607796 0.242158 -0.981266
v 19.362085 0.249695 -0.809736
v 19.700396 -0.033680 0.190128
v 19.625229 0.208863 0.993822
v 20.110544 -0.033680 0.809653
v 19.700396 -0.033680 -0.190128
v 19.847267 -0.033680 -0.541439
v 19.847267 -0.033680 0.541439
v 18.945162 0.249695 0.190128
v 20.267490 -0.033680 -0.942083
v 20.179329 -0.033680 -0.983000
v 20.106077 0.208863 0.809589
v 20.062326 0.242237 0.809414
v 19.842798 0.208863 0.541439
v 19.798727 0.242237 0.541439
v 19.695955 0.208863 0.190128
v 19.651951 0.242237 0.190128
v 19.695955 0.208863 -0.190128
v 19.651951 0.242237 -0.190128
v 19.842798 0.208863 -0.541439
v 19.798727 0.242237 -0.541439
v 19.691730 0.249450 0.946498
v 19.092192 0.249695 0.541439
v 19.691730 0.249450 -0.946498
v 19.362085 0.249695 0.809736
v 20.150932 0.242158 0.968669
v 20.176720 0.208863 0.979587
v 20.150932 0.242158 -0.968669
v 20.176720 0.208863 -0.979587
v 20.228104 0.242197 -0.936146
v 20.263220 0.208863 -0.940527
v 20.106077 0.208863 -0.809589
v 20.062326 0.242237 -0.809414
v 20.228104 0.242197 0.936146
v 20.263220 0.208863 0.940527
v 18.605062 -0.033680 0.810317
v 18.333691 -0.033680 0.541439
v 18.186817 -0.033680 0.190128
v 18.186817 -0.033680 -0.190128
v 18.333691 -0.033680 -0.541439
v 18.605062 -0.033680 -0.810317
v 18.971491 -0.033680 -0.957347
v 18.971491 -0.033680 0.957347
v 18.984537 0.242197 0.949315
v 18.967499 0.208863 0.955409
v 18.654922 0.242237 0.809986
v 18.609842 0.208863 0.810236
v 18.384483 0.242237 0.541439
v 18.338709 0.208863 0.541439
v 18.237309 0.242237 0.190128
v 18.191757 0.208863 0.190128
v 18.237309 0.242237 -0.190128
v 18.191759 0.208863 -0.190128
v 18.384483 0.242237 -0.541439
v 18.338709 0.208863 -0.541439
v 18.967499 0.208863 -0.955409
v 18.984537 0.242197 -0.949315
v 18.654922 0.242237 -0.809986
v 18.609842 0.208863 -0.810236
v 19.607796 0.242158 0.981266
v 21.481724 -0.250305 0.689165
v 21.268486 -0.250305 0.372973
v 21.193607 -0.250305 0.000000
v 21.268486 -0.250305 -0.372974
v 21.481724 -0.250305 -0.689165
v 21.736021 -0.250305 0.895123
v 21.498564 -0.250305 0.994685
v 21.763193 -0.250305 0.966055
v 21.498564 -0.250305 -0.994685
v 21.736021 -0.250305 -0.895123
v 21.763193 -0.250305 -0.966055
v 21.488081 0.247862 0.893663
v 21.734627 0.131052 0.894961
v 21.725691 0.232187 0.893925
v 21.480314 0.131052 0.689165
v 21.214212 0.247862 0.689165
v 21.471275 0.232187 0.689165
v 21.267084 0.131052 0.372973
v 21.000959 0.247862 0.372973
v 21.258093 0.232187 0.372973
v 21.192209 0.131052 0.000000
v 20.926111 0.247862 0.000000
v 21.183250 0.232187 -0.000000
v 21.267084 0.131052 -0.372973
v 21.000959 0.247862 -0.372973
v 21.258093 0.232187 -0.372973
v 21.480314 0.131052 -0.689165
v 21.214212 0.247862 -0.689165
v 21.471275 0.232187 -0.689165
v 21.410461 0.246640 0.970511
v 21.497532 0.131052 0.993507
v 21.490906 0.232187 0.985948
v 21.651751 0.246640 0.951886
v 21.762049 0.131052 0.965205
v 21.754700 0.232187 0.959756
v 21.488081 0.247862 -0.893663
v 21.734627 0.131052 -0.894961
v 21.725691 0.232187 -0.893925
v 21.410461 0.246640 -0.970511
v 21.497532 0.131053 -0.993507
v 21.490906 0.232187 -0.985948
v 21.651751 0.246640 -0.951886
v 21.762049 0.131052 -0.965205
v 21.754700 0.232187 -0.959756
v 20.760904 -0.250305 0.987313
v 20.286905 -0.250305 0.900438
v 19.967773 -0.250305 0.689165
v 19.754536 -0.250305 0.372973
v 19.679657 -0.250305 0.000000
v 19.754536 -0.250305 -0.372974
v 19.967773 -0.250305 -0.689165
v 20.286905 -0.250305 -0.900438
v 20.760904 -0.250305 -0.987313
v 20.741304 0.232187 0.979773
v 20.821981 0.246640 0.965863
v 20.544983 0.247862 0.896736
v 20.291729 0.232187 0.898929
v 20.758261 0.131053 0.986296
v 20.287556 0.131052 0.900234
v 20.238768 0.247862 0.689165
v 19.979650 0.232187 0.689165
v 19.969376 0.131052 0.689165
v 20.025007 0.247862 0.372973
v 19.766136 0.232187 0.372973
v 19.756102 0.131053 0.372973
v 19.949970 0.247862 0.000000
v 19.691170 0.232187 -0.000000
v 19.681210 0.131052 0.000000
v 20.025007 0.247862 -0.372973
v 19.766136 0.232187 -0.372973
v 19.756102 0.131053 -0.372973
v 20.238768 0.247862 -0.689165
v 19.979650 0.232187 -0.689165
v 19.969376 0.131053 -0.689165
v 20.741304 0.232187 -0.979773
v 20.758261 0.131052 -0.986296
v 20.287556 0.131052 -0.900234
v 20.291729 0.232187 -0.898929
v 20.821981 0.246640 -0.965863
v 20.544983 0.247862 -0.896736
v 21.359442 -0.250305 0.541439
v 21.212570 -0.250305 0.190128
v 21.212570 -0.250305 -0.190128
v 21.359442 -0.250305 -0.541439
v 21.779657 -0.250305 0.942144
v 21.691431 -0.250305 0.983135
v 21.691431 -0.250305 -0.983135
v 21.779657 -0.250305 -0.942144
v 21.622719 -0.250305 0.809656
v 21.622719 -0.250305 -0.809656
v 21.731421 0.208863 0.894590
v 21.621313 0.131053 0.809636
v 21.477070 0.208863 0.689165
v 21.612293 0.232187 0.809506
v 21.689898 0.242237 0.893186
v 21.432981 0.242237 0.689165
v 21.357742 0.247862 0.809473
v 21.358034 0.131052 0.541439
v 21.263859 0.208863 0.372973
v 21.349014 0.232187 0.541439
v 21.219824 0.242237 0.372973
v 21.091896 0.247862 0.541439
v 21.211172 0.131052 0.190128
v 21.188995 0.208863 0.000000
v 21.202204 0.232187 0.190128
v 21.145002 0.242237 0.000000
v 20.945065 0.247862 0.190128
v 21.211172 0.131052 -0.190128
v 21.263859 0.208863 -0.372973
v 21.202204 0.232187 -0.190128
v 21.219824 0.242237 -0.372973
v 20.945065 0.247862 -0.190128
v 21.358034 0.131052 -0.541439
v 21.477070 0.208863 -0.689165
v 21.349014 0.232187 -0.541439
v 21.432981 0.242237 -0.689165
v 21.091896 0.247862 -0.541439
v 21.144289 -0.250305 -0.997750
v 21.144289 -0.250305 0.997750
v 21.733704 0.242078 0.955076
v 21.537474 0.247443 0.960602
v 21.472940 0.242078 0.978704
v 21.685343 0.232187 0.975167
v 21.759411 0.208863 0.963250
v 21.495153 0.208863 0.990794
v 21.690609 0.131052 0.982060
v 21.472940 0.242078 -0.978704
v 21.537474 0.247443 -0.960602
v 21.733704 0.242078 -0.955076
v 21.685341 0.232187 -0.975167
v 21.495153 0.208863 -0.990794
v 21.759411 0.208863 -0.963250
v 21.690609 0.131052 -0.982060
v 21.582531 0.247652 -0.936886
v 21.689898 0.242237 -0.893186
v 21.769690 0.232187 -0.938512
v 21.731421 0.208863 -0.894590
v 21.778313 0.131052 -0.941654
v 21.132162 0.247443 0.969060
v 21.132162 0.247443 -0.969060
v 21.128433 0.232187 -0.988929
v 21.142151 0.131053 -0.996560
v 21.621313 0.131052 -0.809636
v 21.612293 0.232187 -0.809506
v 21.357742 0.247862 -0.809473
v 21.582531 0.247652 0.936886
v 21.769690 0.232187 0.938512
v 21.778313 0.131052 0.941654
v 21.030586 0.249695 0.895765
v 21.481546 -0.033680 0.689165
v 21.735847 -0.033680 0.895103
v 21.763050 -0.033680 0.965949
v 21.268311 -0.033680 0.372973
v 20.438181 0.249695 0.000000
v 21.193432 -0.033680 0.000000
v 20.513130 0.249695 -0.372973
v 21.268311 -0.033680 -0.372973
v 20.726664 0.249695 -0.689165
v 21.481546 -0.033680 -0.689165
v 21.735847 -0.033680 -0.895103
v 21.030586 0.249695 -0.895765
v 20.726664 0.249695 0.689165
v 21.498434 -0.033680 0.994538
v 20.513130 0.249695 0.372973
v 21.142151 0.131053 0.996560
v 21.128433 0.232187 0.988929
v 21.498434 -0.033680 -0.994538
v 21.763050 -0.033680 -0.965949
v 20.483646 -0.250305 0.957424
v 20.116873 -0.250305 0.810320
v 19.845491 -0.250305 0.541439
v 19.698620 -0.250305 0.190128
v 19.698620 -0.250305 -0.190128
v 19.845491 -0.250305 -0.541439
v 20.116875 -0.250305 -0.810320
v 20.483646 -0.250305 -0.957424
v 20.744259 0.242078 0.973404
v 20.696684 0.247652 0.946013
v 20.326229 0.242237 0.897766
v 20.474333 0.232187 0.952900
v 20.752176 0.208863 0.983955
v 20.289053 0.208863 0.899766
v 20.482389 0.131052 0.956814
v 20.386568 0.247862 0.809857
v 20.019043 0.242237 0.689165
v 20.128027 0.232187 0.810132
v 19.973063 0.208863 0.689165
v 20.118378 0.131052 0.810295
v 20.116171 0.247862 0.541439
v 19.805334 0.242237 0.372973
v 19.857204 0.232187 0.541439
v 19.759703 0.208863 0.372973
v 19.847073 0.131052 0.541439
v 19.968973 0.247862 0.190128
v 19.730307 0.242237 0.000000
v 19.710155 0.232187 0.190128
v 19.684784 0.208863 0.000000
v 19.700176 0.131052 0.190128
v 19.968973 0.247862 -0.190128
v 19.805334 0.242237 -0.372973
v 19.710155 0.232187 -0.190128
v 19.759703 0.208863 -0.372973
v 19.700176 0.131053 -0.190128
v 20.116171 0.247862 -0.541439
v 20.019043 0.242237 -0.689165
v 19.857204 0.232187 -0.541439
v 19.973063 0.208863 -0.689165
v 19.847073 0.131053 -0.541439
v 20.752176 0.208863 -0.983955
v 20.482389 0.131052 -0.956814
v 20.289053 0.208863 -0.899766
v 20.474333 0.232187 -0.952900
v 20.744259 0.242078 -0.973404
v 20.326229 0.242237 -0.897766
v 20.696684 0.247652 -0.946013
v 20.386568 0.247862 -0.809858
v 20.128027 0.232187 -0.810132
v 20.118378 0.131053 -0.810295
v 20.286987 -0.033680 0.900412
v 20.760574 -0.033680 0.987186
v 19.967974 -0.033680 0.689165
v 19.754732 -0.033680 0.372973
v 19.679852 -0.033680 0.000000
v 19.754732 -0.033680 -0.372973
v 19.967974 -0.033680 -0.689165
v 20.286987 -0.033680 -0.900412
v 20.760574 -0.033680 -0.987186
v 21.779490 -0.033680 0.942083
v 20.457161 0.249695 -0.190128
v 20.604191 0.249695 -0.541439
v 21.137228 0.208863 -0.993822
v 21.622543 -0.033680 -0.809653
v 21.144022 -0.033680 0.997601
v 21.691328 -0.033680 0.983000
v 21.144022 -0.033680 -0.997601
v 21.119795 0.242158 -0.981266
v 20.874084 0.249695 -0.809736
v 21.212395 -0.033680 0.190128
v 21.137228 0.208863 0.993822
v 21.622543 -0.033680 0.809653
v 21.212395 -0.033680 -0.190128
v 21.359264 -0.033680 -0.541439
v 21.359264 -0.033680 0.541439
v 20.457161 0.249695 0.190128
v 21.779490 -0.033680 -0.942083
v 21.691328 -0.033680 -0.983000
v 21.618076 0.208863 0.809589
v 21.574326 0.242237 0.809414
v 21.354797 0.208863 0.541439
v 21.310726 0.242237 0.541439
v 21.207954 0.208863 0.190128
v 21.163950 0.242237 0.190128
v 21.207954 0.208863 -0.190128
v 21.163950 0.242237 -0.190128
v 21.354797 0.208863 -0.541439
v 21.310726 0.242237 -0.541439
v 21.203730 0.249450 0.946498
v 20.604191 0.249695 0.541439
v 21.203730 0.249450 -0.946498
v 20.874084 0.249695 0.809736
v 21.662931 0.242158 0.968669
v 21.688719 0.208863 0.979587
v 21.662931 0.242158 -0.968669
v 21.688719 0.208863 -0.979587
v 21.740103 0.242197 -0.936146
v 21.775219 0.208863 -0.940527
v 21.618076 0.208863 -0.809589
v 21.574326 0.242237 -0.809414
v 21.740103 0.242197 0.936146
v 21.775219 0.208863 0.940527
v 20.117062 -0.033680 0.810317
v 19.845690 -0.033680 0.541439
v 19.698814 -0.033680 0.190128
v 19.698814 -0.033680 -0.190128
v 19.845690 -0.033680 -0.541439
v 20.117062 -0.033680 -0.810317
v 20.483490 -0.033680 -0.957347
v 20.483490 -0.033680 0.957347
v 20.496536 0.242197 0.949315
v 20.479498 0.208863 0.955409
v 20.166922 0.242237 0.809986
v 20.121841 0.208863 0.810236
v 19.896482 0.242237 0.541439
v 19.850708 0.208863 0.541439
v 19.749308 0.242237 0.190128
v 19.703758 0.208863 0.190128
v 19.749308 0.242237 -0.190128
v 19.703758 0.208863 -0.190128
v 19.896482 0.242237 -0.541439
v 19.850708 0.208863 -0.541439
v 20.479498 0.208863 -0.955409
v 20.496536 0.242197 -0.949315
v 20.166922 0.242237 -0.809986
v 20.121841 0.208863 -0.810236
v 21.119795 0.242158 0.981266
v 22.993723 -0.250305 0.689165
v 22.780485 -0.250305 0.372973
v 22.705606 -0.250305 0.000000
v 22.780485 -0.250305 -0.372974
v 22.993723 -0.250305 -0.689165
v 23.248020 -0.250305 0.895123
v 23.010563 -0.250305 0.994685
v 23.275192 -0.250305 0.966055
v 23.010563 -0.250305 -0.994685
v 23.248020 -0.250305 -0.895123
v 23.275192 -0.250305 -0.966055
v 23.000080 0.247862 0.893663
v 23.246628 0.131052 0.894961
v 23.237690 0.232187 0.893925
v 22.992313 0.131052 0.689165
v 22.726212 0.247862 0.689165
v 22.983274 0.232187 0.689165
v 22.779083 0.131052 0.372973
v 22.512959 0.247862 0.372973
v 22.770092 0.232187 0.372973
v 22.704208 0.131052 0.000000
v 22.438110 0.247862 0.000000
v 22.695250 0.232187 -0.000000
v 22.779083 0.131052 -0.372973
v 22.512959 0.247862 -0.372973
v 22.770092 0.232187 -0.372973
v 22.992313 0.131052 -0.689165
v 22.726212 0.247862 -0.689165
v 22.983274 0.232187 -0.689165
v 22.922461 0.246640 0.970511
v 23.009531 0.131052 0.993507
v 23.002905 0.232187 0.985948
v 23.163750 0.246640 0.951886
v 23.274048 0.131052 0.965205
v 23.266699 0.232187 0.959756
v 23.000080 0.247862 -0.893663
v 23.246626 0.131052 -0.894961
v 23.237690 0.232187 -0.893925
v 22.922461 0.246640 -0.970511
v 23.009531 0.131053 -0.993507
v 23.002905 0.232187 -0.985948
v 23.163750 0.246640 -0.951886
v 23.274048 0.131052 -0.965205
v 23.266699 0.232187 -0.959756
v 22.272903 -0.250305 0.987313
v 21.798904 -0.250305 0.900438
v 21.479773 -0.250305 0.689165
v 21.266535 -0.250305 0.372973
v 21.191656 -0.250305 0.000000
v 21.266535 -0.250305 -0.372974
v 21.479773 -0.250305 -0.689165
v 21.798904 -0.250305 -0.900438
v 22.272903 -0.250305 -0.987313
v 22.253304 0.232187 0.979773
v 22.333981 0.246640 0.965863
v 22.056982 0.247862 0.896736
v 21.803728 0.232187 0.898929
v 22.270260 0.131053 0.986296
v 21.799555 0.131052 0.900234
v 21.750767 0.247862 0.689165
v 21.491650 0.232187 0.689165
v 21.481375 0.131052 0.689165
v 21.537006 0.247862 0.372973
v 21.278135 0.232187 0.372973
v 21.268101 0.131053 0.372973
v 21.461969 0.247862 0.000000
v 21.203169 0.232187 -0.000000
v 21.193209 0.131052 0.000000
v 21.537006 0.247862 -0.372973
v 21.278135 0.232187 -0.372973
v 21.268101 0.131053 -0.372973
v 21.750767 0.247862 -0.689165
v 21.491650 0.232187 -0.689165
v 21.481375 0.131053 -0.689165
v 22.253304 0.232187 -0.979773
v 22.270260 0.131052 -0.986296
v 21.799555 0.131052 -0.900234
v 21.803728 0.232187 -0.898929
v 22.333981 0.246640 -0.965863
v 22.056982 0.247862 -0.896736
v 22.871441 -0.250305 0.541439
v 22.724569 -0.250305 0.190128
v 22.724569 -0.250305 -0.190128
v 22.871441 -0.250305 -0.541439
v 23.291656 -0.250305 0.942144
v 23.203430 -0.250305 0.983135
v 23.203430 -0.250305 -0.983135
v 23.291656 -0.250305 -0.942144
v 23.134718 -0.250305 0.809656
v 23.134718 -0.250305 -0.809656
v 23.243420 0.208863 0.894590
v 23.133312 0.131053 0.809636
v 22.989069 0.208863 0.689165
v 23.124292 0.232187 0.809506
v 23.201897 0.242237 0.893186
v 22.944981 0.242237 0.689165
v 22.869741 0.247862 0.809473
v 22.870033 0.131052 0.541439
v 22.775858 0.208863 0.372973
v 22.861013 0.232187 0.541439
v 22.731823 0.242237 0.372973
v 22.603895 0.247862 0.541439
v 22.723171 0.131052 0.190128
v 22.700994 0.208863 0.000000
v 22.714203 0.232187 0.190128
v 22.657001 0.242237 0.000000
v 22.457064 0.247862 0.190128
v 22.723171 0.131052 -0.190128
v 22.775858 0.208863 -0.372973
v 22.714203 0.232187 -0.190128
v 22.731823 0.242237 -0.372973
v 22.457064 0.247862 -0.190128
v 22.870033 0.131052 -0.541439
v 22.989069 0.208863 -0.689165
v 22.861013 0.232187 -0.541439
v 22.944981 0.242237 -0.689165
v 22.603895 0.247862 -0.541439
v 22.656288 -0.250305 -0.997750
v 22.656288 -0.250305 0.997750
v 23.245703 0.242078 0.955076
v 23.049473 0.247443 0.960602
v 22.984940 0.242078 0.978704
v 23.197342 0.232187 0.975167
v 23.271410 0.208863 0.963250
v 23.007153 0.208863 0.990794
v 23.202608 0.131052 0.982060
v 22.984940 0.242078 -0.978704
v 23.049473 0.247443 -0.960602
v 23.245703 0.242078 -0.955076
v 23.197342 0.232187 -0.975167
v 23.007153 0.208863 -0.990794
v 23.271410 0.208863 -0.963250
v 23.202608 0.131052 -0.982060
v 23.094530 0.247652 -0.936886
v 23.201897 0.242237 -0.893186
v 23.281689 0.232187 -0.938512
v 23.243420 0.208863 -0.894590
v 23.290312 0.131052 -0.941654
v 22.644161 0.247443 0.969060
v 22.644161 0.247443 -0.969060
v 22.640432 0.232187 -0.988929
v 22.654150 0.131053 -0.996560
v 23.133312 0.131052 -0.809636
v 23.124292 0.232187 -0.809506
v 22.869741 0.247862 -0.809473
v 23.094530 0.247652 0.936886
v 23.281689 0.232187 0.938512
v 23.290312 0.131052 0.941654
v 22.542585 0.249695 0.895765
v 22.993546 -0.033680 0.689165
v 23.247847 -0.033680 0.895103
v 23.275049 -0.033680 0.965949
v 22.780310 -0.033680 0.372973
v 21.950180 0.249695 0.000000
v 22.705431 -0.033680 0.000000
v 22.025129 0.249695 -0.372973
v 22.780310 -0.033680 -0.372973
v 22.238663 0.249695 -0.689165
v 22.993546 -0.033680 -0.689165
v 23.247847 -0.033680 -0.895103
v 22.542585 0.249695 -0.895765
v 22.238663 0.249695 0.689165
v 23.010433 -0.033680 0.994538
v 22.025129 0.249695 0.372973
v 22.654150 0.131053 0.996560
v 22.640432 0.232187 0.988929
v 23.010433 -0.033680 -0.994538
v 23.275049 -0.033680 -0.965949
v 21.995646 -0.250305 0.957424
v 21.628872 -0.250305 0.810320
v 21.357491 -0.250305 0.541439
v 21.210621 -0.250305 0.190128
v 21.210621 -0.250305 -0.190128
v 21.357491 -0.250305 -0.541439
v 21.628872 -0.250305 -0.810320
v 21.995646 -0.250305 -0.957424
v 22.256258 0.242078 0.973404
v 22.208683 0.247652 0.946013
v 21.838228 0.242237 0.897766
v 21.986332 0.232187 0.952900
v 22.264175 0.208863 0.983955
v 21.801052 0.208863 0.899766
v 21.994389 0.131052 0.956814
v 21.898567 0.247862 0.809857
v 21.531042 0.242237 0.689165
v 21.640026 0.232187 0.810132
v 21.485062 0.208863 0.689165
v 21.630377 0.131052 0.810295
v 21.628170 0.247862 0.541439
v 21.317333 0.242237 0.372973
v 21.369204 0.232187 0.541439
v 21.271702 0.208863 0.372973
v 21.359070 0.131052 0.541439
v 21.480972 0.247862 0.190128
v 21.242306 0.242237 0.000000
v 21.222155 0.232187 0.190128
v 21.196783 0.208863 0.000000
v 21.212175 0.131052 0.190128
v 21.480972 0.247862 -0.190128
v 21.317333 0.242237 -0.372973
v 21.222155 0.232187 -0.190128
v 21.271702 0.208863 -0.372973
v 21.212175 0.131053 -0.190128
v 21.628170 0.247862 -0.541439
v 21.531042 0.242237 -0.689165
v 21.369204 0.232187 -0.541439
v 21.485062 0.208863 -0.689165
v 21.359070 0.131053 -0.541439
v 22.264175 0.208863 -0.983955
v 21.994389 0.131052 -0.956814
v 21.801052 0.208863 -0.899766
v 21.986332 0.232187 -0.952900
v 22.256258 0.242078 -0.973404
v 21.838228 0.242237 -0.897766
v 22.208683 0.247652 -0.946013
v 21.898567 0.247862 -0.809858
v 21.640026 0.232187 -0.810132
v 21.630377 0.131053 -0.810295
v 21.798986 -0.033680 0.900412
v 22.272573 -0.033680 0.987186
v 21.479973 -0.033680 0.689165
v 21.266731 -0.033680 0.372973
v 21.191851 -0.033680 0.000000
v 21.266731 -0.033680 -0.372973
v 21.479973 -0.033680 -0.689165
v 21.798986 -0.033680 -0.900412
v 22.272573 -0.033680 -0.987186
v 23.291489 -0.033680 0.942083
v 21.969160 0.249695 -0.190128
v 22.116190 0.249695 -0.541439
v 22.649227 0.208863 -0.993822
v 23.134542 -0.033680 -0.809653
v 22.656021 -0.033680 0.997601
v 23.203327 -0.033680 0.983000
v 22.656021 -0.033680 -0.997601
v 22.631794 0.242158 -0.981266
v 22.386084 0.249695 -0.809736
v 22.724394 -0.033680 0.190128
v 22.649227 0.208863 0.993822
v 23.134542 -0.033680 0.809653
v 22.724394 -0.033680 -0.190128
v 22.871265 -0.033680 -0.541439
v 22.871265 -0.033680 0.541439
v 21.969160 0.249695 0.190128
v 23.291489 -0.033680 -0.942083
v 23.203327 -0.033680 -0.983000
v 23.130075 0.208863 0.809589
v 23.086325 0.242237 0.809414
v 22.866796 0.208863 0.541439
v 22.822725 0.242237 0.541439
v 22.719954 0.208863 0.190128
v 22.675949 0.242237 0.190128
v 22.719954 0.208863 -0.190128
v 22.675949 0.242237 -0.190128
v 22.866796 0.208863 -0.541439
v 22.822725 0.242237 -0.541439
v 22.715729 0.249450 0.946498
v 22.116190 0.249695 0.541439
v 22.715729 0.249450 -0.946498
v 22.386084 0.249695 0.809736
v 23.174931 0.242158 0.968669
v 23.200718 0.208863 0.979587
v 23.174931 0.242158 -0.968669
v 23.200718 0.208863 -0.979587
v 23.252102 0.242197 -0.936146
v 23.287218 0.208863 -0.940527
v 23.130075 0.208863 -0.809589
v 23.086325 0.242237 -0.809414
v 23.252102 0.242197 0.936146
v 23.287218 0.208863 0.940527
v 21.629061 -0.033680 0.810317
v 21.357689 -0.033680 0.541439
v 21.210815 -0.033680 0.190128
v 21.210815 -0.033680 -0.190128
v 21.357689 -0.033680 -0.541439
v 21.629061 -0.033680 -0.810317
v 21.995489 -0.033680 -0.957347
v 21.995489 -0.033680 0.957347
v 22.008535 0.242197 0.949315
v 21.991497 0.208863 0.955409
v 21.678921 0.242237 0.809986
v 21.633841 0.208863 0.810236
v 21.408482 0.242237 0.541439
v 21.362707 0.208863 0.541439
v 21.261307 0.242237 0.190128
v 21.215755 0.208863 0.190128
v 21.261307 0.242237 -0.190128
v 21.215757 0.208863 -0.190128
v 21.408482 0.242237 -0.541439
v 21.362707 0.208863 -0.541439
v 21.991497 0.208863 -0.955409
v 22.008535 0.242197 -0.949315
v 21.678921 0.242237 -0.809986
v 21.633841 0.208863 -0.810236
v 22.631794 0.242158 0.981266
v 24.505722 -0.250305 0.689165
v 24.292484 -0.250305 0.372973
v 24.217606 -0.250305 0.000000
v 24.292484 -0.250305 -0.372974
v 24.505722 -0.250305 -0.689165
v 24.760019 -0.250305 0.895123
v 24.522562 -0.250305 0.994685
v 24.787191 -0.250305 0.966055
v 24.522562 -0.250305 -0.994685
v 24.760019 -0.250305 -0.895123
v 24.787191 -0.250305 -0.966055
v 24.512079 0.247862 0.893663
v 24.758625 0.131052 0.894961
v 24.749689 0.232187 0.893925
v 24.504313 0.131052 0.689165
v 24.238211 0.247862 0.689165
v 24.495274 0.232187 0.689165
v 24.291082 0.131052 0.372973
v 24.024958 0.247862 0.372973
v 24.282091 0.232187 0.372973
v 24.216208 0.131052 0.000000
v 23.950109 0.247862 0.000000
v 24.207249 0.232187 -0.000000
v 24.291082 0.131052 -0.372973
v 24.024958 0.247862 -0.372973
v 24.282091 0.232187 -0.372973
v 24.504313 0.131052 -0.689165
v 24.238211 0.247862 -0.689165
v 24.495274 0.232187 -0.689165
v 24.434460 0.246640 0.970511
v 24.521530 0.131052 0.993507
v 24.514904 0.232187 0.985948
v 24.675749 0.246640 0.951886
v 24.786047 0.131052 0.965205
v 24.778698 0.232187 0.959756
v 24.512079 0.247862 -0.893663
v 24.758625 0.131052 -0.894961
v 24.749689 0.232187 -0.893925
v 24.434460 0.246640 -0.970511
v 24.521530 0.131053 -0.993507
v 24.514904 0.232187 -0.985948
v 24.675749 0.246640 -0.951886
v 24.786047 0.131052 -0.965205
v 24.778698 0.232187 -0.959756
v 23.784903 -0.250305 0.987313
v 23.310904 -0.250305 0.900438
v 22.991772 -0.250305 0.689165
v 22.778534 -0.250305 0.372973
v 22.703655 -0.250305 0.000000
v 22.778534 -0.250305 -0.372974
v 22.991772 -0.250305 -0.689165
v 23.310904 -0.250305 -0.900438
v 23.784903 -0.250305 -0.987313
v 23.765303 0.232187 0.979773
v 23.845980 0.246640 0.965863
v 23.568981 0.247862 0.896736
v 23.315727 0.232187 0.898929
v 23.782259 0.131053 0.986296
v 23.311554 0.131052 0.900234
v 23.262766 0.247862 0.689165
v 23.003649 0.232187 0.689165
v 22.993374 0.131052 0.689165
v 23.049006 0.247862 0.372973
v 22.790134 0.232187 0.372973
v 22.780100 0.131053 0.372973
v 22.973969 0.247862 0.000000
v 22.715168 0.232187 -0.000000
v 22.705208 0.131052 0.000000
v 23.049006 0.247862 -0.372973
v 22.790134 0.232187 -0.372973
v 22.780100 0.131053 -0.372973
v 23.262766 0.247862 -0.689165
v 23.003649 0.232187 -0.689165
v 22.993374 0.131053 -0.689165
v 23.765303 0.232187 -0.979773
v 23.782259 0.131052 -0.986296
v 23.311554 0.131052 -0.900234
v 23.315727 0.232187 -0.898929
v 23.845980 0.246640 -0.965863
v 23.568981 0.247862 -0.896736
v 24.383440 -0.250305 0.541439
v 24.236568 -0.250305 0.190128
v 24.236568 -0.250305 -0.190128
v 24.383440 -0.250305 -0.541439
v 24.803656 -0.250305 0.942144
v 24.715429 -0.250305 0.983135
v 24.715429 -0.250305 -0.983135
v 24.803656 -0.250305 -0.942144
v 24.646717 -0.250305 0.809656
v 24.646717 -0.250305 -0.809656
v 24.755419 0.208863 0.894590
v 24.645311 0.131053 0.809636
v 24.501068 0.208863 0.689165
v 24.636292 0.232187 0.809506
v 24.713896 0.242237 0.893186
v 24.456980 0.242237 0.689165
v 24.381741 0.247862 0.809473
v 24.382032 0.131052 0.541439
v 24.287857 0.208863 0.372973
v 24.373013 0.232187 0.541439
v 24.243822 0.242237 0.372973
v 24.115894 0.247862 0.541439
v 24.235170 0.131052 0.190128
v 24.212994 0.208863 0.000000
v 24.226202 0.232187 0.190128
v 24.169001 0.242237 0.000000
v 23.969063 0.247862 0.190128
v 24.235170 0.131052 -0.190128
v 24.287857 0.208863 -0.372973
v 24.226202 0.232187 -0.190128
v 24.243822 0.242237 -0.372973
v 23.969063 0.247862 -0.190128
v 24.382032 0.131052 -0.541439
v 24.501068 0.208863 -0.689165
v 24.373013 0.232187 -0.541439
v 24.456980 0.242237 -0.689165
v 24.115894 0.247862 -0.541439
v 24.168287 -0.250305 -0.997750
v 24.168287 -0.250305 0.997750
v 24.757702 0.242078 0.955076
v 24.561472 0.247443 0.960602
v 24.496939 0.242078 0.978704
v 24.709341 0.232187 0.975167
v 24.783409 0.208863 0.963250
v 24.519152 0.208863 0.990794
v 24.714607 0.131052 0.982060
v 24.496939 0.242078 -0.978704
v 24.561472 0.247443 -0.960602
v 24.757702 0.242078 -0.955076
v 24.709339 0.232187 -0.975167
v 24.519152 0.208863 -0.990794
v 24.783409 0.208863 -0.963250
v 24.714607 0.131052 -0.982060
v 24.606529 0.247652 -0.936886
v 24.713896 0.242237 -0.893186
v 24.793688 0.232187 -0.938512
v 24.755419 0.208863 -0.894590
v 24.802311 0.131052 -0.941654
v 24.156160 0.247443 0.969060
v 24.156160 0.247443 -0.969060
v 24.152431 0.232187 -0.988929
v 24.166149 0.131053 -0.996560
v 24.645311 0.131052 -0.809636
v 24.636292 0.232187 -0.809506
v 24.381741 0.247862 -0.809473
v 24.606529 0.247652 0.936886
v 24.793688 0.232187 0.938512
v 24.802311 0.131052 0.941654
v 24.054585 0.249695 0.895765
v 24.505545 -0.033680 0.689165
v 24.759846 -0.033680 0.895103
v 24.787048 -0.033680 0.965949
v 24.292309 -0.033680 0.372973
v 23.462179 0.249695 0.000000
v 24.217430 -0.033680 0.000000
v 23.537128 0.249695 -0.372973
v 24.292309 -0.033680 -0.372973
v 23.750662 0.249695 -0.689165
v 24.505545 -0.033680 -0.689165
v 24.759846 -0.033680 -0.895103
v 24.054585 0.249695 -0.895765
v 23.750662 0.249695 0.689165
v 24.522432 -0.033680 0.994538
v 23.537128 0.249695 0.372973
v 24.166149 0.131053 0.996560
v 24.152431 0.232187 0.988929
v 24.522432 -0.033680 -0.994538
v 24.787048 -0.033680 -0.965949
v 23.507645 -0.250305 0.957424
v 23.140871 -0.250305 0.810320
v 22.869490 -0.250305 0.541439
v 22.722618 -0.250305 0.190128
v 22.722618 -0.250305 -0.190128
v 22.869490 -0.250305 -0.541439
v 23.140873 -0.250305 -0.810320
v 23.507645 -0.250305 -0.957424
v 23.768257 0.242078 0.973404
v 23.720682 0.247652 0.946013
v 23.350227 0.242237 0.897766
v 23.498331 0.232187 0.952900
v 23.776175 0.208863 0.983955
v 23.313051 0.208863 0.899766
v 23.506388 0.131052 0.956814
v 23.410566 0.247862 0.809857
v 23.043041 0.242237 0.689165
v 23.152025 0.232187 0.810132
v 22.997061 0.208863 0.689165
v 23.142376 0.131052 0.810295
v 23.140169 0.247862 0.541439
v 22.829332 0.242237 0.372973
v 22.881203 0.232187 0.541439
v 22.783701 0.208863 0.372973
v 22.871071 0.131052 0.541439
v 22.992971 0.247862 0.190128
v 22.754305 0.242237 0.000000
v 22.734154 0.232187 0.190128
v 22.708782 0.208863 0.000000
v 22.724174 0.131052 0.190128
v 22.992971 0.247862 -0.190128
v 22.829332 0.242237 -0.372973
v 22.734154 0.232187 -0.190128
v 22.783701 0.208863 -0.372973
v 22.724174 0.131053 -0.190128
v 23.140169 0.247862 -0.541439
v 23.043041 0.242237 -0.689165
v 22.881203 0.232187 -0.541439
v 22.997061 0.208863 -0.689165
v 22.871071 0.131053 -0.541439
v 23.776175 0.208863 -0.983955
v 23.506388 0.131052 -0.956814
v 23.313051 0.208863 -0.899766
v 23.498331 0.232187 -0.952900
v 23.768257 0.242078 -0.973404
v 23.350227 0.242237 -0.897766
v 23.720682 0.247652 -0.946013
v 23.410566 0.247862 -0.809858
v 23.152025 0.232187 -0.810132
v 23.142376 0.131053 -0.810295
v 23.310986 -0.033680 0.900412
v 23.784573 -0.033680 0.987186
v 22.991972 -0.033680 0.689165
v 22.778730 -0.033680 0.372973
v 22.703850 -0.033680 0.000000
v 22.778730 -0.033680 -0.372973
v 22.991972 -0.033680 -0.689165
v 23.310986 -0.033680 -0.900412
v 23.784573 -0.033680 -0.987186
v 24.803488 -0.033680 0.942083
v 23.481159 0.249695 -0.190128
v 23.628189 0.249695 -0.541439
v 24.161226 0.208863 -0.993822
v 24.646542 -0.033680 -0.809653
v 24.168020 -0.033680 0.997601
v 24.715326 -0.033680 0.983000
v 24.168020 -0.033680 -0.997601
v 24.143793 0.242158 -0.981266
v 23.898083 0.249695 -0.809736
v 24.236393 -0.033680 0.190128
v 24.161226 0.208863 0.993822
v 24.646542 -0.033680 0.809653
v 24.236393 -0.033680 -0.190128
v 24.383263 -0.033680 -0.541439
v 24.383263 -0.033680 0.541439
v 23.481159 0.249695 0.190128
v 24.803488 -0.033680 -0.942083
v 24.715326 -0.033680 -0.983000
v 24.642075 0.208863 0.809589
v 24.598324 0.242237 0.809414
v 24.378796 0.208863 0.541439
v 24.334724 0.242237 0.541439
v 24.231953 0.208863 0.190128
v 24.187948 0.242237 0.190128
v 24.231953 0.208863 -0.190128
v 24.187948 0.242237 -0.190128
v 24.378796 0.208863 -0.541439
v 24.334724 0.242237 -0.541439
v 24.227728 0.249450 0.946498
v 23.628189 0.249695 0.541439
v 24.227728 0.249450 -0.946498
v 23.898083 0.249695 0.809736
v 24.686930 0.242158 0.968669
v 24.712717 0.208863 0.979587
v 24.686930 0.242158 -0.968669
v 24.712717 0.208863 -0.979587
v 24.764101 0.242197 -0.936146
v 24.799217 0.208863 -0.940527
v 24.642075 0.208863 -0.809589
v 24.598324 0.242237 -0.809414
v 24.764101 0.242197 0.936146
v 24.799217 0.208863 0.940527
v 23.141060 -0.033680 0.810317
v 22.869688 -0.033680 0.541439
v 22.722813 -0.033680 0.190128
v 22.722813 -0.033680 -0.190128
v 22.869688 -0.033680 -0.541439
v 23.141060 -0.033680 -0.810317
v 23.507488 -0.033680 -0.957347
v 23.507488 -0.033680 0.957347
v 23.520535 0.242197 0.949315
v 23.503496 0.208863 0.955409
v 23.190920 0.242237 0.809986
v 23.145840 0.208863 0.810236
v 22.920481 0.242237 0.541439
v 22.874706 0.208863 0.541439
v 22.773306 0.242237 0.190128
v 22.727757 0.208863 0.190128
v 22.773306 0.242237 -0.190128
v 22.727757 0.208863 -0.190128
v 22.920481 0.242237 -0.541439
v 22.874706 0.208863 -0.541439
v 23.503496 0.208863 -0.955409
v 23.520535 0.242197 -0.949315
v 23.190920 0.242237 -0.809986
v 23.145840 0.208863 -0.810236
v 24.143793 0.242158 0.981266
v 26.017721 -0.250305 0.689165
v 25.804483 -0.250305 0.372973
v 25.729605 -0.250305 0.000000
v 25.804483 -0.250305 -0.372974
v 26.017721 -0.250305 -0.689165
v 26.272018 -0.250305 0.895123
v 26.034561 -0.250305 0.994685
v 26.299191 -0.250305 0.966055
v 26.034561 -0.250305 -0.994685
v 26.272018 -0.250305 -0.895123
v 26.299191 -0.250305 -0.966055
v 26.024078 0.247862 0.893663
v 26.270626 0.131052 0.894961
v 26.261688 0.232187 0.893925
v 26.016312 0.131052 0.689165
v 25.750210 0.247862 0.689165
v 26.007273 0.232187 0.689165
v 25.803082 0.131052 0.372973
v 25.536957 0.247862 0.372973
v 25.794090 0.232187 0.372973
v 25.728207 0.131052 0.000000
v 25.462109 0.247862 0.000000
v 25.719248 0.232187 -0.000000
v 25.803082 0.131052 -0.372973
v 25.536957 0.247862 -0.372973
v 25.794090 0.232187 -0.372973
v 26.016312 0.131052 -0.689165
v 25.750210 0.247862 -0.689165
v 26.007273 0.232187 -0.689165
v 25.946459 0.246640 0.970511
v 26.033529 0.131052 0.993507
v 26.026903 0.232187 0.985948
v 26.187748 0.246640 0.951886
v 26.298046 0.131052 0.965205
v 26.290697 0.232187 0.959756
v 26.024078 0.247862 -0.893663
v 26.270624 0.131052 -0.894961
v 26.261688 0.232187 -0.893925
v 25.946459 0.246640 -0.970511
v 26.033529 0.131053 -0.993507
v 26.026903 0.232187 -0.985948
v 26.187748 0.246640 -0.951886
v 26.298046 0.131052 -0.965205
v 26.290697 0.232187 -0.959756
v 25.296902 -0.250305 0.987313
v 24.822903 -0.250305 0.900438
v 24.503771 -0.250305 0.689165
v 24.290533 -0.250305 0.372973
v 24.215654 -0.250305 0.000000
v 24.290533 -0.250305 -0.372974
v 24.503771 -0.250305 -0.689165
v 24.822903 -0.250305 -0.900438
v 25.296902 -0.250305 -0.987313
v 25.277302 0.232187 0.979773
v 25.357979 0.246640 0.965863
v 25.080980 0.247862 0.896736
v 24.827726 0.232187 0.898929
v 25.294258 0.131053 0.986296
v 24.823553 0.131052 0.900234
v 24.774765 0.247862 0.689165
v 24.515648 0.232187 0.689165
v 24.505373 0.131052 0.689165
v 24.561005 0.247862 0.372973
v 24.302134 0.232187 0.372973
v 24.292099 0.131053 0.372973
v 24.485968 0.247862 0.000000
v 24.227167 0.232187 -0.000000
v 24.217207 0.131052 0.000000
v 24.561005 0.247862 -0.372973
v 24.302134 0.232187 -0.372973
v 24.292099 0.131053 -0.372973
v 24.774765 0.247862 -0.689165
v 24.515648 0.232187 -0.689165
v 24.505373 0.131053 -0.689165
v 25.277302 0.232187 -0.979773
v 25.294258 0.131052 -0.986296
v 24.823553 0.131052 -0.900234
v 24.827726 0.232187 -0.898929
v 25.357979 0.246640 -0.965863
v 25.080980 0.247862 -0.896736
v 25.895439 -0.250305 0.541439
v 25.748568 -0.250305 0.190128
v 25.748568 -0.250305 -0.190128
v 25.895439 -0.250305 -0.541439
v 26.315655 -0.250305 0.942144
v 26.227428 -0.250305 0.983135
v 26.227428 -0.250305 -0.983135
v 26.315655 -0.250305 -0.942144
v 26.158716 -0.250305 0.809656
v 26.158716 -0.250305 -0.809656
v 26.267418 0.208863 0.894590
v 26.157310 0.131053 0.809636
v 26.013067 0.208863 0.689165
v 26.148291 0.232187 0.809506
v 26.225895 0.242237 0.893186
v 25.968979 0.242237 0.689165
v 25.893740 0.247862 0.809473
v 25.894032 0.131052 0.541439
v 25.799856 0.208863 0.372973
v 25.885012 0.232187 0.541439
v 25.755821 0.242237 0.372973
v 25.627893 0.247862 0.541439
v 25.747169 0.131052 0.190128
v 25.724993 0.208863 0.000000
v 25.738201 0.232187 0.190128
v 25.681000 0.242237 0.000000
v 25.481062 0.247862 0.190128
v 25.747169 0.131052 -0.190128
v 25.799856 0.208863 -0.372973
v 25.738201 0.232187 -0.190128
v 25.755821 0.242237 -0.372973
v 25.481062 0.247862 -0.190128
v 25.894032 0.131052 -0.541439
v 26.013067 0.208863 -0.689165
v 25.885012 0.232187 -0.541439
v 25.968979 0.242237 -0.689165
v 25.627893 0.247862 -0.541439
v 25.680286 -0.250305 -0.997750
v 25.680286 -0.250305 0.997750
v 26.269701 0.242078 0.955076
v 26.073471 0.247443 0.960602
v 26.008938 0.242078 0.978704
v 26.221340 0.232187 0.975167
v 26.295408 0.208863 0.963250
v 26.031151 0.208863 0.990794
v 26.226606 0.131052 0.982060
v 26.008938 0.242078 -0.978704
v 26.073471 0.247443 -0.960602
v 26.269701 0.242078 -0.955076
v 26.221340 0.232187 -0.975167
v 26.031151 0.208863 -0.990794
v 26.295408 0.208863 -0.963250
v 26.226606 0.131052 -0.982060
v 26.118528 0.247652 -0.936886
v 26.225895 0.242237 -0.893186
v 26.305687 0.232187 -0.938512
v 26.267418 0.208863 -0.894590
v 26.314310 0.131052 -0.941654
v 25.668159 0.247443 0.969060
v 25.668159 0.247443 -0.969060
v 25.664431 0.232187 -0.988929
v 25.678148 0.131053 -0.996560
v 26.157310 0.131052 -0.809636
v 26.148291 0.232187 -0.809506
v 25.893740 0.247862 -0.809473
v 26.118528 0.247652 0.936886
v 26.305687 0.232187 0.938512
v 26.314310 0.131052 0.941654
v 25.566584 0.249695 0.895765
v 26.017544 -0.033680 0.689165
v 26.271845 -0.033680 0.895103
v 26.299047 -0.033680 0.965949
v 25.804308 -0.033680 0.372973
v 24.974178 0.249695 0.000000
v 25.729429 -0.033680 0.000000
v 25.049128 0.249695 -0.372973
v 25.804308 -0.033680 -0.372973
v 25.262661 0.249695 -0.689165
v 26.017544 -0.033680 -0.689165
v 26.271845 -0.033680 -0.895103
v 25.566584 0.249695 -0.895765
v 25.262661 0.249695 0.689165
v 26.034431 -0.033680 0.994538
v 25.049128 0.249695 0.372973
v 25.678148 0.131053 0.996560
v 25.664431 0.232187 0.988929
v 26.034431 -0.033680 -0.994538
v 26.299047 -0.033680 -0.965949
v 25.019644 -0.250305 0.957424
v 24.652870 -0.250305 0.810320
v 24.381489 -0.250305 0.541439
v 24.234619 -0.250305 0.190128
v 24.234619 -0.250305 -0.190128
v 24.381489 -0.250305 -0.541439
v 24.652870 -0.250305 -0.810320
v 25.019644 -0.250305 -0.957424
v 25.280256 0.242078 0.973404
v 25.232681 0.247652 0.946013
v 24.862226 0.242237 0.897766
v 25.010330 0.232187 0.952900
v 25.288174 0.208863 0.983955
v 24.825050 0.208863 0.899766
v 25.018387 0.131052 0.956814
v 24.922565 0.247862 0.809857
v 24.555040 0.242237 0.689165
v 24.664024 0.232187 0.810132
v 24.509060 0.208863 0.689165
v 24.654375 0.131052 0.810295
v 24.652168 0.247862 0.541439
v 24.341331 0.242237 0.372973
v 24.393202 0.232187 0.541439
v 24.295700 0.208863 0.372973
v 24.383068 0.131052 0.541439
v 24.504971 0.247862 0.190128
v 24.266304 0.242237 0.000000
v 24.246153 0.232187 0.190128
v 24.220781 0.208863 0.000000
v 24.236174 0.131052 0.190128
v 24.504971 0.247862 -0.190128
v 24.341331 0.242237 -0.372973
v 24.246153 0.232187 -0.190128
v 24.295700 0.208863 -0.372973
v 24.236174 0.131053 -0.190128
v 24.652168 0.247862 -0.541439
v 24.555040 0.242237 -0.689165
v 24.393202 0.232187 -0.541439
v 24.509060 0.208863 -0.689165
v 24.383068 0.131053 -0.541439
v 25.288174 0.208863 -0.983955
v 25.018387 0.131052 -0.956814
v 24.825050 0.208863 -0.899766
v 25.010330 0.232187 -0.952900
v 25.280256 0.242078 -0.973404
v 24.862226 0.242237 -0.897766
v 25.232681 0.247652 -0.946013
v 24.922565 0.247862 -0.809858
v 24.664024 0.232187 -0.810132
v 24.654375 0.131053 -0.810295
v 24.822985 -0.033680 0.900412
v 25.296572 -0.033680 0.987186
v 24.503971 -0.033680 0.689165
v 24.290730 -0.033680 0.372973
v 24.215849 -0.033680 0.000000
v 24.290730 -0.033680 -0.372973
v 24.503971 -0.033680 -0.689165
v 24.822985 -0.033680 -0.900412
v 25.296572 -0.033680 -0.987186
v 26.315487 -0.033680 0.942083
v 24.993158 0.249695 -0.190128
v 25.140188 0.249695 -0.541439
v 25.673225 0.208863 -0.993822
v 26.158541 -0.033680 -0.809653
v 25.680019 -0.033680 0.997601
v 26.227325 -0.033680 0.983000
v 25.680019 -0.033680 -0.997601
v 25.655792 0.242158 -0.981266
v 25.410082 0.249695 -0.809736
v 25.748392 -0.033680 0.190128
v 25.673225 0.208863 0.993822
v 26.158541 -0.033680 0.809653
v 25.748392 -0.033680 -0.190128
v 25.895264 -0.033680 -0.541439
v 25.895264 -0.033680 0.541439
v 24.993158 0.249695 0.190128
v 26.315487 -0.033680 -0.942083
v 26.227325 -0.033680 -0.983000
v 26.154074 0.208863 0.809589
v 26.110323 0.242237 0.809414
v 25.890795 0.208863 0.541439
v 25.846724 0.242237 0.541439
v 25.743952 0.208863 0.190128
v 25.699947 0.242237 0.190128
v 25.743952 0.208863 -0.190128
v 25.699947 0.242237 -0.190128
v 25.890795 0.208863 -0.541439
v 25.846724 0.242237 -0.541439
v 25.739727 0.249450 0.946498
v 25.140188 0.249695 0.541439
v 25.739727 0.249450 -0.946498
v 25.410082 0.249695 0.809736
v 26.198929 0.242158 0.968669
v 26.224716 0.208863 0.979587
v 26.198929 0.242158 -0.968669
v 26.224716 0.208863 -0.979587
v 26.276100 0.242197 -0.936146
v 26.311216 0.208863 -0.940527
v 26.154074 0.208863 -0.809589
v 26.110323 0.242237 -0.809414
v 26.276100 0.242197 0.936146
v 26.311216 0.208863 0.940527
v 24.653059 -0.033680 0.810317
v 24.381687 -0.033680 0.541439
v 24.234814 -0.033680 0.190128
v 24.234814 -0.033680 -0.190128
v 24.381687 -0.033680 -0.541439
v 24.653059 -0.033680 -0.810317
v 25.019487 -0.033680 -0.957347
v 25.019487 -0.033680 0.957347
v 25.032534 0.242197 0.949315
v 25.015495 0.208863 0.955409
v 24.702919 0.242237 0.809986
v 24.657839 0.208863 0.810236
v 24.432480 0.242237 0.541439
v 24.386705 0.208863 0.541439
v 24.285305 0.242237 0.190128
v 24.239754 0.208863 0.190128
v 24.285305 0.242237 -0.190128
v 24.239756 0.208863 -0.190128
v 24.432480 0.242237 -0.541439
v 24.386705 0.208863 -0.541439
v 25.015495 0.208863 -0.955409
v 25.032534 0.242197 -0.949315
v 24.702919 0.242237 -0.809986
v 24.657839 0.208863 -0.810236
v 25.655792 0.242158 0.981266
v 27.529720 -0.250305 0.689165
v 27.316483 -0.250305 0.372973
v 27.241604 -0.250305 0.000000
v 27.316483 -0.250305 -0.372974
v 27.529720 -0.250305 -0.689165
v 27.784018 -0.250305 0.895123
v 27.546560 -0.250305 0.994685
v 27.811190 -0.250305 0.966055
v 27.546560 -0.250305 -0.994685
v 27.784018 -0.250305 -0.895123
v 27.811190 -0.250305 -0.966055
v 27.536077 0.247862 0.893663
v 27.782623 0.131052 0.894961
v 27.773687 0.232187 0.893925
v 27.528311 0.131052 0.689165
v 27.262209 0.247862 0.689165
v 27.519272 0.232187 0.689165
v 27.315081 0.131052 0.372973
v 27.048956 0.247862 0.372973
v 27.306089 0.232187 0.372973
v 27.240206 0.131052 0.000000
v 26.974108 0.247862 0.000000
v 27.231247 0.232187 -0.000000
v 27.315081 0.131052 -0.372973
v 27.048956 0.247862 -0.372973
v 27.306089 0.232187 -0.372973
v 27.528311 0.131052 -0.689165
v 27.262209 0.247862 -0.689165
v 27.519272 0.232187 -0.689165
v 27.458458 0.246640 0.970511
v 27.545528 0.131052 0.993507
v 27.538902 0.232187 0.985948
v 27.699747 0.246640 0.951886
v 27.810045 0.131052 0.965205
v 27.802696 0.232187 0.959756
v 27.536077 0.247862 -0.893663
v 27.782623 0.131052 -0.894961
v 27.773687 0.232187 -0.893925
v 27.458458 0.246640 -0.970511
v 27.545528 0.131053 -0.993507
v 27.538902 0.232187 -0.985948
v 27.699747 0.246640 -0.951886
v 27.810045 0.131052 -0.965205
v 27.802696 0.232187 -0.959756
v 26.808901 -0.250305 0.987313
v 26.334902 -0.250305 0.900438
v 26.015770 -0.250305 0.689165
v 25.802532 -0.250305 0.372973
v 25.727654 -0.250305 0.000000
v 25.802532 -0.250305 -0.372974
v 26.015770 -0.250305 -0.689165
v 26.334902 -0.250305 -0.900438
v 26.808901 -0.250305 -0.987313
v 26.789301 0.232187 0.979773
v 26.869978 0.246640 0.965863
v 26.592979 0.247862 0.896736
v 26.339725 0.232187 0.898929
v 26.806257 0.131053 0.986296
v 26.335552 0.131052 0.900234
v 26.286764 0.247862 0.689165
v 26.027647 0.232187 0.689165
v 26.017372 0.131052 0.689165
v 26.073004 0.247862 0.372973
v 25.814133 0.232187 0.372973
v 25.804098 0.131053 0.372973
v 25.997967 0.247862 0.000000
v 25.739166 0.232187 -0.000000
v 25.729206 0.131052 0.000000
v 26.073004 0.247862 -0.372973
v 25.814133 0.232187 -0.372973
v 25.804098 0.131053 -0.372973
v 26.286764 0.247862 -0.689165
v 26.027647 0.232187 -0.689165
v 26.017372 0.131053 -0.689165
v 26.789301 0.232187 -0.979773
v 26.806257 0.131052 -0.986296
v 26.335552 0.131052 -0.900234
v 26.339725 0.232187 -0.898929
v 26.869978 0.246640 -0.965863
v 26.592979 0.247862 -0.896736
v 27.407438 -0.250305 0.541439
v 27.260567 -0.250305 0.190128
v 27.260567 -0.250305 -0.190128
v 27.407438 -0.250305 -0.541439
v 27.827654 -0.250305 0.942144
v 27.739428 -0.250305 0.983135
v 27.739428 -0.250305 -0.983135
v 27.827654 -0.250305 -0.942144
v 27.670715 -0.250305 0.809656
v 27.670715 -0.250305 -0.809656
v 27.779417 0.208863 0.894590
v 27.669310 0.131053 0.809636
v 27.525066 0.208863 0.689165
v 27.660290 0.232187 0.809506
v 27.737894 0.242237 0.893186
v 27.480978 0.242237 0.689165
v 27.405739 0.247862 0.809473
v 27.406031 0.131052 0.541439
v 27.311855 0.208863 0.372973
v 27.397011 0.232187 0.541439
v 27.267820 0.242237 0.372973
v 27.139893 0.247862 0.541439
v 27.259169 0.131052 0.190128
v 27.236992 0.208863 0.000000
v 27.250200 0.232187 0.190128
v 27.192999 0.242237 0.000000
v 26.993061 0.247862 0.190128
v 27.259169 0.131052 -0.190128
v 27.311855 0.208863 -0.372973
v 27.250200 0.232187 -0.190128
v 27.267820 0.242237 -0.372973
v 26.993061 0.247862 -0.190128
v 27.406031 0.131052 -0.541439
v 27.525066 0.208863 -0.689165
v 27.397011 0.232187 -0.541439
v 27.480978 0.242237 -0.689165
v 27.139893 0.247862 -0.541439
v 27.192286 -0.250305 -0.997750
v 27.192286 -0.250305 0.997750
v 27.781700 0.242078 0.955076
v 27.585470 0.247443 0.960602
v 27.520937 0.242078 0.978704
v 27.733339 0.232187 0.975167
v 27.807407 0.208863 0.963250
v 27.543150 0.208863 0.990794
v 27.738605 0.131052 0.982060
v 27.520937 0.242078 -0.978704
v 27.585470 0.247443 -0.960602
v 27.781700 0.242078 -0.955076
v 27.733337 0.232187 -0.975167
v 27.543150 0.208863 -0.990794
v 27.807407 0.208863 -0.963250
v 27.738605 0.131052 -0.982060
v 27.630527 0.247652 -0.936886
v 27.737894 0.242237 -0.893186
v 27.817686 0.232187 -0.938512
v 27.779417 0.208863 -0.894590
v 27.826309 0.131052 -0.941654
v 27.180159 0.247443 0.969060
v 27.180159 0.247443 -0.969060
v 27.176430 0.232187 -0.988929
v 27.190147 0.131053 -0.996560
v 27.669310 0.131052 -0.809636
v 27.660290 0.232187 -0.809506
v 27.405739 0.247862 -0.809473
v 27.630527 0.247652 0.936886
v 27.817686 0.232187 0.938512
v 27.826309 0.131052 0.941654
v 27.078583 0.249695 0.895765
v 27.529543 -0.033680 0.689165
v 27.783844 -0.033680 0.895103
v 27.811047 -0.033680 0.965949
v 27.316307 -0.033680 0.372973
v 26.486177 0.249695 0.000000
v 27.241428 -0.033680 0.000000
v 26.561127 0.249695 -0.372973
v 27.316307 -0.033680 -0.372973
v 26.774660 0.249695 -0.689165
v 27.529543 -0.033680 -0.689165
v 27.783844 -0.033680 -0.895103
v 27.078583 0.249695 -0.895765
v 26.774660 0.249695 0.689165
v 27.546431 -0.033680 0.994538
v 26.561127 0.249695 0.372973
v 27.190147 0.131053 0.996560
v 27.176430 0.232187 0.988929
v 27.546431 -0.033680 -0.994538
v 27.811047 -0.033680 -0.965949
v 26.531643 -0.250305 0.957424
v 26.164869 -0.250305 0.810320
v 25.893488 -0.250305 0.541439
v 25.746616 -0.250305 0.190128
v 25.746616 -0.250305 -0.190128
v 25.893488 -0.250305 -0.541439
v 26.164871 -0.250305 -0.810320
v 26.531643 -0.250305 -0.957424
v 26.792255 0.242078 0.973404
v 26.744680 0.247652 0.946013
v 26.374226 0.242237 0.897766
v 26.522329 0.232187 0.952900
v 26.800173 0.208863 0.983955
v 26.337049 0.208863 0.899766
v 26.530386 0.131052 0.956814
v 26.434565 0.247862 0.809857
v 26.067039 0.242237 0.689165
v 26.176023 0.232187 0.810132
v 26.021059 0.208863 0.689165
v 26.166374 0.131052 0.810295
v 26.164167 0.247862 0.541439
v 25.853331 0.242237 0.372973
v 25.905201 0.232187 0.541439
v 25.807699 0.208863 0.372973
v 25.895069 0.131052 0.541439
v 26.016970 0.247862 0.190128
v 25.778303 0.242237 0.000000
v 25.758152 0.232187 0.190128
v 25.732780 0.208863 0.000000
v 25.748173 0.131052 0.190128
v 26.016970 0.247862 -0.190128
v 25.853331 0.242237 -0.372973
v 25.758152 0.232187 -0.190128
v 25.807699 0.208863 -0.372973
v 25.748173 0.131053 -0.190128
v 26.164167 0.247862 -0.541439
v 26.067039 0.242237 -0.689165
v 25.905201 0.232187 -0.541439
v 26.021059 0.208863 -0.689165
v 25.895069 0.131053 -0.541439
v 26.800173 0.208863 -0.983955
v 26.530386 0.131052 -0.956814
v 26.337049 0.208863 -0.899766
v 26.522329 0.232187 -0.952900
v 26.792255 0.242078 -0.973404
v 26.374226 0.242237 -0.897766
v 26.744680 0.247652 -0.946013
v 26.434565 0.247862 -0.809858
v 26.176023 0.232187 -0.810132
v 26.166374 0.131053 -0.810295
v 26.334984 -0.033680 0.900412
v 26.808571 -0.033680 0.987186
v 26.015970 -0.033680 0.689165
v 25.802729 -0.033680 0.372973
v 25.727848 -0.033680 0.000000
v 25.802729 -0.033680 -0.372973
v 26.015970 -0.033680 -0.689165
v 26.334984 -0.033680 -0.900412
v 26.808571 -0.033680 -0.987186
v 27.827486 -0.033680 0.942083
v 26.505157 0.249695 -0.190128
v 26.652187 0.249695 -0.541439
v 27.185225 0.208863 -0.993822
v 27.670540 -0.033680 -0.809653
v 27.192019 -0.033680 0.997601
v 27.739325 -0.033680 0.983000
v 27.192019 -0.033680 -0.997601
v 27.167791 0.242158 -0.981266
v 26.922081 0.249695 -0.809736
v 27.260391 -0.033680 0.190128
v 27.185225 0.208863 0.993822
v 27.670540 -0.033680 0.809653
v 27.260391 -0.033680 -0.190128
v 27.407261 -0.033680 -0.541439
v 27.407261 -0.033680 0.541439
v 26.505157 0.249695 0.190128
v 27.827486 -0.033680 -0.942083
v 27.739325 -0.033680 -0.983000
v 27.666073 0.208863 0.809589
v 27.622322 0.242237 0.809414
v 27.402794 0.208863 0.541439
v 27.358723 0.242237 0.541439
v 27.255951 0.208863 0.190128
v 27.211946 0.242237 0.190128
v 27.255951 0.208863 -0.190128
v 27.211946 0.242237 -0.190128
v 27.402794 0.208863 -0.541439
v 27.358723 0.242237 -0.541439
v 27.251726 0.249450 0.946498
v 26.652187 0.249695 0.541439
v 27.251726 0.249450 -0.946498
v 26.922081 0.249695 0.809736
v 27.710928 0.242158 0.968669
v 27.736715 0.208863 0.979587
v 27.710928 0.242158 -0.968669
v 27.736715 0.208863 -0.979587
v 27.788099 0.242197 -0.936146
v 27.823215 0.208863 -0.940527
v 27.666073 0.208863 -0.809589
v 27.622322 0.242237 -0.809414
v 27.788099 0.242197 0.936146
v 27.823215 0.208863 0.940527
v 26.165058 -0.033680 0.810317
v 25.893686 -0.033680 0.541439
v 25.746811 -0.033680 0.190128
v 25.746811 -0.033680 -0.190128
v 25.893686 -0.033680 -0.541439
v 26.165058 -0.033680 -0.810317
v 26.531487 -0.033680 -0.957347
v 26.531487 -0.033680 0.957347
v 26.544533 0.242197 0.949315
v 26.527494 0.208863 0.955409
v 26.214918 0.242237 0.809986
v 26.169838 0.208863 0.810236
v 25.944479 0.242237 0.541439
v 25.898705 0.208863 0.541439
v 25.797304 0.242237 0.190128
v 25.751755 0.208863 0.190128
v 25.797304 0.242237 -0.190128
v 25.751755 0.208863 -0.190128
v 25.944479 0.242237 -0.541439
v 25.898705 0.208863 -0.541439
v 26.527494 0.208863 -0.955409
v 26.544533 0.242197 -0.949315
v 26.214918 0.242237 -0.809986
v 26.169838 0.208863 -0.810236
v 27.167791 0.242158 0.981266
v 29.041719 -0.250305 0.689165
v 28.828482 -0.250305 0.372973
v 28.753603 -0.250305 0.000000
v 28.828482 -0.250305 -0.372974
v 29.041719 -0.250305 -0.689165
v 29.296017 -0.250305 0.895123
v 29.058559 -0.250305 0.994685
v 29.323189 -0.250305 0.966055
v 29.058559 -0.250305 -0.994685
v 29.296017 -0.250305 -0.895123
v 29.323189 -0.250305 -0.966055
v 29.048077 0.247862 0.893663
v 29.294624 0.131052 0.894961
v 29.285686 0.232187 0.893925
v 29.040310 0.131052 0.689165
v 28.774208 0.247862 0.689165
v 29.031271 0.232187 0.689165
v 28.827080 0.131052 0.372973
v 28.560955 0.247862 0.372973
v 28.818089 0.232187 0.372973
v 28.752205 0.131052 0.000000
v 28.486107 0.247862 0.000000
v 28.743246 0.232187 -0.000000
v 28.827080 0.131052 -0.372973
v 28.560955 0.247862 -0.372973
v 28.818089 0.232187 -0.372973
v 29.040310 0.131052 -0.689165
v 28.774208 0.247862 -0.689165
v 29.031271 0.232187 -0.689165
v 28.970457 0.246640 0.970511
v 29.057528 0.131052 0.993507
v 29.050901 0.232187 0.985948
v 29.211746 0.246640 0.951886
v 29.322044 0.131052 0.965205
v 29.314695 0.232187 0.959756
v 29.048077 0.247862 -0.893663
v 29.294622 0.131052 -0.894961
v 29.285686 0.232187 -0.893925
v 28.970457 0.246640 -0.970511
v 29.057528 0.131053 -0.993507
v 29.050901 0.232187 -0.985948
v 29.211746 0.246640 -0.951886
v 29.322044 0.131052 -0.965205
v 29.314695 0.232187 -0.959756
v 28.320900 -0.250305 0.987313
v 27.846901 -0.250305 0.900438
v 27.527769 -0.250305 0.689165
v 27.314531 -0.250305 0.372973
v 27.239653 -0.250305 0.000000
v 27.314531 -0.250305 -0.372974
v 27.527769 -0.250305 -0.689165
v 27.846901 -0.250305 -0.900438
v 28.320900 -0.250305 -0.987313
v 28.301300 0.232187 0.979773
v 28.381977 0.246640 0.965863
v 28.104979 0.247862 0.896736
v 27.851725 0.232187 0.898929
v 28.318256 0.131053 0.986296
v 27.847551 0.131052 0.900234
v 27.798763 0.247862 0.689165
v 27.539646 0.232187 0.689165
v 27.529371 0.131052 0.689165
v 27.585003 0.247862 0.372973
v 27.326132 0.232187 0.372973
v 27.316097 0.131053 0.372973
v 27.509966 0.247862 0.000000
v 27.251165 0.232187 -0.000000
v 27.241205 0.131052 0.000000
v 27.585003 0.247862 -0.372973
v 27.326132 0.232187 -0.372973
v 27.316097 0.131053 -0.372973
v 27.798763 0.247862 -0.689165
v 27.539646 0.232187 -0.689165
v 27.529371 0.131053 -0.689165
v 28.301300 0.232187 -0.979773
v 28.318256 0.131052 -0.986296
v 27.847551 0.131052 -0.900234
v 27.851725 0.232187 -0.898929
v 28.381977 0.246640 -0.965863
v 28.104979 0.247862 -0.896736
v 28.919437 -0.250305 0.541439
v 28.772566 -0.250305 0.190128
v 28.772566 -0.250305 -0.190128
v 28.919437 -0.250305 -0.541439
v 29.339653 -0.250305 0.942144
v 29.251427 -0.250305 0.983135
v 29.251427 -0.250305 -0.983135
v 29.339653 -0.250305 -0.942144
v 29.182714 -0.250305 0.809656
v 29.182714 -0.250305 -0.809656
v 29.291416 0.208863 0.894590
v 29.181309 0.131053 0.809636
v 29.037066 0.208863 0.689165
v 29.172289 0.232187 0.809506
v 29.249893 0.242237 0.893186
v 28.992977 0.242237 0.689165
v 28.917738 0.247862 0.809473
v 28.918030 0.131052 0.541439
v 28.823854 0.208863 0.372973
v 28.909010 0.232187 0.541439
v 28.779819 0.242237 0.372973
v 28.651892 0.247862 0.541439
v 28.771168 0.131052 0.190128
v 28.748991 0.208863 0.000000
v 28.762199 0.232187 0.190128
v 28.704998 0.242237 0.000000
v 28.505060 0.247862 0.190128
v 28.771168 0.131052 -0.190128
v 28.823854 0.208863 -0.372973
v 28.762199 0.232187 -0.190128
v 28.779819 0.242237 -0.372973
v 28.505060 0.247862 -0.190128
v 28.918030 0.131052 -0.541439
v 29.037066 0.208863 -0.689165
v 28.909010 0.232187 -0.541439
v 28.992977 0.242237 -0.689165
v 28.651892 0.247862 -0.541439
v 28.704285 -0.250305 -0.997750
v 28.704285 -0.250305 0.997750
v 29.293699 0.242078 0.955076
v 29.097469 0.247443 0.960602
v 29.032936 0.242078 0.978704
v 29.245338 0.232187 0.975167
v 29.319407 0.208863 0.963250
v 29.055149 0.208863 0.990794
v 29.250605 0.131052 0.982060
v 29.032936 0.242078 -0.978704
v 29.097469 0.247443 -0.960602
v 29.293699 0.242078 -0.955076
v 29.245338 0.232187 -0.975167
v 29.055149 0.208863 -0.990794
v 29.319407 0.208863 -0.963250
v 29.250605 0.131052 -0.982060
v 29.142527 0.247652 -0.936886
v 29.249893 0.242237 -0.893186
v 29.329685 0.232187 -0.938512
v 29.291416 0.208863 -0.894590
v 29.338308 0.131052 -0.941654
v 28.692158 0.247443 0.969060
v 28.692158 0.247443 -0.969060
v 28.688429 0.232187 -0.988929
v 28.702147 0.131053 -0.996560
v 29.181309 0.131052 -0.809636
v 29.172289 0.232187 -0.809506
v 28.917738 0.247862 -0.809473
v 29.142527 0.247652 0.936886
v 29.329685 0.232187 0.938512
v 29.338308 0.131052 0.941654
v 28.590582 0.249695 0.895765
v 29.041542 -0.033680 0.689165
v 29.295843 -0.033680 0.895103
v 29.323046 -0.033680 0.965949
v 28.828306 -0.033680 0.372973
v 27.998177 0.249695 0.000000
v 28.753428 -0.033680 0.000000
v 28.073126 0.249695 -0.372973
v 28.828306 -0.033680 -0.372973
v 28.286659 0.249695 -0.689165
v 29.041542 -0.033680 -0.689165
v 29.295843 -0.033680 -0.895103
v 28.590582 0.249695 -0.895765
v 28.286659 0.249695 0.689165
v 29.058430 -0.033680 0.994538
v 28.073126 0.249695 0.372973
v 28.702147 0.131053 0.996560
v 28.688429 0.232187 0.988929
v 29.058430 -0.033680 -0.994538
v 29.323046 -0.033680 -0.965949
v 28.043642 -0.250305 0.957424
v 27.676868 -0.250305 0.810320
v 27.405487 -0.250305 0.541439
v 27.258617 -0.250305 0.190128
v 27.258617 -0.250305 -0.190128
v 27.405487 -0.250305 -0.541439
v 27.676868 -0.250305 -0.810320
v 28.043642 -0.250305 -0.957424
v 28.304255 0.242078 0.973404
v 28.256680 0.247652 0.946013
v 27.886225 0.242237 0.897766
v 28.034328 0.232187 0.952900
v 28.312172 0.208863 0.983955
v 27.849049 0.208863 0.899766
v 28.042385 0.131052 0.956814
v 27.946564 0.247862 0.809857
v 27.579039 0.242237 0.689165
v 27.688023 0.232187 0.810132
v 27.533058 0.208863 0.689165
v 27.678373 0.131052 0.810295
v 27.676167 0.247862 0.541439
v 27.365330 0.242237 0.372973
v 27.417200 0.232187 0.541439
v 27.319698 0.208863 0.372973
v 27.407066 0.131052 0.541439
v 27.528969 0.247862 0.190128
v 27.290302 0.242237 0.000000
v 27.270151 0.232187 0.190128
v 27.244780 0.208863 0.000000
v 27.260172 0.131052 0.190128
v 27.528969 0.247862 -0.190128
v 27.365330 0.242237 -0.372973
v 27.270151 0.232187 -0.190128
v 27.319698 0.208863 -0.372973
v 27.260172 0.131053 -0.190128
v 27.676167 0.247862 -0.541439
v 27.579039 0.242237 -0.689165
v 27.417200 0.232187 -0.541439
v 27.533058 0.208863 -0.689165
v 27.407066 0.131053 -0.541439
v 28.312172 0.208863 -0.983955
v 28.042385 0.131052 -0.956814
v 27.849049 0.208863 -0.899766
v 28.034328 0.232187 -0.952900
v 28.304255 0.242078 -0.973404
v 27.886225 0.242237 -0.897766
v 28.256680 0.247652 -0.946013
v 27.946564 0.247862 -0.809858
v 27.688023 0.232187 -0.810132
v 27.678373 0.131053 -0.810295
v 27.846983 -0.033680 0.900412
v 28.320570 -0.033680 0.987186
v 27.527969 -0.033680 0.689165
v 27.314728 -0.033680 0.372973
v 27.239847 -0.033680 0.000000
v 27.314728 -0.033680 -0.372973
v 27.527969 -0.033680 -0.689165
v 27.846983 -0.033680 -0.900412
v 28.320570 -0.033680 -0.987186
v 29.339485 -0.033680 0.942083
v 28.017157 0.249695 -0.190128
v 28.164186 0.249695 -0.541439
v 28.697224 0.208863 -0.993822
v 29.182539 -0.033680 -0.809653
v 28.704018 -0.033680 0.997601
v 29.251324 -0.033680 0.983000
v 28.704018 -0.033680 -0.997601
v 28.679790 0.242158 -0.981266
v 28.434080 0.249695 -0.809736
v 28.772390 -0.033680 0.190128
v 28.697224 0.208863 0.993822
v 29.182539 -0.033680 0.809653
v 28.772390 -0.033680 -0.190128
v 28.919262 -0.033680 -0.541439
v 28.919262 -0.033680 0.541439
v 28.017157 0.249695 0.190128
v 29.339485 -0.033680 -0.942083
v 29.251324 -0.033680 -0.983000
v 29.178072 0.208863 0.809589
v 29.134321 0.242237 0.809414
v 28.914793 0.208863 0.541439
v 28.870722 0.242237 0.541439
v 28.767950 0.208863 0.190128
v 28.723946 0.242237 0.190128
v 28.767950 0.208863 -0.190128
v 28.723946 0.242237 -0.190128
v 28.914793 0.208863 -0.541439
v 28.870722 0.242237 -0.541439
v 28.763725 0.249450 0.946498
v 28.164186 0.249695 0.541439
v 28.763725 0.249450 -0.946498
v 28.434080 0.249695 0.809736
v 29.222927 0.242158 0.968669
v 29.248714 0.208863 0.979587
v 29.222927 0.242158 -0.968669
v 29.248714 0.208863 -0.979587
v 29.300098 0.242197 -0.936146
v 29.335215 0.208863 -0.940527
v 29.178072 0.208863 -0.809589
v 29.134321 0.242237 -0.809414
v 29.300098 0.242197 0.936146
v 29.335215 0.208863 0.940527
v 27.677057 -0.033680 0.810317
v 27.405685 -0.033680 0.541439
v 27.258812 -0.033680 0.190128
v 27.258812 -0.033680 -0.190128
v 27.405685 -0.033680 -0.541439
v 27.677057 -0.033680 -0.810317
v 28.043486 -0.033680 -0.957347
v 28.043486 -0.033680 0.957347
v 28.056532 0.242197 0.949315
v 28.039494 0.208863 0.955409
v 27.726917 0.242237 0.809986
v 27.681837 0.208863 0.810236
v 27.456478 0.242237 0.541439
v 27.410704 0.208863 0.541439
v 27.309303 0.242237 0.190128
v 27.263752 0.208863 0.190128
v 27.309303 0.242237 -0.190128
v 27.263754 0.208863 -0.190128
v 27.456478 0.242237 -0.541439
v 27.410704 0.208863 -0.541439
v 28.039494 0.208863 -0.955409
v 28.056532 0.242197 -0.949315
v 27.726917 0.242237 -0.809986
v 27.681837 0.208863 -0.810236
v 28.679790 0.242158 0.981266
vn 0.7126 0.0006 -0.7016
vn 0.9226 0.0007 -0.3857
vn 1.0000 0.0008 -0.0000
vn 0.9226 0.0007 0.3857
vn 0.7126 0.0006 0.7016
vn 0.6701 0.0004 -0.7422
vn 0.0342 0.0007 0.9994
vn 0.5652 0.0008 0.8249
vn 0.0342 0.0007 -0.9994
vn 0.6701 0.0004 0.7422
vn 0.5652 0.0008 -0.8249
vn 0.0152 0.9996 -0.0231
vn 0.6682 0.0135 -0.7438
vn 0.5342 0.5796 -0.6154
vn 0.7120 0.0174 -0.7019
vn 0.0141 0.9998 -0.0133
vn 0.5387 0.6491 -0.5370
vn 0.9223 0.0226 -0.3859
vn 0.0140 0.9999 -0.0056
vn 0.6552 0.7036 -0.2751
vn 0.9997 0.0244 -0.0000
vn 0.0140 0.9999 -0.0000
vn 0.6959 0.7182 -0.0000
vn 0.9223 0.0226 0.3859
vn 0.0140 0.9999 0.0056
vn 0.6552 0.7036 0.2751
vn 0.7120 0.0174 0.7019
vn 0.0141 0.9998 0.0133
vn 0.5387 0.6491 0.5370
vn 0.0027 0.9629 0.2700
vn 0.0340 0.0207 0.9992
vn 0.0331 0.4232 0.9054
vn 0.0366 0.9948 0.0948
vn 0.5642 0.0239 0.8253
vn 0.4723 0.5849 0.6593
vn 0.0152 0.9996 0.0231
vn 0.6682 0.0135 0.7438
vn 0.5342 0.5796 0.6154
vn 0.0027 0.9629 -0.2700
vn 0.0340 0.0207 -0.9992
vn 0.0331 0.4232 -0.9054
vn 0.0366 0.9948 -0.0948
vn 0.5642 0.0239 -0.8253
vn 0.4723 0.5849 -0.6593
vn -0.0672 0.0005 0.9977
vn -0.3753 0.0003 0.9269
vn -0.7039 0.0006 0.7103
vn -0.9226 0.0008 0.3856
vn -1.0000 0.0009 -0.0000
vn -0.9226 0.0008 -0.3856
vn -0.7039 0.0006 -0.7103
vn -0.3753 0.0003 -0.9269
vn -0.0672 0.0005 -0.9977
vn -0.0663 0.3479 0.9352
vn -0.0066 0.9681 0.2506
vn -0.0153 0.9989 0.0451
vn -0.3409 0.5137 0.7873
vn -0.0655 0.0145 0.9977
vn -0.3768 0.0080 0.9262
vn -0.0153 0.9997 0.0168
vn -0.5418 0.6397 0.5452
vn -0.7044 0.0194 0.7095
vn -0.0154 0.9999 0.0068
vn -0.6723 0.6845 0.2819
vn -0.9225 0.0252 0.3852
vn -0.0154 0.9999 -0.0000
vn -0.7168 0.6973 -0.0000
vn -0.9996 0.0271 -0.0000
vn -0.0154 0.9999 -0.0068
vn -0.6723 0.6845 -0.2819
vn -0.9225 0.0252 -0.3852
vn -0.0153 0.9997 -0.0168
vn -0.5418 0.6397 -0.5452
vn -0.7044 0.0194 -0.7095
vn -0.0663 0.3479 -0.9352
vn -0.0655 0.0145 -0.9977
vn -0.3768 0.0080 -0.9262
vn -0.3409 0.5137 -0.7873
vn -0.0066 0.9681 -0.2506
vn -0.0153 0.9989 -0.0451
vn 0.8291 0.0007 -0.5591
vn 0.9804 0.0008 -0.1968
vn 0.9804 0.0008 0.1968
vn 0.8291 0.0007 0.5591
vn 0.9974 0.0008 -0.0724
vn 0.1462 0.0007 0.9893
vn 0.1462 0.0007 -0.9893
vn 0.9974 0.0008 0.0724
vn 0.6262 0.0005 -0.7797
vn 0.6262 0.0005 0.7797
vn 0.6643 0.0779 -0.7434
vn 0.6255 0.0146 -0.7801
vn 0.7061 0.1014 -0.7008
vn 0.4929 0.6075 -0.6230
vn 0.1506 0.9686 -0.1980
vn 0.1322 0.9835 -0.1231
vn 0.0145 0.9997 -0.0187
vn 0.8286 0.0203 -0.5594
vn 0.9137 0.1314 -0.3845
vn 0.6042 0.6830 -0.4106
vn 0.1332 0.9897 -0.0530
vn 0.0140 0.9999 -0.0090
vn 0.9801 0.0239 -0.1969
vn 0.9899 0.1419 -0.0000
vn 0.6858 0.7146 -0.1381
vn 0.1337 0.9910 -0.0000
vn 0.0140 0.9999 -0.0027
vn 0.9801 0.0239 0.1969
vn 0.9137 0.1314 0.3845
vn 0.6858 0.7146 0.1381
vn 0.1332 0.9897 0.0530
vn 0.0140 0.9999 0.0027
vn 0.8286 0.0203 0.5594
vn 0.7061 0.1014 0.7008
vn 0.6042 0.6830 0.4106
vn 0.1322 0.9835 0.1231
vn 0.0140 0.9999 0.0090
vn -0.0093 0.0006 -1.0000
vn -0.0093 0.0006 1.0000
vn 0.1672 0.9203 0.3536
vn 0.0130 0.9827 0.1846
vn 0.0165 0.8020 0.5971
vn 0.1340 0.4600 0.8777
vn 0.5604 0.1361 0.8170
vn 0.0338 0.1202 0.9922
vn 0.1449 0.0205 0.9892
vn 0.0165 0.8020 -0.5971
vn 0.0130 0.9827 -0.1846
vn 0.1672 0.9203 -0.3536
vn 0.1340 0.4600 -0.8777
vn 0.0338 0.1202 -0.9922
vn 0.5604 0.1361 -0.8170
vn 0.1449 0.0205 -0.9892
vn 0.0178 0.9997 0.0136
vn 0.1506 0.9686 0.1980
vn 0.8036 0.5875 0.0952
vn 0.6643 0.0779 0.7434
vn 0.9971 0.0243 0.0715
vn -0.0018 0.9664 0.2569
vn -0.0018 0.9664 -0.2569
vn -0.0067 0.4026 -0.9154
vn -0.0087 0.0196 -0.9998
vn 0.6255 0.0146 0.7801
vn 0.4929 0.6075 0.6230
vn 0.0145 0.9997 0.0187
vn 0.0178 0.9997 -0.0136
vn 0.8036 0.5875 -0.0952
vn 0.9971 0.0243 -0.0715
vn -0.0001 1.0000 0.0049
vn 0.7125 0.0029 -0.7016
vn 0.6698 0.0023 -0.7426
vn 0.5650 0.0040 0.8251
vn 0.9226 0.0038 -0.3857
vn -0.0002 1.0000 -0.0000
vn 1.0000 0.0041 -0.0000
vn -0.0002 1.0000 -0.0002
vn 0.9226 0.0038 0.3857
vn -0.0002 1.0000 -0.0006
vn 0.7125 0.0029 0.7016
vn 0.6698 0.0023 0.7426
vn -0.0001 1.0000 -0.0049
vn -0.0002 1.0000 0.0006
vn 0.0342 0.0035 0.9994
vn -0.0002 1.0000 0.0002
vn -0.0087 0.0196 0.9998
vn -0.0067 0.4026 0.9154
vn 0.0342 0.0035 -0.9994
vn 0.5650 0.0040 -0.8251
vn -0.1934 0.0003 0.9811
vn -0.5522 0.0005 0.8337
vn -0.8291 0.0008 0.5590
vn -0.9804 0.0009 0.1968
vn -0.9804 0.0009 -0.1968
vn -0.8291 0.0008 -0.5590
vn -0.5522 0.0005 -0.8337
vn -0.1934 0.0003 -0.9811
vn -0.0384 0.8109 0.5839
vn -0.0152 0.9916 0.1286
vn -0.1280 0.9182 0.3749
vn -0.2058 0.4018 0.8923
vn -0.0601 0.0894 0.9942
vn -0.3805 0.0480 0.9235
vn -0.1924 0.0080 0.9813
vn -0.0153 0.9996 0.0253
vn -0.1405 0.9780 0.1545
vn -0.4511 0.5919 0.6679
vn -0.7028 0.1137 0.7022
vn -0.5536 0.0141 0.8326
vn -0.0154 0.9998 0.0111
vn -0.1441 0.9875 0.0642
vn -0.6170 0.6675 0.4168
vn -0.9138 0.1449 0.3795
vn -0.8292 0.0229 0.5585
vn -0.0154 0.9999 0.0033
vn -0.1450 0.9894 -0.0000
vn -0.7056 0.6942 0.1421
vn -0.9879 0.1550 -0.0000
vn -0.9801 0.0266 0.1965
vn -0.0154 0.9999 -0.0033
vn -0.1441 0.9875 -0.0642
vn -0.7056 0.6942 -0.1421
vn -0.9138 0.1449 -0.3795
vn -0.9801 0.0266 -0.1965
vn -0.0154 0.9998 -0.0111
vn -0.1405 0.9780 -0.1545
vn -0.6170 0.6675 -0.4168
vn -0.7028 0.1137 -0.7022
vn -0.8292 0.0229 -0.5585
vn -0.0601 0.0894 -0.9942
vn -0.1924 0.0080 -0.9813
vn -0.3805 0.0480 -0.9235
vn -0.2058 0.4018 -0.8923
vn -0.0384 0.8109 -0.5839
vn -0.1280 0.9182 -0.3749
vn -0.0152 0.9916 -0.1286
vn -0.0153 0.9996 -0.0253
vn -0.4511 0.5919 -0.6679
vn -0.5536 0.0141 -0.8326
vn -0.3756 0.0014 0.9268
vn -0.0669 0.0024 0.9978
vn -0.7040 0.0033 0.7102
vn -0.9227 0.0043 0.3856
vn -1.0000 0.0046 -0.0000
vn -0.9227 0.0043 -0.3856
vn -0.7040 0.0033 -0.7102
vn -0.3756 0.0014 -0.9268
vn -0.0669 0.0024 -0.9978
vn 0.9974 0.0041 -0.0723
vn -0.0002 1.0000 -0.0001
vn -0.0002 1.0000 -0.0004
vn -0.0070 0.1151 -0.9933
vn 0.6261 0.0025 0.7798
vn -0.0092 0.0033 1.0000
vn 0.1459 0.0035 0.9893
vn -0.0092 0.0033 -1.0000
vn -0.0083 0.7695 -0.6386
vn -0.0002 1.0000 -0.0011
vn 0.9804 0.0040 -0.1968
vn -0.0070 0.1152 0.9933
vn 0.6261 0.0025 -0.7798
vn 0.9804 0.0040 0.1968
vn 0.8291 0.0034 0.5591
vn 0.8291 0.0034 -0.5591
vn -0.0002 1.0000 0.0001
vn 0.9974 0.0041 0.0723
vn 0.1459 0.0035 -0.9893
vn 0.6213 0.0849 -0.7790
vn 0.1357 0.9765 -0.1676
vn 0.8214 0.1184 -0.5580
vn 0.1325 0.9876 -0.0846
vn 0.9707 0.1392 -0.1960
vn 0.1336 0.9907 -0.0256
vn 0.9707 0.1392 0.1960
vn 0.1336 0.9907 0.0256
vn 0.8214 0.1184 0.5580
vn 0.1325 0.9876 0.0846
vn 0.0026 0.9990 0.0453
vn -0.0002 1.0000 0.0004
vn 0.0026 0.9990 -0.0453
vn -0.0002 1.0000 0.0011
vn 0.0500 0.8409 0.5388
vn 0.1429 0.1182 0.9827
vn 0.0500 0.8409 -0.5388
vn 0.1429 0.1182 -0.9827
vn 0.2324 0.9686 0.0879
vn 0.9885 0.1374 0.0631
vn 0.6213 0.0849 0.7790
vn 0.1357 0.9765 0.1676
vn 0.2324 0.9686 -0.0879
vn 0.9885 0.1374 -0.0631
vn -0.5524 0.0024 0.8336
vn -0.8292 0.0039 0.5590
vn -0.9804 0.0045 0.1968
vn -0.9804 0.0045 -0.1968
vn -0.8292 0.0039 -0.5590
vn -0.5524 0.0024 -0.8336
vn -0.1932 0.0013 -0.9812
vn -0.1932 0.0013 0.9812
vn -0.0745 0.8512 0.5195
vn -0.1873 0.0490 0.9811
vn -0.1385 0.9632 0.2301
vn -0.5566 0.0840 0.8265
vn -0.1427 0.9844 0.1034
vn -0.8237 0.1323 0.5513
vn -0.1447 0.9890 0.0308
vn -0.9692 0.1525 0.1934
vn -0.1447 0.9890 -0.0308
vn -0.9692 0.1525 -0.1934
vn -0.1427 0.9844 -0.1034
vn -0.8237 0.1323 -0.5513
vn -0.1873 0.0490 -0.9811
vn -0.0745 0.8512 -0.5195
vn -0.1385 0.9632 -0.2301
vn -0.5566 0.0840 -0.8265
vn -0.0083 0.7695 0.6386
vn 0.4723 0.5850 0.6593
vn 0.6254 0.0146 -0.7801
vn 0.4929 0.6075 -0.6229
vn 0.6042 0.6829 -0.4106
vn 0.6858 0.7145 -0.1381
vn 0.6858 0.7145 0.1381
vn 0.6042 0.6829 0.4106
vn 0.6254 0.0146 0.7801
vn 0.4929 0.6075 0.6229
vn 0.4723 0.5850 -0.6593
vn 0.6701 0.0005 -0.7422
vn 0.6701 0.0005 0.7422
vn 0.6213 0.0848 -0.7790
vn 0.6213 0.0848 0.7790
vn 0.6701 0.0004 -0.7423
vn 0.5652 0.0008 0.8250
vn 0.6701 0.0004 0.7423
vn 0.5652 0.0008 -0.8250
vn 0.5643 0.0239 0.8253
vn 0.5643 0.0239 -0.8253
vn 0.5604 0.1360 0.8170
vn 0.5604 0.1360 -0.8170
vn 0.9885 0.1374 0.0632
vn 0.4724 0.5849 0.6593
vn 0.4724 0.5849 -0.6593
vn 0.6697 0.0023 -0.7426
vn -0.9227 0.0008 0.3856
vn -0.9227 0.0008 -0.3856
vn -0.7168 0.6972 -0.0000
vn 0.6697 0.0023 0.7426
vn 0.4724 0.5850 0.6593
vn 0.5603 0.1361 0.8170
vn 0.5603 0.1361 -0.8170
vn -0.0070 0.1151 0.9933
vn 0.5643 0.0239 0.8252
vn 0.5643 0.0239 -0.8252
vn 0.4724 0.5850 -0.6593
vn -0.8292 0.0228 0.5584
vn -0.8292 0.0228 -0.5584
vn 0.9974 0.0041 -0.0724
vn 0.9885 0.1374 -0.0632
vn -0.8292 0.0228 -0.5585
vn 0.4723 0.5849 0.6594
vn 0.4723 0.5849 -0.6594
vn 0.5603 0.1360 -0.8170
vn -0.8237 0.1323 0.5514
vn -0.8237 0.1323 -0.5514
vn 0.6551 0.7036 -0.2751
vn 0.9974 0.0041 0.0724
vn -0.8292 0.0228 0.5585
vn -0.9801 0.0266 0.1966
vt 0.058416 0.533598
vt 0.057290 0.583955
vt 0.042396 0.583637
vt 0.043459 0.533264
vt 0.056676 0.621886
vt 0.042049 0.621531
vt 0.035438 0.621687
vt 0.035658 0.583544
vt 0.036695 0.533123
vt 0.112651 0.346599
vt 0.099301 0.303779
vt 0.213620 0.303582
vt 0.226736 0.346238
vt 0.094771 0.259163
vt 0.209156 0.259163
vt 0.323224 0.259163
vt 0.327621 0.303690
vt 0.340571 0.346518
vt 0.163389 0.419950
vt 0.134345 0.385849
vt 0.247974 0.385459
vt 0.276348 0.419828
vt 0.361601 0.386034
vt 0.389862 0.420845
vt 0.278429 0.962514
vt 0.187930 0.963611
vt 0.185796 0.958069
vt 0.275777 0.957024
vt 0.103245 0.964727
vt 0.102215 0.959173
vt 0.101416 0.940985
vt 0.184412 0.939880
vt 0.274143 0.938845
vt 0.492613 0.624706
vt 0.491628 0.586177
vt 0.534816 0.584864
vt 0.535793 0.623142
vt 0.490282 0.535643
vt 0.533520 0.534427
vt 0.566628 0.533598
vt 0.567753 0.583955
vt 0.568367 0.621886
vt 0.589548 0.784150
vt 0.506552 0.783028
vt 0.507486 0.744513
vt 0.590352 0.745681
vt 0.416821 0.781976
vt 0.417757 0.743459
vt 0.418347 0.692716
vt 0.508217 0.693802
vt 0.591191 0.695014
vt 0.653676 0.696092
vt 0.652750 0.746763
vt 0.635517 0.746439
vt 0.636420 0.695786
vt 0.651789 0.785281
vt 0.634649 0.784877
vt 0.099791 0.851849
vt 0.182764 0.850653
vt 0.183486 0.901364
vt 0.100619 0.902515
vt 0.272634 0.849584
vt 0.273215 0.900327
vt 0.297952 0.484191
vt 0.369873 0.485960
vt 0.366948 0.489017
vt 0.279901 0.485916
vt 0.434576 0.487239
vt 0.449084 0.489610
vt 0.453280 0.492495
vt 0.368905 0.491977
vt 0.279096 0.488617
vt 0.234430 0.467382
vt 0.198013 0.447495
vt 0.310330 0.448051
vt 0.346511 0.468544
vt 0.423044 0.449440
vt 0.453108 0.469571
vt 0.222451 0.627016
vt 0.223026 0.588333
vt 0.267790 0.588924
vt 0.267488 0.627612
vt 0.223886 0.537808
vt 0.268253 0.538445
vt 0.312522 0.538703
vt 0.312522 0.589124
vt 0.312522 0.627800
vt 0.587715 0.807891
vt 0.503030 0.806760
vt 0.505165 0.801217
vt 0.588745 0.802338
vt 0.412531 0.805645
vt 0.415184 0.800155
vt 0.132431 0.624706
vt 0.089250 0.623142
vt 0.090228 0.584864
vt 0.133416 0.586177
vt 0.091524 0.534427
vt 0.134762 0.535643
vt 0.357253 0.588924
vt 0.357556 0.627612
vt 0.356791 0.538445
vt 0.401158 0.537808
vt 0.402018 0.588333
vt 0.402592 0.627016
vt 0.446821 0.587394
vt 0.447633 0.626037
vt 0.445647 0.536843
vt 0.178223 0.587394
vt 0.177411 0.626037
vt 0.179397 0.536843
vt 0.099301 0.214547
vt 0.213620 0.214744
vt 0.112652 0.171728
vt 0.226736 0.172088
vt 0.340571 0.171808
vt 0.327621 0.214636
vt 0.588348 0.533124
vt 0.589385 0.583545
vt 0.582647 0.583637
vt 0.581584 0.533264
vt 0.589605 0.621687
vt 0.582995 0.621531
vt 0.055455 0.903265
vt 0.054561 0.852612
vt 0.056315 0.941703
vt 0.039175 0.942104
vt 0.038221 0.903586
vt 0.037305 0.852914
vt 0.089090 0.641221
vt 0.056574 0.639642
vt 0.132322 0.642933
vt 0.133070 0.648491
vt 0.089900 0.646725
vt 0.057322 0.645064
vt 0.508750 0.047798
vt 0.482855 0.068226
vt 0.473679 0.068079
vt 0.500019 0.047872
vt 0.450419 0.096977
vt 0.441143 0.096821
vt 0.389862 0.097481
vt 0.423044 0.068886
vt 0.453108 0.048755
vt 0.177335 0.644323
vt 0.222396 0.645324
vt 0.222812 0.650939
vt 0.177939 0.649916
vt 0.422164 0.131956
vt 0.412881 0.131842
vt 0.401139 0.171623
vt 0.391860 0.171551
vt 0.361601 0.132292
vt 0.267448 0.645927
vt 0.312522 0.646091
vt 0.312522 0.651749
vt 0.267660 0.651557
vt 0.388216 0.214562
vt 0.378940 0.214528
vt 0.383839 0.259163
vt 0.374568 0.259163
vt 0.357595 0.645927
vt 0.402648 0.645324
vt 0.402231 0.650939
vt 0.357383 0.651557
vt 0.388216 0.303764
vt 0.378940 0.303798
vt 0.401139 0.346704
vt 0.391860 0.346775
vt 0.447708 0.644323
vt 0.492722 0.642934
vt 0.491974 0.648491
vt 0.447105 0.649916
vt 0.422164 0.386370
vt 0.412881 0.386484
vt 0.450419 0.421349
vt 0.441143 0.421505
vt 0.346511 0.049782
vt 0.386639 0.037414
vt 0.474838 0.038295
vt 0.234430 0.050944
vt 0.268966 0.039129
vt 0.297952 0.034136
vt 0.369873 0.032366
vt 0.434576 0.031087
vt 0.464217 0.032940
vt 0.490751 0.034416
vt 0.247974 0.132867
vt 0.134345 0.132477
vt 0.163389 0.098376
vt 0.276348 0.098498
vt 0.268966 0.479197
vt 0.386639 0.480912
vt 0.474838 0.480031
vt 0.490751 0.483910
vt 0.464217 0.485387
vt 0.310330 0.070275
vt 0.198013 0.070831
vt 0.493261 0.030364
vt 0.509393 0.033256
vt 0.449084 0.028716
vt 0.453280 0.025832
vt 0.498548 0.027729
vt 0.514646 0.031370
vt 0.649754 0.809040
vt 0.633133 0.808529
vt 0.633891 0.802988
vt 0.650820 0.803495
vt 0.493261 0.487962
vt 0.509393 0.485070
vt 0.514646 0.486956
vt 0.498548 0.490598
vt 0.057826 0.965356
vt 0.057069 0.959814
vt 0.041205 0.965864
vt 0.040140 0.960318
vt 0.511094 0.480838
vt 0.500019 0.470454
vt 0.508750 0.470528
vt 0.518494 0.481749
vt 0.587869 0.644814
vt 0.581988 0.644042
vt 0.582503 0.638695
vt 0.588614 0.639378
vt 0.567721 0.645064
vt 0.568470 0.639642
vt 0.535954 0.641222
vt 0.535143 0.646725
vt 0.482855 0.450100
vt 0.473680 0.450247
vt 0.511094 0.037488
vt 0.518494 0.036578
vt 0.043055 0.644042
vt 0.042541 0.638695
vt 0.037175 0.644814
vt 0.036429 0.639378
vt 0.215465 0.780959
vt 0.214978 0.742724
vt 0.259744 0.742553
vt 0.259994 0.780912
vt 0.214499 0.692113
vt 0.259596 0.691844
vt 0.304810 0.691853
vt 0.304674 0.742639
vt 0.304603 0.781118
vt 0.171146 0.781357
vt 0.170398 0.743222
vt 0.127004 0.782157
vt 0.125968 0.744082
vt 0.124749 0.693652
vt 0.169548 0.692709
vt 0.082918 0.783425
vt 0.081604 0.745310
vt 0.038601 0.785243
vt 0.037175 0.746830
vt 0.035553 0.696330
vt 0.080095 0.694903
vt 0.652363 0.942185
vt 0.608046 0.940358
vt 0.609368 0.902243
vt 0.653796 0.903771
vt 0.563961 0.939081
vt 0.565004 0.901007
vt 0.566233 0.850577
vt 0.610886 0.851837
vt 0.655428 0.853272
vt 0.519818 0.938273
vt 0.520574 0.900138
vt 0.475500 0.937866
vt 0.475994 0.899632
vt 0.476482 0.849020
vt 0.521434 0.849626
vt 0.430971 0.937811
vt 0.431228 0.899451
vt 0.386330 0.938160
vt 0.386330 0.899657
vt 0.386172 0.848743
vt 0.431386 0.848743
vt 0.338711 0.899657
vt 0.338065 0.849008
vt 0.338711 0.938160
vt 0.352534 0.742904
vt 0.351981 0.781431
vt 0.352917 0.692127
vt 0.223501 0.039048
vt 0.279900 0.032410
vt 0.184402 0.050364
vt 0.176221 0.049232
vt 0.218253 0.037100
vt 0.279096 0.029709
vt 0.349776 0.805082
vt 0.351113 0.799622
vt 0.305238 0.804762
vt 0.304773 0.799301
vt 0.147067 0.069857
vt 0.111983 0.097500
vt 0.102442 0.097048
vt 0.137728 0.069187
vt 0.261784 0.804523
vt 0.260622 0.799027
vt 0.217267 0.804524
vt 0.216166 0.799007
vt 0.082744 0.131866
vt 0.060975 0.171375
vt 0.051427 0.171192
vt 0.073191 0.131563
vt 0.172781 0.804890
vt 0.171873 0.799356
vt 0.128472 0.805681
vt 0.127770 0.800127
vt 0.047605 0.214398
vt 0.043074 0.259163
vt 0.033550 0.259163
vt 0.038068 0.214314
vt 0.084252 0.806979
vt 0.083750 0.801389
vt 0.039863 0.809040
vt 0.039456 0.803398
vt 0.047605 0.303928
vt 0.060975 0.346951
vt 0.051427 0.347134
vt 0.038068 0.304012
vt 0.651096 0.965981
vt 0.606708 0.963912
vt 0.607211 0.958322
vt 0.651505 0.960339
vt 0.562488 0.962606
vt 0.563191 0.957051
vt 0.082744 0.386460
vt 0.111983 0.420826
vt 0.102442 0.421278
vt 0.073191 0.386763
vt 0.518178 0.961805
vt 0.519089 0.956272
vt 0.473693 0.961431
vt 0.474796 0.955914
vt 0.339848 0.956503
vt 0.386188 0.956191
vt 0.385722 0.961652
vt 0.341184 0.961963
vt 0.218253 0.481226
vt 0.223501 0.479278
vt 0.176221 0.469094
vt 0.184402 0.467962
vt 0.147067 0.448469
vt 0.137728 0.449139
vt 0.429176 0.961421
vt 0.430339 0.955925
vt 0.366947 0.029309
vt 0.368905 0.026349
s 1
usemtl Material
f 6/1/6 151/2/151 228/3/228 85/4/85
f 151/2/151 13/5/13 148/6/148 228/3/228
f 228/3/228 148/6/148 34/7/34 152/8/152
f 85/4/85 228/3/228 152/8/152 8/9/8
f 69/10/69 199/11/199 229/12/229 156/13/156
f 199/11/199 66/14/66 154/15/154 229/12/229
f 229/12/229 154/15/154 22/16/22 112/17/112
f 156/13/156 229/12/229 112/17/112 25/18/25
f 72/19/72 204/20/204 230/21/230 158/22/158
f 204/20/204 69/10/69 156/13/156 230/21/230
f 230/21/230 156/13/156 25/18/25 117/23/117
f 158/22/158 230/21/230 117/23/117 28/24/28
f 75/25/75 141/26/141 231/27/231 209/28/209
f 141/26/141 41/29/41 131/30/131 231/27/231
f 231/27/231 131/30/131 40/31/40 142/32/142
f 209/28/209 231/27/231 142/32/142 76/33/76
f 27/34/27 159/35/159 232/36/232 143/37/143
f 159/35/159 5/38/5 90/39/90 232/36/232
f 232/36/232 90/39/90 10/40/10 160/41/160
f 143/37/143 232/36/232 160/41/160 37/42/37
f 31/43/31 165/44/165 233/45/233 163/46/163
f 165/44/165 58/47/58 220/48/220 233/45/233
f 233/45/233 220/48/220 45/49/45 119/50/119
f 163/46/163 233/45/233 119/50/119 7/51/7
f 8/52/8 152/53/152 234/54/234 86/55/86
f 152/53/152 34/56/34 126/57/126 234/54/234
f 234/54/234 126/57/126 31/43/31 163/46/163
f 86/55/86 234/54/234 163/46/163 7/51/7
f 9/58/9 118/59/118 235/60/235 167/61/167
f 118/59/118 53/62/53 227/63/227 235/60/235
f 235/60/235 227/63/227 76/33/76 142/32/142
f 167/61/167 235/60/235 142/32/142 40/31/40
f 79/64/79 140/65/140 236/66/236 213/67/213
f 140/65/140 39/68/39 127/69/127 236/66/236
f 236/66/236 127/69/127 41/70/41 141/71/141
f 213/67/213 236/66/236 141/71/141 75/72/75
f 80/73/80 216/74/216 237/75/237 161/76/161
f 216/74/216 72/19/72 158/22/158 237/75/237
f 237/75/237 158/22/158 28/24/28 145/77/145
f 161/76/161 237/75/237 145/77/145 36/78/36
f 18/79/18 153/80/153 238/81/238 103/82/103
f 153/80/153 2/83/2 82/84/82 238/81/238
f 238/81/238 82/84/82 3/85/3 155/86/155
f 103/82/103 238/81/238 155/86/155 21/87/21
f 32/88/32 166/89/166 239/90/239 125/91/125
f 166/89/166 54/92/54 181/93/181 239/90/239
f 239/90/239 181/93/181 58/47/58 165/44/165
f 125/91/125 239/90/239 165/44/165 31/43/31
f 15/94/15 92/95/92 240/96/240 150/97/150
f 92/95/92 13/5/13 151/2/151 240/96/240
f 240/96/240 151/2/151 6/1/6 89/98/89
f 150/97/150 240/96/240 89/98/89 1/99/1
f 21/87/21 155/86/155 241/100/241 108/101/108
f 155/86/155 3/85/3 83/102/83 241/100/241
f 241/100/241 83/102/83 4/103/4 157/104/157
f 108/101/108 241/100/241 157/104/157 24/105/24
f 24/105/24 157/104/157 242/106/242 113/107/113
f 157/104/157 4/103/4 84/108/84 242/106/242
f 242/106/242 84/108/84 5/38/5 159/35/159
f 113/107/113 242/106/242 159/35/159 27/34/27
f 15/94/15 150/97/150 243/109/243 98/110/98
f 150/97/150 1/99/1 81/111/81 243/109/243
f 243/109/243 81/111/81 2/83/2 153/80/153
f 98/110/98 243/109/243 153/80/153 18/79/18
f 66/14/66 194/112/194 244/113/244 154/15/154
f 194/112/194 63/114/63 164/115/164 244/113/244
f 244/113/244 164/115/164 19/116/19 107/117/107
f 154/15/154 244/113/244 107/117/107 22/16/22
f 11/118/11 168/119/168 245/120/245 88/121/88
f 168/119/168 43/122/43 138/123/138 245/120/245
f 245/120/245 138/123/138 37/42/37 160/41/160
f 88/121/88 245/120/245 160/41/160 10/40/10
f 9/58/9 167/61/167 246/124/246 87/125/87
f 167/61/167 40/31/40 133/126/133 246/124/246
f 246/124/246 133/126/133 43/127/43 168/128/168
f 87/125/87 246/124/246 168/128/168 11/129/11
f 13/5/13 92/95/92 247/130/247 91/131/91
f 92/95/92 15/94/15 93/132/93 247/130/247
f 247/130/247 93/132/93 17/133/17 94/134/94
f 91/131/91 247/130/247 94/134/94 14/135/14
f 14/136/14 94/137/94 248/138/248 95/139/95
f 94/137/94 17/140/17 96/141/96 248/138/248
f 248/138/248 96/141/96 16/142/16 97/143/97
f 95/139/95 248/138/248 97/143/97 12/144/12
f 15/94/15 98/110/98 249/145/249 93/132/93
f 98/110/98 18/79/18 99/146/99 249/145/249
f 249/145/249 99/146/99 20/147/20 100/148/100
f 93/132/93 249/145/249 100/148/100 17/133/17
f 17/140/17 100/149/100 250/150/250 96/141/96
f 100/149/100 20/151/20 101/152/101 250/150/250
f 250/150/250 101/152/101 19/116/19 102/153/102
f 96/141/96 250/150/250 102/153/102 16/142/16
f 18/79/18 103/82/103 251/154/251 99/146/99
f 103/82/103 21/87/21 104/155/104 251/154/251
f 251/154/251 104/155/104 23/156/23 105/157/105
f 99/146/99 251/154/251 105/157/105 20/147/20
f 20/151/20 105/158/105 252/159/252 101/152/101
f 105/158/105 23/160/23 106/161/106 252/159/252
f 252/159/252 106/161/106 22/16/22 107/117/107
f 101/152/101 252/159/252 107/117/107 19/116/19
f 21/87/21 108/101/108 253/162/253 104/155/104
f 108/101/108 24/105/24 109/163/109 253/162/253
f 253/162/253 109/163/109 26/164/26 110/165/110
f 104/155/104 253/162/253 110/165/110 23/156/23
f 23/160/23 110/166/110 254/167/254 106/161/106
f 110/166/110 26/168/26 111/169/111 254/167/254
f 254/167/254 111/169/111 25/18/25 112/17/112
f 106/161/106 254/167/254 112/17/112 22/16/22
f 24/105/24 113/107/113 255/170/255 109/163/109
f 113/107/113 27/34/27 114/171/114 255/170/255
f 255/170/255 114/171/114 29/172/29 115/173/115
f 109/163/109 255/170/255 115/173/115 26/164/26
f 26/168/26 115/174/115 256/175/256 111/169/111
f 115/174/115 29/176/29 116/177/116 256/175/256
f 256/175/256 116/177/116 28/24/28 117/23/117
f 111/169/111 256/175/256 117/23/117 25/18/25
f 12/144/12 149/178/149 257/179/257 146/180/146
f 56/181/56 178/182/178 257/179/257 149/178/149
f 55/183/55 139/184/139 257/179/257 178/182/178
f 30/185/30 121/186/121 257/179/257 139/184/139
f 33/187/33 146/180/146 257/179/257 121/186/121
f 19/116/19 164/115/164 258/188/258 102/153/102
f 164/115/164 63/114/63 189/189/189 258/188/258
f 258/188/258 189/189/189 60/190/60 162/191/162
f 102/153/102 258/188/258 162/191/162 16/142/16
f 79/64/79 215/192/215 259/193/259 140/65/140
f 80/73/80 161/76/161 259/193/259 215/192/215
f 36/78/36 134/194/134 259/193/259 161/76/161
f 42/195/42 128/196/128 259/193/259 134/194/134
f 39/68/39 140/65/140 259/193/259 128/196/128
f 16/142/16 162/191/162 260/197/260 97/143/97
f 162/191/162 60/190/60 184/198/184 260/197/260
f 260/197/260 184/198/184 56/181/56 149/178/149
f 97/143/97 260/197/260 149/178/149 12/144/12
f 33/187/33 121/186/121 261/199/261 120/200/120
f 121/186/121 30/185/30 122/201/122 261/199/261
f 261/199/261 122/201/122 32/202/32 123/203/123
f 120/200/120 261/199/261 123/203/123 35/204/35
f 35/205/35 123/206/123 262/207/262 124/208/124
f 123/206/123 32/88/32 125/91/125 262/207/262
f 262/207/262 125/91/125 31/43/31 126/57/126
f 124/208/124 262/207/262 126/57/126 34/56/34
f 39/68/39 128/196/128 263/209/263 127/69/127
f 128/196/128 42/195/42 129/210/129 263/209/263
f 263/209/263 129/210/129 44/211/44 130/212/130
f 127/69/127 263/209/263 130/212/130 41/70/41
f 41/29/41 130/213/130 264/214/264 131/30/131
f 130/213/130 44/215/44 132/216/132 264/214/264
f 264/214/264 132/216/132 43/127/43 133/126/133
f 131/30/131 264/214/264 133/126/133 40/31/40
f 42/195/42 134/194/134 265/217/265 129/210/129
f 134/194/134 36/78/36 135/218/135 265/217/265
f 265/217/265 135/218/135 38/219/38 136/220/136
f 129/210/129 265/217/265 136/220/136 44/211/44
f 44/221/44 136/222/136 266/223/266 132/224/132
f 136/222/136 38/225/38 137/226/137 266/223/266
f 266/223/266 137/226/137 37/42/37 138/123/138
f 132/224/132 266/223/266 138/123/138 43/122/43
f 27/34/27 143/37/143 267/227/267 114/171/114
f 143/37/143 37/42/37 137/226/137 267/227/267
f 267/227/267 137/226/137 38/225/38 144/228/144
f 114/171/114 267/227/267 144/228/144 29/172/29
f 29/176/29 144/229/144 268/230/268 116/177/116
f 144/229/144 38/219/38 135/218/135 268/230/268
f 268/230/268 135/218/135 36/78/36 145/77/145
f 116/177/116 268/230/268 145/77/145 28/24/28
f 12/144/12 146/180/146 269/231/269 95/139/95
f 146/180/146 33/187/33 120/200/120 269/231/269
f 269/231/269 120/200/120 35/204/35 147/232/147
f 95/139/95 269/231/269 147/232/147 14/136/14
f 14/135/14 147/233/147 270/234/270 91/131/91
f 147/233/147 35/235/35 124/236/124 270/234/270
f 270/234/270 124/236/124 34/7/34 148/6/148
f 91/131/91 270/234/270 148/6/148 13/5/13
f 62/237/62 221/238/221 271/239/271 188/240/188
f 221/238/221 47/241/47 170/242/170 271/239/271
f 271/239/271 170/242/170 46/243/46 219/244/219
f 188/240/188 271/239/271 219/244/219 59/245/59
f 62/237/62 193/246/193 272/247/272 221/238/221
f 193/246/193 65/248/65 222/249/222 272/247/272
f 272/247/272 222/249/222 48/250/48 171/251/171
f 221/238/221 272/247/272 171/251/171 47/241/47
f 65/248/65 198/252/198 273/253/273 222/249/222
f 198/252/198 68/254/68 223/255/223 273/253/273
f 273/253/273 223/255/223 49/256/49 172/257/172
f 222/249/222 273/253/273 172/257/172 48/250/48
f 68/258/68 203/259/203 274/260/274 223/261/223
f 203/259/203 71/262/71 224/263/224 274/260/274
f 274/260/274 224/263/224 50/264/50 173/265/173
f 223/261/223 274/260/274 173/265/173 49/266/49
f 71/262/71 208/267/208 275/268/275 224/263/224
f 208/267/208 74/269/74 225/270/225 275/268/275
f 275/268/275 225/270/225 51/271/51 174/272/174
f 224/263/224 275/268/275 174/272/174 50/264/50
f 74/269/74 218/273/218 276/274/276 225/270/225
f 218/273/218 77/275/77 226/276/226 276/274/276
f 276/274/276 226/276/226 52/277/52 175/278/175
f 225/270/225 276/274/276 175/278/175 51/271/51
f 52/277/52 226/276/226 277/279/277 176/280/176
f 226/276/226 77/275/77 210/281/210 277/279/277
f 277/279/277 210/281/210 76/33/76 227/63/227
f 176/280/176 277/279/277 227/63/227 53/62/53
f 59/245/59 219/244/219 278/282/278 183/283/183
f 219/244/219 46/243/46 169/284/169 278/282/278
f 278/282/278 169/284/169 45/49/45 220/48/220
f 183/283/183 278/282/278 220/48/220 58/47/58
f 55/183/55 178/182/178 279/285/279 177/286/177
f 178/182/178 56/181/56 179/287/179 279/285/279
f 279/285/279 179/287/179 57/288/57 180/289/180
f 177/286/177 279/285/279 180/289/180 54/290/54
f 54/92/54 180/291/180 280/292/280 181/93/181
f 180/291/180 57/293/57 182/294/182 280/292/280
f 280/292/280 182/294/182 59/245/59 183/283/183
f 181/93/181 280/292/280 183/283/183 58/47/58
f 56/181/56 184/198/184 281/295/281 179/287/179
f 184/198/184 60/190/60 185/296/185 281/295/281
f 281/295/281 185/296/185 61/297/61 186/298/186
f 179/287/179 281/295/281 186/298/186 57/288/57
f 57/293/57 186/299/186 282/300/282 182/294/182
f 186/299/186 61/301/61 187/302/187 282/300/282
f 282/300/282 187/302/187 62/237/62 188/240/188
f 182/294/182 282/300/282 188/240/188 59/245/59
f 60/190/60 189/189/189 283/303/283 185/296/185
f 189/189/189 63/114/63 190/304/190 283/303/283
f 283/303/283 190/304/190 64/305/64 191/306/191
f 185/296/185 283/303/283 191/306/191 61/297/61
f 61/301/61 191/307/191 284/308/284 187/302/187
f 191/307/191 64/309/64 192/310/192 284/308/284
f 284/308/284 192/310/192 65/248/65 193/246/193
f 187/302/187 284/308/284 193/246/193 62/237/62
f 63/114/63 194/112/194 285/311/285 190/304/190
f 194/112/194 66/14/66 195/312/195 285/311/285
f 285/311/285 195/312/195 67/313/67 196/314/196
f 190/304/190 285/311/285 196/314/196 64/305/64
f 64/309/64 196/315/196 286/316/286 192/310/192
f 196/315/196 67/317/67 197/318/197 286/316/286
f 286/316/286 197/318/197 68/254/68 198/252/198
f 192/310/192 286/316/286 198/252/198 65/248/65
f 66/14/66 199/11/199 287/319/287 195/312/195
f 199/11/199 69/10/69 200/320/200 287/319/287
f 287/319/287 200/320/200 70/321/70 201/322/201
f 195/312/195 287/319/287 201/322/201 67/313/67
f 67/323/67 201/324/201 288/325/288 197/326/197
f 201/324/201 70/327/70 202/328/202 288/325/288
f 288/325/288 202/328/202 71/262/71 203/259/203
f 197/326/197 288/325/288 203/259/203 68/258/68
f 69/10/69 204/20/204 289/329/289 200/320/200
f 204/20/204 72/19/72 205/330/205 289/329/289
f 289/329/289 205/330/205 73/331/73 206/332/206
f 200/320/200 289/329/289 206/332/206 70/321/70
f 70/327/70 206/333/206 290/334/290 202/328/202
f 206/333/206 73/335/73 207/336/207 290/334/290
f 290/334/290 207/336/207 74/269/74 208/267/208
f 202/328/202 290/334/290 208/267/208 71/262/71
f 76/33/76 210/281/210 291/337/291 209/28/209
f 210/281/210 77/275/77 211/338/211 291/337/291
f 291/337/291 211/338/211 78/339/78 212/340/212
f 209/28/209 291/337/291 212/340/212 75/25/75
f 75/72/75 212/341/212 292/342/292 213/67/213
f 212/341/212 78/343/78 214/344/214 292/342/292
f 292/342/292 214/344/214 80/73/80 215/192/215
f 213/67/213 292/342/292 215/192/215 79/64/79
f 72/19/72 216/74/216 293/345/293 205/330/205
f 216/74/216 80/73/80 214/344/214 293/345/293
f 293/345/293 214/344/214 78/343/78 217/346/217
f 205/330/205 293/345/293 217/346/217 73/331/73
f 73/335/73 217/347/217 294/348/294 207/336/207
f 217/347/217 78/339/78 211/338/211 294/348/294
f 294/348/294 211/338/211 77/275/77 218/273/218
f 207/336/207 294/348/294 218/273/218 74/269/74
f 30/185/30 139/184/139 295/349/295 122/201/122
f 139/184/139 55/183/55 177/286/177 295/349/295
f 295/349/295 177/286/177 54/290/54 166/350/166
f 122/201/122 295/349/295 166/350/166 32/202/32
f 301/1/6 446/2/151 523/3/228 380/4/85
f 446/2/151 308/5/13 443/6/148 523/3/228
f 523/3/228 443/6/148 329/7/34 447/8/152
f 380/4/85 523/3/228 447/8/152 303/9/8
f 364/10/69 494/11/199 524/12/229 451/13/156
f 494/11/199 361/14/66 449/15/154 524/12/229
f 524/12/229 449/15/154 317/16/22 407/17/112
f 451/13/156 524/12/229 407/17/112 320/18/25
f 367/19/72 499/20/204 525/21/230 453/22/158
f 499/20/204 364/10/69 451/13/156 525/21/230
f 525/21/230 451/13/156 320/18/25 412/23/117
f 453/22/158 525/21/230 412/23/117 323/24/28
f 370/25/75 436/26/141 526/27/231 504/28/209
f 436/26/141 336/29/41 426/30/131 526/27/231
f 526/27/231 426/30/131 335/31/40 437/32/142
f 504/28/209 526/27/231 437/32/142 371/33/76
f 322/34/27 454/35/159 527/36/232 438/37/143
f 454/35/159 300/38/5 385/39/90 527/36/232
f 527/36/232 385/39/90 305/40/10 455/41/160
f 438/37/143 527/36/232 455/41/160 332/42/37
f 326/43/31 460/44/165 528/45/233 458/46/163
f 460/44/165 353/47/58 515/48/220 528/45/233
f 528/45/233 515/48/220 340/49/45 414/50/119
f 458/46/163 528/45/233 414/50/119 302/51/7
f 303/52/8 447/53/152 529/54/234 381/55/86
f 447/53/152 329/56/34 421/57/126 529/54/234
f 529/54/234 421/57/126 326/43/31 458/46/163
f 381/55/86 529/54/234 458/46/163 302/51/7
f 304/58/9 413/59/118 530/60/235 462/61/167
f 413/59/118 348/62/53 522/63/227 530/60/235
f 530/60/235 522/63/227 371/33/76 437/32/142
f 462/61/167 530/60/235 437/32/142 335/31/40
f 374/64/79 435/65/140 531/66/236 508/67/213
f 435/65/140 334/68/39 422/69/127 531/66/236
f 531/66/236 422/69/127 336/70/41 436/71/141
f 508/67/213 531/66/236 436/71/141 370/72/75
f 375/73/80 511/74/216 532/75/237 456/76/161
f 511/74/216 367/19/72 453/22/158 532/75/237
f 532/75/237 453/22/158 323/24/28 440/77/145
f 456/76/161 532/75/237 440/77/145 331/78/36
f 313/79/18 448/80/153 533/81/238 398/82/103
f 448/80/153 297/83/2 377/84/82 533/81/238
f 533/81/238 377/84/82 298/85/3 450/86/155
f 398/82/103 533/81/238 450/86/155 316/87/21
f 327/88/32 461/89/166 534/90/239 420/91/125
f 461/89/166 349/92/54 476/93/181 534/90/239
f 534/90/239 476/93/181 353/47/58 460/44/165
f 420/91/125 534/90/239 460/44/165 326/43/31
f 310/94/15 387/95/297 535/96/240 445/97/150
f 387/95/297 308/5/13 446/2/151 535/96/240
f 535/96/240 446/2/151 301/1/6 384/98/89
f 445/97/150 535/96/240 384/98/89 296/99/1
f 316/87/21 450/86/155 536/100/241 403/101/108
f 450/86/155 298/85/3 378/102/83 536/100/241
f 536/100/241 378/102/83 299/103/4 452/104/157
f 403/101/108 536/100/241 452/104/157 319/105/24
f 319/105/24 452/104/157 537/106/242 408/107/113
f 452/104/157 299/103/4 379/108/84 537/106/242
f 537/106/242 379/108/84 300/38/5 454/35/159
f 408/107/113 537/106/242 454/35/159 322/34/27
f 310/94/15 445/97/150 538/109/243 393/110/98
f 445/97/150 296/99/1 376/111/81 538/109/243
f 538/109/243 376/111/81 297/83/2 448/80/153
f 393/110/98 538/109/243 448/80/153 313/79/18
f 361/14/66 489/112/194 539/113/244 449/15/154
f 489/112/194 358/114/63 459/115/164 539/113/244
f 539/113/244 459/115/164 314/116/19 402/117/107
f 449/15/154 539/113/244 402/117/107 317/16/22
f 306/118/11 463/119/168 540/120/245 383/121/88
f 463/119/168 338/122/43 433/123/138 540/120/245
f 540/120/245 433/123/138 332/42/37 455/41/160
f 383/121/88 540/120/245 455/41/160 305/40/10
f 304/58/9 462/61/167 541/124/246 382/125/87
f 462/61/167 335/31/40 428/126/133 541/124/246
f 541/124/246 428/126/133 338/127/43 463/128/168
f 382/125/87 541/124/246 463/128/168 306/129/11
f 308/5/13 387/95/297 542/130/247 386/131/91
f 387/95/297 310/94/15 388/132/93 542/130/247
f 542/130/247 388/132/93 312/133/17 389/134/94
f 386/131/91 542/130/247 389/134/94 309/135/14
f 309/136/14 389/137/94 543/138/248 390/139/95
f 389/137/94 312/140/17 391/141/96 543/138/248
f 543/138/248 391/141/96 311/142/16 392/143/97
f 390/139/95 543/138/248 392/143/97 307/144/12
f 310/94/15 393/110/98 544/145/249 388/132/93
f 393/110/98 313/79/18 394/146/99 544/145/249
f 544/145/249 394/146/99 315/147/20 395/148/100
f 388/132/93 544/145/249 395/148/100 312/133/17
f 312/140/17 395/149/100 545/150/250 391/141/96
f 395/149/100 315/151/20 396/152/101 545/150/250
f 545/150/250 396/152/101 314/116/19 397/153/102
f 391/141/96 545/150/250 397/153/102 311/142/16
f 313/79/18 398/82/103 546/154/251 394/146/99
f 398/82/103 316/87/21 399/155/104 546/154/251
f 546/154/251 399/155/104 318/156/23 400/157/105
f 394/146/99 546/154/251 400/157/105 315/147/20
f 315/151/20 400/158/105 547/159/252 396/152/101
f 400/158/105 318/160/23 401/161/106 547/159/252
f 547/159/252 401/161/106 317/16/22 402/117/107
f 396/152/101 547/159/252 402/117/107 314/116/19
f 316/87/21 403/101/108 548/162/253 399/155/104
f 403/101/108 319/105/24 404/163/109 548/162/253
f 548/162/253 404/163/109 321/164/26 405/165/110
f 399/155/104 548/162/253 405/165/110 318/156/23
f 318/160/23 405/166/110 549/167/254 401/161/106
f 405/166/110 321/168/26 406/169/111 549/167/254
f 549/167/254 406/169/111 320/18/25 407/17/112
f 401/161/106 549/167/254 407/17/112 317/16/22
f 319/105/24 408/107/113 550/170/255 404/163/109
f 408/107/113 322/34/27 409/171/114 550/170/255
f 550/170/255 409/171/114 324/172/29 410/173/115
f 404/163/109 550/170/255 410/173/115 321/164/26
f 321/168/26 410/174/115 551/175/256 406/169/111
f 410/174/115 324/176/29 411/177/116 551/175/256
f 551/175/256 411/177/116 323/24/28 412/23/117
f 406/169/111 551/175/256 412/23/117 320/18/25
f 307/144/12 444/178/149 552/179/257 441/180/146
f 351/181/56 473/182/178 552/179/257 444/178/149
f 350/183/55 434/184/139 552/179/257 473/182/178
f 325/185/30 416/186/121 552/179/257 434/184/139
f 328/187/33 441/180/146 552/179/257 416/186/121
f 314/116/19 459/115/164 553/188/258 397/153/102
f 459/115/164 358/114/63 484/189/189 553/188/258
f 553/188/258 484/189/189 355/190/60 457/191/162
f 397/153/102 553/188/258 457/191/162 311/142/16
f 374/64/79 510/192/215 554/193/259 435/65/140
f 375/73/80 456/76/161 554/193/259 510/192/215
f 331/78/36 429/194/134 554/193/259 456/76/161
f 337/195/42 423/196/128 554/193/259 429/194/134
f 334/68/39 435/65/140 554/193/259 423/196/128
f 311/142/16 457/191/162 555/197/260 392/143/97
f 457/191/162 355/190/60 479/198/184 555/197/260
f 555/197/260 479/198/184 351/181/56 444/178/149
f 392/143/97 555/197/260 444/178/149 307/144/12
f 328/187/33 416/186/121 556/199/261 415/200/120
f 416/186/121 325/185/30 417/201/122 556/199/261
f 556/199/261 417/201/122 327/202/32 418/203/123
f 415/200/120 556/199/261 418/203/123 330/204/296
f 330/205/296 418/206/123 557/207/262 419/208/124
f 418/206/123 327/88/32 420/91/125 557/207/262
f 557/207/262 420/91/125 326/43/31 421/57/126
f 419/208/124 557/207/262 421/57/126 329/56/34
f 334/68/39 423/196/128 558/209/263 422/69/127
f 423/196/128 337/195/42 424/210/129 558/209/263
f 558/209/263 424/210/129 339/211/44 425/212/130
f 422/69/127 558/209/263 425/212/130 336/70/41
f 336/29/41 425/213/130 559/214/264 426/30/131
f 425/213/130 339/215/44 427/216/132 559/214/264
f 559/214/264 427/216/132 338/127/43 428/126/133
f 426/30/131 559/214/264 428/126/133 335/31/40
f 337/195/42 429/194/134 560/217/265 424/210/129
f 429/194/134 331/78/36 430/218/135 560/217/265
f 560/217/265 430/218/135 333/219/38 431/220/136
f 424/210/129 560/217/265 431/220/136 339/211/44
f 339/221/44 431/222/136 561/223/266 427/224/132
f 431/222/136 333/225/38 432/226/137 561/223/266
f 561/223/266 432/226/137 332/42/37 433/123/138
f 427/224/132 561/223/266 433/123/138 338/122/43
f 322/34/27 438/37/143 562/227/267 409/171/114
f 438/37/143 332/42/37 432/226/137 562/227/267
f 562/227/267 432/226/137 333/225/38 439/228/144
f 409/171/114 562/227/267 439/228/144 324/172/29
f 324/176/29 439/229/144 563/230/268 411/177/116
f 439/229/144 333/219/38 430/218/135 563/230/268
f 563/230/268 430/218/135 331/78/36 440/77/145
f 411/177/116 563/230/268 440/77/145 323/24/28
f 307/144/12 441/180/146 564/231/269 390/139/95
f 441/180/146 328/187/33 415/200/120 564/231/269
f 564/231/269 415/200/120 330/204/296 442/232/147
f 390/139/95 564/231/269 442/232/147 309/136/14
f 309/135/14 442/233/147 565/234/270 386/131/91
f 442/233/147 330/235/296 419/236/124 565/234/270
f 565/234/270 419/236/124 329/7/34 443/6/148
f 386/131/91 565/234/270 443/6/148 308/5/13
f 357/237/62 516/238/221 566/239/271 483/240/188
f 516/238/221 342/241/47 465/242/170 566/239/271
f 566/239/271 465/242/170 341/243/46 514/244/219
f 483/240/188 566/239/271 514/244/219 354/245/59
f 357/237/62 488/246/193 567/247/272 516/238/221
f 488/246/193 360/248/65 517/249/222 567/247/272
f 567/247/272 517/249/222 343/250/48 466/251/171
f 516/238/221 567/247/272 466/251/171 342/241/47
f 360/248/65 493/252/198 568/253/273 517/249/222
f 493/252/198 363/254/68 518/255/223 568/253/273
f 568/253/273 518/255/223 344/256/49 467/257/172
f 517/249/222 568/253/273 467/257/172 343/250/48
f 363/258/68 498/259/203 569/260/274 518/261/223
f 498/259/203 366/262/71 519/263/224 569/260/274
f 569/260/274 519/263/224 345/264/50 468/265/173
f 518/261/223 569/260/274 468/265/173 344/266/49
f 366/262/71 503/267/208 570/268/275 519/263/224
f 503/267/208 369/269/74 520/270/225 570/268/275
f 570/268/275 520/270/225 346/271/51 469/272/174
f 519/263/224 570/268/275 469/272/174 345/264/50
f 369/269/74 513/273/218 571/274/276 520/270/225
f 513/273/218 372/275/77 521/276/226 571/274/276
f 571/274/276 521/276/226 347/277/52 470/278/175
f 520/270/225 571/274/276 470/278/175 346/271/51
f 347/277/52 521/276/226 572/279/277 471/280/176
f 521/276/226 372/275/77 505/281/210 572/279/277
f 572/279/277 505/281/210 371/33/76 522/63/227
f 471/280/176 572/279/277 522/63/227 348/62/53
f 354/245/59 514/244/219 573/282/278 478/283/183
f 514/244/219 341/243/46 464/284/169 573/282/278
f 573/282/278 464/284/169 340/49/45 515/48/220
f 478/283/183 573/282/278 515/48/220 353/47/58
f 350/183/55 473/182/178 574/285/279 472/286/177
f 473/182/178 351/181/56 474/287/179 574/285/279
f 574/285/279 474/287/179 352/288/57 475/289/180
f 472/286/177 574/285/279 475/289/180 349/290/54
f 349/92/54 475/291/180 575/292/280 476/93/181
f 475/291/180 352/293/57 477/294/182 575/292/280
f 575/292/280 477/294/182 354/245/59 478/283/183
f 476/93/181 575/292/280 478/283/183 353/47/58
f 351/181/56 479/198/184 576/295/281 474/287/179
f 479/198/184 355/190/60 480/296/185 576/295/281
f 576/295/281 480/296/185 356/297/61 481/298/186
f 474/287/179 576/295/281 481/298/186 352/288/57
f 352/293/57 481/299/186 577/300/282 477/294/182
f 481/299/186 356/301/61 482/302/187 577/300/282
f 577/300/282 482/302/187 357/237/62 483/240/188
f 477/294/182 577/300/282 483/240/188 354/245/59
f 355/190/60 484/189/189 578/303/283 480/296/185
f 484/189/189 358/114/63 485/304/190 578/303/283
f 578/303/283 485/304/190 359/305/64 486/306/191
f 480/296/185 578/303/283 486/306/191 356/297/61
f 356/301/61 486/307/191 579/308/284 482/302/187
f 486/307/191 359/309/64 487/310/192 579/308/284
f 579/308/284 487/310/192 360/248/65 488/246/193
f 482/302/187 579/308/284 488/246/193 357/237/62
f 358/114/63 489/112/194 580/311/285 485/304/190
f 489/112/194 361/14/66 490/312/195 580/311/285
f 580/311/285 490/312/195 362/313/67 491/314/196
f 485/304/190 580/311/285 491/314/196 359/305/64
f 359/309/64 491/315/196 581/316/286 487/310/192
f 491/315/196 362/317/67 492/318/197 581/316/286
f 581/316/286 492/318/197 363/254/68 493/252/198
f 487/310/192 581/316/286 493/252/198 360/248/65
f 361/14/66 494/11/199 582/319/287 490/312/195
f 494/11/199 364/10/69 495/320/200 582/319/287
f 582/319/287 495/320/200 365/321/70 496/322/201
f 490/312/195 582/319/287 496/322/201 362/313/67
f 362/323/67 496/324/201 583/325/288 492/326/197
f 496/324/201 365/327/70 497/328/202 583/325/288
f 583/325/288 497/328/202 366/262/71 498/259/203
f 492/326/197 583/325/288 498/259/203 363/258/68
f 364/10/69 499/20/204 584/329/289 495/320/200
f 499/20/204 367/19/72 500/330/205 584/329/289
f 584/329/289 500/330/205 368/331/73 501/332/206
f 495/320/200 584/329/289 501/332/206 365/321/70
f 365/327/70 501/333/206 585/334/290 497/328/202
f 501/333/206 368/335/73 502/336/207 585/334/290
f 585/334/290 502/336/207 369/269/74 503/267/208
f 497/328/202 585/334/290 503/267/208 366/262/71
f 371/33/76 505/281/210 586/337/291 504/28/209
f 505/281/210 372/275/77 506/338/211 586/337/291
f 586/337/291 506/338/211 373/339/78 507/340/212
f 504/28/209 586/337/291 507/340/212 370/25/75
f 370/72/75 507/341/212 587/342/292 508/67/213
f 507/341/212 373/343/78 509/344/214 587/342/292
f 587/342/292 509/344/214 375/73/80 510/192/215
f 508/67/213 587/342/292 510/192/215 374/64/79
f 367/19/72 511/74/216 588/345/293 500/330/205
f 511/74/216 375/73/80 509/344/214 588/345/293
f 588/345/293 509/344/214 373/343/78 512/346/217
f 500/330/205 588/345/293 512/346/217 368/331/73
f 368/335/73 512/347/217 589/348/294 502/336/207
f 512/347/217 373/339/78 506/338/211 589/348/294
f 589/348/294 506/338/211 372/275/77 513/273/218
f 502/336/207 589/348/294 513/273/218 369/269/74
f 325/185/30 434/184/139 590/349/295 417/201/122
f 434/184/139 350/183/55 472/286/177 590/349/295
f 590/349/295 472/286/177 349/290/54 461/350/166
f 417/201/122 590/349/295 461/350/166 327/202/32
f 596/1/6 741/2/151 818/3/228 675/4/85
f 741/2/151 603/5/13 738/6/148 818/3/228
f 818/3/228 738/6/148 624/7/34 742/8/152
f 675/4/85 818/3/228 742/8/152 598/9/8
f 659/10/69 789/11/199 819/12/229 746/13/156
f 789/11/199 656/14/66 744/15/154 819/12/229
f 819/12/229 744/15/154 612/16/22 702/17/112
f 746/13/156 819/12/229 702/17/112 615/18/25
f 662/19/72 794/20/204 820/21/230 748/22/158
f 794/20/204 659/10/69 746/13/156 820/21/230
f 820/21/230 746/13/156 615/18/25 707/23/117
f 748/22/158 820/21/230 707/23/117 618/24/28
f 665/25/75 731/26/141 821/27/231 799/28/209
f 731/26/141 631/29/41 721/30/131 821/27/231
f 821/27/231 721/30/131 630/31/40 732/32/142
f 799/28/209 821/27/231 732/32/142 666/33/76
f 617/34/27 749/35/159 822/36/232 733/37/143
f 749/35/159 595/38/5 680/39/90 822/36/232
f 822/36/232 680/39/90 600/40/10 750/41/160
f 733/37/143 822/36/232 750/41/160 627/42/37
f 621/43/31 755/44/165 823/45/233 753/46/163
f 755/44/165 648/47/58 810/48/220 823/45/233
f 823/45/233 810/48/220 635/49/45 709/50/119
f 753/46/163 823/45/233 709/50/119 597/51/7
f 598/52/8 742/53/152 824/54/234 676/55/86
f 742/53/152 624/56/34 716/57/126 824/54/234
f 824/54/234 716/57/126 621/43/31 753/46/163
f 676/55/86 824/54/234 753/46/163 597/51/7
f 599/58/9 708/59/118 825/60/235 757/61/167
f 708/59/118 643/62/53 817/63/227 825/60/235
f 825/60/235 817/63/227 666/33/76 732/32/142
f 757/61/167 825/60/235 732/32/142 630/31/40
f 669/64/79 730/65/140 826/66/236 803/67/213
f 730/65/140 629/68/39 717/69/127 826/66/236
f 826/66/236 717/69/127 631/70/41 731/71/141
f 803/67/213 826/66/236 731/71/141 665/72/75
f 670/73/80 806/74/216 827/75/237 751/76/161
f 806/74/216 662/19/72 748/22/158 827/75/237
f 827/75/237 748/22/158 618/24/28 735/77/145
f 751/76/161 827/75/237 735/77/145 626/78/36
f 608/79/18 743/80/153 828/81/238 693/82/103
f 743/80/153 592/83/2 672/84/82 828/81/238
f 828/81/238 672/84/82 593/85/3 745/86/155
f 693/82/103 828/81/238 745/86/155 611/87/21
f 622/88/32 756/89/166 829/90/239 715/91/125
f 756/89/166 644/92/54 771/93/181 829/90/239
f 829/90/239 771/93/181 648/47/58 755/44/165
f 715/91/125 829/90/239 755/44/165 621/43/31
f 605/94/15 682/95/297 830/96/240 740/97/150
f 682/95/297 603/5/13 741/2/151 830/96/240
f 830/96/240 741/2/151 596/1/6 679/98/89
f 740/97/150 830/96/240 679/98/89 591/99/1
f 611/87/21 745/86/155 831/100/241 698/101/108
f 745/86/155 593/85/3 673/102/83 831/100/241
f 831/100/241 673/102/83 594/103/4 747/104/157
f 698/101/108 831/100/241 747/104/157 614/105/24
f 614/105/24 747/104/157 832/106/242 703/107/113
f 747/104/157 594/103/4 674/108/84 832/106/242
f 832/106/242 674/108/84 595/38/5 749/35/159
f 703/107/113 832/106/242 749/35/159 617/34/27
f 605/94/15 740/97/150 833/109/243 688/110/98
f 740/97/150 591/99/1 671/111/81 833/109/243
f 833/109/243 671/111/81 592/83/2 743/80/153
f 688/110/98 833/109/243 743/80/153 608/79/18
f 656/14/66 784/112/194 834/113/244 744/15/154
f 784/112/194 653/114/63 754/115/164 834/113/244
f 834/113/244 754/115/164 609/116/19 697/117/107
f 744/15/154 834/113/244 697/117/107 612/16/22
f 601/118/11 758/119/168 835/120/245 678/121/88
f 758/119/168 633/122/43 728/123/138 835/120/245
f 835/120/245 728/123/138 627/42/37 750/41/160
f 678/121/88 835/120/245 750/41/160 600/40/10
f 599/58/9 757/61/167 836/124/246 677/125/87
f 757/61/167 630/31/40 723/126/133 836/124/246
f 836/124/246 723/126/133 633/127/43 758/128/168
f 677/125/87 836/124/246 758/128/168 601/129/11
f 603/5/13 682/95/297 837/130/247 681/131/91
f 682/95/297 605/94/15 683/132/93 837/130/247
f 837/130/247 683/132/93 607/133/17 684/134/94
f 681/131/91 837/130/247 684/134/94 604/135/14
f 604/136/14 684/137/94 838/138/248 685/139/95
f 684/137/94 607/140/17 686/141/96 838/138/248
f 838/138/248 686/141/96 606/142/16 687/143/97
f 685/139/95 838/138/248 687/143/97 602/144/12
f 605/94/15 688/110/98 839/145/249 683/132/93
f 688/110/98 608/79/18 689/146/99 839/145/249
f 839/145/249 689/146/99 610/147/20 690/148/100
f 683/132/93 839/145/249 690/148/100 607/133/17
f 607/140/17 690/149/100 840/150/250 686/141/96
f 690/149/100 610/151/20 691/152/101 840/150/250
f 840/150/250 691/152/101 609/116/19 692/153/102
f 686/141/96 840/150/250 692/153/102 606/142/16
f 608/79/18 693/82/103 841/154/251 689/146/99
f 693/82/103 611/87/21 694/155/104 841/154/251
f 841/154/251 694/155/104 613/156/23 695/157/105
f 689/146/99 841/154/251 695/157/105 610/147/20
f 610/151/20 695/158/105 842/159/252 691/152/101
f 695/158/105 613/160/23 696/161/106 842/159/252
f 842/159/252 696/161/106 612/16/22 697/117/107
f 691/152/101 842/159/252 697/117/107 609/116/19
f 611/87/21 698/101/108 843/162/253 694/155/104
f 698/101/108 614/105/24 699/163/109 843/162/253
f 843/162/253 699/163/109 616/164/26 700/165/110
f 694/155/104 843/162/253 700/165/110 613/156/23
f 613/160/23 700/166/110 844/167/254 696/161/106
f 700/166/110 616/168/26 701/169/111 844/167/254
f 844/167/254 701/169/111 615/18/25 702/17/112
f 696/161/106 844/167/254 702/17/112 612/16/22
f 614/105/24 703/107/113 845/170/255 699/163/109
f 703/107/113 617/34/27 704/171/114 845/170/255
f 845/170/255 704/171/114 619/172/29 705/173/115
f 699/163/109 845/170/255 705/173/115 616/164/26
f 616/168/26 705/174/115 846/175/256 701/169/111
f 705/174/115 619/176/29 706/177/116 846/175/256
f 846/175/256 706/177/116 618/24/28 707/23/117
f 701/169/111 846/175/256 707/23/117 615/18/25
f 602/144/12 739/178/149 847/179/257 736/180/146
f 646/181/56 768/182/178 847/179/257 739/178/149
f 645/183/55 729/184/139 847/179/257 768/182/178
f 620/185/30 711/186/121 847/179/257 729/184/139
f 623/187/33 736/180/146 847/179/257 711/186/121
f 609/116/19 754/115/164 848/188/258 692/153/102
f 754/115/164 653/114/63 779/189/189 848/188/258
f 848/188/258 779/189/189 650/190/60 752/191/162
f 692/153/102 848/188/258 752/191/162 606/142/16
f 669/64/79 805/192/215 849/193/259 730/65/140
f 670/73/80 751/76/161 849/193/259 805/192/215
f 626/78/36 724/194/134 849/193/259 751/76/161
f 632/195/42 718/196/128 849/193/259 724/194/134
f 629/68/39 730/65/140 849/193/259 718/196/128
f 606/142/16 752/191/162 850/197/260 687/143/97
f 752/191/162 650/190/60 774/198/184 850/197/260
f 850/197/260 774/198/184 646/181/56 739/178/149
f 687/143/97 850/197/260 739/178/149 602/144/12
f 623/187/33 711/186/121 851/199/261 710/200/120
f 711/186/121 620/185/30 712/201/122 851/199/261
f 851/199/261 712/201/122 622/202/32 713/203/123
f 710/200/120 851/199/261 713/203/123 625/204/35
f 625/205/35 713/206/123 852/207/262 714/208/124
f 713/206/123 622/88/32 715/91/125 852/207/262
f 852/207/262 715/91/125 621/43/31 716/57/126
f 714/208/124 852/207/262 716/57/126 624/56/34
f 629/68/39 718/196/128 853/209/263 717/69/127
f 718/196/128 632/195/42 719/210/129 853/209/263
f 853/209/263 719/210/129 634/211/44 720/212/130
f 717/69/127 853/209/263 720/212/130 631/70/41
f 631/29/41 720/213/130 854/214/264 721/30/131
f 720/213/130 634/215/44 722/216/132 854/214/264
f 854/214/264 722/216/132 633/127/43 723/126/133
f 721/30/131 854/214/264 723/126/133 630/31/40
f 632/195/42 724/194/134 855/217/265 719/210/129
f 724/194/134 626/78/36 725/218/135 855/217/265
f 855/217/265 725/218/135 628/219/38 726/220/136
f 719/210/129 855/217/265 726/220/136 634/211/44
f 634/221/44 726/222/136 856/223/266 722/224/132
f 726/222/136 628/225/38 727/226/137 856/223/266
f 856/223/266 727/226/137 627/42/37 728/123/138
f 722/224/132 856/223/266 728/123/138 633/122/43
f 617/34/27 733/37/143 857/227/267 704/171/114
f 733/37/143 627/42/37 727/226/137 857/227/267
f 857/227/267 727/226/137 628/225/38 734/228/144
f 704/171/114 857/227/267 734/228/144 619/172/29
f 619/176/29 734/229/144 858/230/268 706/177/116
f 734/229/144 628/219/38 725/218/135 858/230/268
f 858/230/268 725/218/135 626/78/36 735/77/145
f 706/177/116 858/230/268 735/77/145 618/24/28
f 602/144/12 736/180/146 859/231/269 685/139/95
f 736/180/146 623/187/33 710/200/120 859/231/269
f 859/231/269 710/200/120 625/204/35 737/232/147
f 685/139/95 859/231/269 737/232/147 604/136/14
f 604/135/14 737/233/147 860/234/270 681/131/91
f 737/233/147 625/235/35 714/236/124 860/234/270
f 860/234/270 714/236/124 624/7/34 738/6/148
f 681/131/91 860/234/270 738/6/148 603/5/13
f 652/237/62 811/238/221 861/239/271 778/240/188
f 811/238/221 637/241/47 760/242/170 861/239/271
f 861/239/271 760/242/170 636/243/46 809/244/219
f 778/240/188 861/239/271 809/244/219 649/245/59
f 652/237/62 783/246/193 862/247/272 811/238/221
f 783/246/193 655/248/65 812/249/222 862/247/272
f 862/247/272 812/249/222 638/250/48 761/251/171
f 811/238/221 862/247/272 761/251/171 637/241/47
f 655/248/65 788/252/198 863/253/273 812/249/222
f 788/252/198 658/254/68 813/255/223 863/253/273
f 863/253/273 813/255/223 639/256/49 762/257/172
f 812/249/222 863/253/273 762/257/172 638/250/48
f 658/258/68 793/259/203 864/260/274 813/261/223
f 793/259/203 661/262/71 814/263/224 864/260/274
f 864/260/274 814/263/224 640/264/50 763/265/173
f 813/261/223 864/260/274 763/265/173 639/266/49
f 661/262/71 798/267/208 865/268/275 814/263/224
f 798/267/208 664/269/74 815/270/225 865/268/275
f 865/268/275 815/270/225 641/271/51 764/272/174
f 814/263/224 865/268/275 764/272/174 640/264/50
f 664/269/74 808/273/218 866/274/276 815/270/225
f 808/273/218 667/275/77 816/276/226 866/274/276
f 866/274/276 816/276/226 642/277/52 765/278/175
f 815/270/225 866/274/276 765/278/175 641/271/51
f 642/277/52 816/276/226 867/279/277 766/280/176
f 816/276/226 667/275/77 800/281/210 867/279/277
f 867/279/277 800/281/210 666/33/76 817/63/227
f 766/280/176 867/279/277 817/63/227 643/62/53
f 649/245/59 809/244/219 868/282/278 773/283/183
f 809/244/219 636/243/46 759/284/169 868/282/278
f 868/282/278 759/284/169 635/49/45 810/48/220
f 773/283/183 868/282/278 810/48/220 648/47/58
f 645/183/55 768/182/178 869/285/279 767/286/177
f 768/182/178 646/181/56 769/287/179 869/285/279
f 869/285/279 769/287/179 647/288/57 770/289/180
f 767/286/177 869/285/279 770/289/180 644/290/54
f 644/92/54 770/291/180 870/292/280 771/93/181
f 770/291/180 647/293/57 772/294/182 870/292/280
f 870/292/280 772/294/182 649/245/59 773/283/183
f 771/93/181 870/292/280 773/283/183 648/47/58
f 646/181/56 774/198/184 871/295/281 769/287/179
f 774/198/184 650/190/60 775/296/185 871/295/281
f 871/295/281 775/296/185 651/297/61 776/298/186
f 769/287/179 871/295/281 776/298/186 647/288/57
f 647/293/57 776/299/186 872/300/282 772/294/182
f 776/299/186 651/301/61 777/302/187 872/300/282
f 872/300/282 777/302/187 652/237/62 778/240/188
f 772/294/182 872/300/282 778/240/188 649/245/59
f 650/190/60 779/189/189 873/303/283 775/296/185
f 779/189/189 653/114/63 780/304/190 873/303/283
f 873/303/283 780/304/190 654/305/64 781/306/191
f 775/296/185 873/303/283 781/306/191 651/297/61
f 651/301/61 781/307/191 874/308/284 777/302/187
f 781/307/191 654/309/64 782/310/192 874/308/284
f 874/308/284 782/310/192 655/248/65 783/246/193
f 777/302/187 874/308/284 783/246/193 652/237/62
f 653/114/63 784/112/194 875/311/285 780/304/190
f 784/112/194 656/14/66 785/312/195 875/311/285
f 875/311/285 785/312/195 657/313/67 786/314/196
f 780/304/190 875/311/285 786/314/196 654/305/64
f 654/309/64 786/315/196 876/316/286 782/310/192
f 786/315/196 657/317/67 787/318/197 876/316/286
f 876/316/286 787/318/197 658/254/68 788/252/198
f 782/310/192 876/316/286 788/252/198 655/248/65
f 656/14/66 789/11/199 877/319/287 785/312/195
f 789/11/199 659/10/69 790/320/200 877/319/287
f 877/319/287 790/320/200 660/321/70 791/322/201
f 785/312/195 877/319/287 791/322/201 657/313/67
f 657/323/67 791/324/201 878/325/288 787/326/197
f 791/324/201 660/327/70 792/328/202 878/325/288
f 878/325/288 792/328/202 661/262/71 793/259/203
f 787/326/197 878/325/288 793/259/203 658/258/68
f 659/10/69 794/20/204 879/329/289 790/320/200
f 794/20/204 662/19/72 795/330/205 879/329/289
f 879/329/289 795/330/205 663/331/73 796/332/206
f 790/320/200 879/329/289 796/332/206 660/321/70
f 660/327/70 796/333/206 880/334/290 792/328/202
f 796/333/206 663/335/73 797/336/207 880/334/290
f 880/334/290 797/336/207 664/269/74 798/267/208
f 792/328/202 880/334/290 798/267/208 661/262/71
f 666/33/76 800/281/210 881/337/291 799/28/209
f 800/281/210 667/275/77 801/338/211 881/337/291
f 881/337/291 801/338/211 668/339/78 802/340/212
f 799/28/209 881/337/291 802/340/212 665/25/75
f 665/72/75 802/341/212 882/342/292 803/67/213
f 802/341/212 668/343/78 804/344/214 882/342/292
f 882/342/292 804/344/214 670/73/80 805/192/215
f 803/67/213 882/342/292 805/192/215 669/64/79
f 662/19/72 806/74/216 883/345/293 795/330/205
f 806/74/216 670/73/80 804/344/214 883/345/293
f 883/345/293 804/344/214 668/343/78 807/346/217
f 795/330/205 883/345/293 807/346/217 663/331/73
f 663/335/73 807/347/217 884/348/294 797/336/207
f 807/347/217 668/339/78 801/338/211 884/348/294
f 884/348/294 801/338/211 667/275/77 808/273/218
f 797/336/207 884/348/294 808/273/218 664/269/74
f 620/185/30 729/184/139 885/349/295 712/201/122
f 729/184/139 645/183/55 767/286/177 885/349/295
f 885/349/295 767/286/177 644/290/54 756/350/166
f 712/201/122 885/349/295 756/350/166 622/202/32
f 891/1/6 1036/2/151 1113/3/228 970/4/85
f 1036/2/151 898/5/13 1033/6/148 1113/3/228
f 1113/3/228 1033/6/148 919/7/34 1037/8/152
f 970/4/85 1113/3/228 1037/8/152 893/9/8
f 954/10/69 1084/11/199 1114/12/229 1041/13/156
f 1084/11/199 951/14/66 1039/15/154 1114/12/229
f 1114/12/229 1039/15/154 907/16/22 997/17/112
f 1041/13/156 1114/12/229 997/17/112 910/18/25
f 957/19/72 1089/20/204 1115/21/230 1043/22/158
f 1089/20/204 954/10/69 1041/13/156 1115/21/230
f 1115/21/230 1041/13/156 910/18/25 1002/23/117
f 1043/22/158 1115/21/230 1002/23/117 913/24/28
f 960/25/75 1026/26/141 1116/27/231 1094/28/209
f 1026/26/141 926/29/41 1016/30/131 1116/27/231
f 1116/27/231 1016/30/131 925/31/40 1027/32/142
f 1094/28/209 1116/27/231 1027/32/142 961/33/76
f 912/34/27 1044/35/159 1117/36/232 1028/37/303
f 1044/35/159 890/38/5 975/39/90 1117/36/232
f 1117/36/232 975/39/90 895/40/10 1045/41/160
f 1028/37/303 1117/36/232 1045/41/160 922/42/37
f 916/43/31 1050/44/165 1118/45/233 1048/46/163
f 1050/44/165 943/47/58 1105/48/220 1118/45/233
f 1118/45/233 1105/48/220 930/49/45 1004/50/119
f 1048/46/163 1118/45/233 1004/50/119 892/51/7
f 893/52/8 1037/53/152 1119/54/234 971/55/86
f 1037/53/152 919/56/34 1011/57/126 1119/54/234
f 1119/54/234 1011/57/126 916/43/31 1048/46/163
f 971/55/86 1119/54/234 1048/46/163 892/51/7
f 894/58/9 1003/59/118 1120/60/235 1052/61/167
f 1003/59/118 938/62/53 1112/63/227 1120/60/235
f 1120/60/235 1112/63/227 961/33/76 1027/32/142
f 1052/61/167 1120/60/235 1027/32/142 925/31/40
f 964/64/79 1025/65/140 1121/66/236 1098/67/213
f 1025/65/140 924/68/39 1012/69/127 1121/66/236
f 1121/66/236 1012/69/127 926/70/41 1026/71/141
f 1098/67/213 1121/66/236 1026/71/141 960/72/75
f 965/73/80 1101/74/216 1122/75/237 1046/76/161
f 1101/74/216 957/19/72 1043/22/158 1122/75/237
f 1122/75/237 1043/22/158 913/24/28 1030/77/145
f 1046/76/161 1122/75/237 1030/77/145 921/78/36
f 903/79/18 1038/80/153 1123/81/238 988/82/103
f 1038/80/153 887/83/2 967/84/82 1123/81/238
f 1123/81/238 967/84/82 888/85/3 1040/86/155
f 988/82/103 1123/81/238 1040/86/155 906/87/21
f 917/88/32 1051/89/166 1124/90/239 1010/91/125
f 1051/89/166 939/92/54 1066/93/181 1124/90/239
f 1124/90/239 1066/93/181 943/47/58 1050/44/165
f 1010/91/125 1124/90/239 1050/44/165 916/43/31
f 900/94/15 977/95/297 1125/96/240 1035/97/150
f 977/95/297 898/5/13 1036/2/151 1125/96/240
f 1125/96/240 1036/2/151 891/1/6 974/98/89
f 1035/97/150 1125/96/240 974/98/89 886/99/1
f 906/87/21 1040/86/155 1126/100/241 993/101/108
f 1040/86/155 888/85/3 968/102/83 1126/100/241
f 1126/100/241 968/102/83 889/103/4 1042/104/157
f 993/101/108 1126/100/241 1042/104/157 909/105/24
f 909/105/24 1042/104/157 1127/106/242 998/107/113
f 1042/104/157 889/103/4 969/108/84 1127/106/242
f 1127/106/242 969/108/84 890/38/5 1044/35/159
f 998/107/113 1127/106/242 1044/35/159 912/34/27
f 900/94/15 1035/97/150 1128/109/243 983/110/98
f 1035/97/150 886/99/1 966/111/81 1128/109/243
f 1128/109/243 966/111/81 887/83/2 1038/80/153
f 983/110/98 1128/109/243 1038/80/153 903/79/18
f 951/14/66 1079/112/194 1129/113/244 1039/15/154
f 1079/112/194 948/114/63 1049/115/164 1129/113/244
f 1129/113/244 1049/115/164 904/116/19 992/117/107
f 1039/15/154 1129/113/244 992/117/107 907/16/22
f 896/118/11 1053/119/168 1130/120/245 973/121/88
f 1053/119/168 928/122/43 1023/123/138 1130/120/245
f 1130/120/245 1023/123/138 922/42/37 1045/41/160
f 973/121/88 1130/120/245 1045/41/160 895/40/10
f 894/58/9 1052/61/167 1131/124/246 972/125/87
f 1052/61/167 925/31/40 1018/126/133 1131/124/246
f 1131/124/246 1018/126/133 928/127/43 1053/128/168
f 972/125/87 1131/124/246 1053/128/168 896/129/11
f 898/5/13 977/95/297 1132/130/247 976/131/91
f 977/95/297 900/94/15 978/132/93 1132/130/247
f 1132/130/247 978/132/93 902/133/17 979/134/298
f 976/131/91 1132/130/247 979/134/298 899/135/14
f 899/136/14 979/137/298 1133/138/248 980/139/95
f 979/137/298 902/140/17 981/141/96 1133/138/248
f 1133/138/248 981/141/96 901/142/16 982/143/97
f 980/139/95 1133/138/248 982/143/97 897/144/12
f 900/94/15 983/110/98 1134/145/249 978/132/93
f 983/110/98 903/79/18 984/146/99 1134/145/249
f 1134/145/249 984/146/99 905/147/20 985/148/299
f 978/132/93 1134/145/249 985/148/299 902/133/17
f 902/140/17 985/149/299 1135/150/250 981/141/96
f 985/149/299 905/151/20 986/152/101 1135/150/250
f 1135/150/250 986/152/101 904/116/19 987/153/102
f 981/141/96 1135/150/250 987/153/102 901/142/16
f 903/79/18 988/82/103 1136/154/251 984/146/99
f 988/82/103 906/87/21 989/155/104 1136/154/251
f 1136/154/251 989/155/104 908/156/23 990/157/300
f 984/146/99 1136/154/251 990/157/300 905/147/20
f 905/151/20 990/158/300 1137/159/252 986/152/101
f 990/158/300 908/160/23 991/161/106 1137/159/252
f 1137/159/252 991/161/106 907/16/22 992/117/107
f 986/152/101 1137/159/252 992/117/107 904/116/19
f 906/87/21 993/101/108 1138/162/253 989/155/104
f 993/101/108 909/105/24 994/163/109 1138/162/253
f 1138/162/253 994/163/109 911/164/26 995/165/301
f 989/155/104 1138/162/253 995/165/301 908/156/23
f 908/160/23 995/166/301 1139/167/254 991/161/106
f 995/166/301 911/168/26 996/169/111 1139/167/254
f 1139/167/254 996/169/111 910/18/25 997/17/112
f 991/161/106 1139/167/254 997/17/112 907/16/22
f 909/105/24 998/107/113 1140/170/255 994/163/109
f 998/107/113 912/34/27 999/171/114 1140/170/255
f 1140/170/255 999/171/114 914/172/29 1000/173/302
f 994/163/109 1140/170/255 1000/173/302 911/164/26
f 911/168/26 1000/174/302 1141/175/256 996/169/111
f 1000/174/302 914/176/29 1001/177/116 1141/175/256
f 1141/175/256 1001/177/116 913/24/28 1002/23/117
f 996/169/111 1141/175/256 1002/23/117 910/18/25
f 897/144/12 1034/178/149 1142/179/257 1031/180/146
f 941/181/56 1063/182/178 1142/179/257 1034/178/149
f 940/183/55 1024/184/139 1142/179/257 1063/182/178
f 915/185/30 1006/186/121 1142/179/257 1024/184/139
f 918/187/33 1031/180/146 1142/179/257 1006/186/121
f 904/116/19 1049/115/164 1143/188/258 987/153/102
f 1049/115/164 948/114/63 1074/189/189 1143/188/258
f 1143/188/258 1074/189/189 945/190/60 1047/191/162
f 987/153/102 1143/188/258 1047/191/162 901/142/16
f 964/64/79 1100/192/215 1144/193/259 1025/65/140
f 965/73/80 1046/76/161 1144/193/259 1100/192/215
f 921/78/36 1019/194/134 1144/193/259 1046/76/161
f 927/195/42 1013/196/128 1144/193/259 1019/194/134
f 924/68/39 1025/65/140 1144/193/259 1013/196/128
f 901/142/16 1047/191/162 1145/197/260 982/143/97
f 1047/191/162 945/190/60 1069/198/184 1145/197/260
f 1145/197/260 1069/198/184 941/181/56 1034/178/149
f 982/143/97 1145/197/260 1034/178/149 897/144/12
f 918/187/33 1006/186/121 1146/199/261 1005/200/120
f 1006/186/121 915/185/30 1007/201/122 1146/199/261
f 1146/199/261 1007/201/122 917/202/32 1008/203/123
f 1005/200/120 1146/199/261 1008/203/123 920/204/296
f 920/205/296 1008/206/123 1147/207/262 1009/208/124
f 1008/206/123 917/88/32 1010/91/125 1147/207/262
f 1147/207/262 1010/91/125 916/43/31 1011/57/126
f 1009/208/124 1147/207/262 1011/57/126 919/56/34
f 924/68/39 1013/196/128 1148/209/263 1012/69/127
f 1013/196/128 927/195/42 1014/210/129 1148/209/263
f 1148/209/263 1014/210/129 929/211/44 1015/212/130
f 1012/69/127 1148/209/263 1015/212/130 926/70/41
f 926/29/41 1015/213/130 1149/214/264 1016/30/131
f 1015/213/130 929/215/44 1017/216/132 1149/214/264
f 1149/214/264 1017/216/132 928/127/43 1018/126/133
f 1016/30/131 1149/214/264 1018/126/133 925/31/40
f 927/195/42 1019/194/134 1150/217/265 1014/210/129
f 1019/194/134 921/78/36 1020/218/135 1150/217/265
f 1150/217/265 1020/218/135 923/219/38 1021/220/136
f 1014/210/129 1150/217/265 1021/220/136 929/211/44
f 929/221/44 1021/222/136 1151/223/266 1017/224/132
f 1021/222/136 923/225/38 1022/226/137 1151/223/266
f 1151/223/266 1022/226/137 922/42/37 1023/123/138
f 1017/224/132 1151/223/266 1023/123/138 928/122/43
f 912/34/27 1028/37/303 1152/227/267 999/171/114
f 1028/37/303 922/42/37 1022/226/137 1152/227/267
f 1152/227/267 1022/226/137 923/225/38 1029/228/304
f 999/171/114 1152/227/267 1029/228/304 914/172/29
f 914/176/29 1029/229/304 1153/230/268 1001/177/116
f 1029/229/304 923/219/38 1020/218/135 1153/230/268
f 1153/230/268 1020/218/135 921/78/36 1030/77/145
f 1001/177/116 1153/230/268 1030/77/145 913/24/28
f 897/144/12 1031/180/146 1154/231/269 980/139/95
f 1031/180/146 918/187/33 1005/200/120 1154/231/269
f 1154/231/269 1005/200/120 920/204/296 1032/232/147
f 980/139/95 1154/231/269 1032/232/147 899/136/14
f 899/135/14 1032/233/147 1155/234/270 976/131/91
f 1032/233/147 920/235/296 1009/236/124 1155/234/270
f 1155/234/270 1009/236/124 919/7/34 1033/6/148
f 976/131/91 1155/234/270 1033/6/148 898/5/13
f 947/237/62 1106/238/221 1156/239/271 1073/240/188
f 1106/238/221 932/241/47 1055/242/170 1156/239/271
f 1156/239/271 1055/242/170 931/243/46 1104/244/219
f 1073/240/188 1156/239/271 1104/244/219 944/245/59
f 947/237/62 1078/246/193 1157/247/272 1106/238/221
f 1078/246/193 950/248/65 1107/249/222 1157/247/272
f 1157/247/272 1107/249/222 933/250/48 1056/251/171
f 1106/238/221 1157/247/272 1056/251/171 932/241/47
f 950/248/65 1083/252/198 1158/253/273 1107/249/222
f 1083/252/198 953/254/68 1108/255/223 1158/253/273
f 1158/253/273 1108/255/223 934/256/49 1057/257/172
f 1107/249/222 1158/253/273 1057/257/172 933/250/48
f 953/258/68 1088/259/203 1159/260/274 1108/261/223
f 1088/259/203 956/262/71 1109/263/224 1159/260/274
f 1159/260/274 1109/263/224 935/264/50 1058/265/173
f 1108/261/223 1159/260/274 1058/265/173 934/266/49
f 956/262/71 1093/267/208 1160/268/275 1109/263/224
f 1093/267/208 959/269/74 1110/270/225 1160/268/275
f 1160/268/275 1110/270/225 936/271/51 1059/272/174
f 1109/263/224 1160/268/275 1059/272/174 935/264/50
f 959/269/74 1103/273/218 1161/274/276 1110/270/225
f 1103/273/218 962/275/77 1111/276/226 1161/274/276
f 1161/274/276 1111/276/226 937/277/52 1060/278/175
f 1110/270/225 1161/274/276 1060/278/175 936/271/51
f 937/277/52 1111/276/226 1162/279/277 1061/280/176
f 1111/276/226 962/275/77 1095/281/210 1162/279/277
f 1162/279/277 1095/281/210 961/33/76 1112/63/227
f 1061/280/176 1162/279/277 1112/63/227 938/62/53
f 944/245/59 1104/244/219 1163/282/278 1068/283/183
f 1104/244/219 931/243/46 1054/284/169 1163/282/278
f 1163/282/278 1054/284/169 930/49/45 1105/48/220
f 1068/283/183 1163/282/278 1105/48/220 943/47/58
f 940/183/55 1063/182/178 1164/285/279 1062/286/177
f 1063/182/178 941/181/56 1064/287/179 1164/285/279
f 1164/285/279 1064/287/179 942/288/57 1065/289/180
f 1062/286/177 1164/285/279 1065/289/180 939/290/54
f 939/92/54 1065/291/180 1165/292/280 1066/93/181
f 1065/291/180 942/293/57 1067/294/182 1165/292/280
f 1165/292/280 1067/294/182 944/245/59 1068/283/183
f 1066/93/181 1165/292/280 1068/283/183 943/47/58
f 941/181/56 1069/198/184 1166/295/281 1064/287/179
f 1069/198/184 945/190/60 1070/296/185 1166/295/281
f 1166/295/281 1070/296/185 946/297/61 1071/298/186
f 1064/287/179 1166/295/281 1071/298/186 942/288/57
f 942/293/57 1071/299/186 1167/300/282 1067/294/182
f 1071/299/186 946/301/61 1072/302/187 1167/300/282
f 1167/300/282 1072/302/187 947/237/62 1073/240/188
f 1067/294/182 1167/300/282 1073/240/188 944/245/59
f 945/190/60 1074/189/189 1168/303/283 1070/296/185
f 1074/189/189 948/114/63 1075/304/190 1168/303/283
f 1168/303/283 1075/304/190 949/305/64 1076/306/191
f 1070/296/185 1168/303/283 1076/306/191 946/297/61
f 946/301/61 1076/307/191 1169/308/284 1072/302/187
f 1076/307/191 949/309/64 1077/310/192 1169/308/284
f 1169/308/284 1077/310/192 950/248/65 1078/246/193
f 1072/302/187 1169/308/284 1078/246/193 947/237/62
f 948/114/63 1079/112/194 1170/311/285 1075/304/190
f 1079/112/194 951/14/66 1080/312/195 1170/311/285
f 1170/311/285 1080/312/195 952/313/67 1081/314/196
f 1075/304/190 1170/311/285 1081/314/196 949/305/64
f 949/309/64 1081/315/196 1171/316/286 1077/310/192
f 1081/315/196 952/317/67 1082/318/197 1171/316/286
f 1171/316/286 1082/318/197 953/254/68 1083/252/198
f 1077/310/192 1171/316/286 1083/252/198 950/248/65
f 951/14/66 1084/11/199 1172/319/287 1080/312/195
f 1084/11/199 954/10/69 1085/320/200 1172/319/287
f 1172/319/287 1085/320/200 955/321/70 1086/322/201
f 1080/312/195 1172/319/287 1086/322/201 952/313/67
f 952/323/67 1086/324/201 1173/325/288 1082/326/197
f 1086/324/201 955/327/70 1087/328/202 1173/325/288
f 1173/325/288 1087/328/202 956/262/71 1088/259/203
f 1082/326/197 1173/325/288 1088/259/203 953/258/68
f 954/10/69 1089/20/204 1174/329/289 1085/320/200
f 1089/20/204 957/19/72 1090/330/205 1174/329/289
f 1174/329/289 1090/330/205 958/331/73 1091/332/206
f 1085/320/200 1174/329/289 1091/332/206 955/321/70
f 955/327/70 1091/333/206 1175/334/290 1087/328/202
f 1091/333/206 958/335/73 1092/336/207 1175/334/290
f 1175/334/290 1092/336/207 959/269/74 1093/267/208
f 1087/328/202 1175/334/290 1093/267/208 956/262/71
f 961/33/76 1095/281/210 1176/337/291 1094/28/209
f 1095/281/210 962/275/77 1096/338/211 1176/337/291
f 1176/337/291 1096/338/211 963/339/78 1097/340/212
f 1094/28/209 1176/337/291 1097/340/212 960/25/75
f 960/72/75 1097/341/212 1177/342/292 1098/67/213
f 1097/341/212 963/343/78 1099/344/214 1177/342/292
f 1177/342/292 1099/344/214 965/73/80 1100/192/215
f 1098/67/213 1177/342/292 1100/192/215 964/64/79
f 957/19/72 1101/74/216 1178/345/293 1090/330/205
f 1101/74/216 965/73/80 1099/344/214 1178/345/293
f 1178/345/293 1099/344/214 963/343/78 1102/346/217
f 1090/330/205 1178/345/293 1102/346/217 958/331/73
f 958/335/73 1102/347/217 1179/348/294 1092/336/207
f 1102/347/217 963/339/78 1096/338/211 1179/348/294
f 1179/348/294 1096/338/211 962/275/77 1103/273/218
f 1092/336/207 1179/348/294 1103/273/218 959/269/74
f 915/185/30 1024/184/139 1180/349/295 1007/201/122
f 1024/184/139 940/183/55 1062/286/177 1180/349/295
f 1180/349/295 1062/286/177 939/290/54 1051/350/166
f 1007/201/122 1180/349/295 1051/350/166 917/202/32
f 1186/1/6 1331/2/151 1408/3/228 1265/4/85
f 1331/2/151 1193/5/13 1328/6/148 1408/3/228
f 1408/3/228 1328/6/148 1214/7/34 1332/8/152
f 1265/4/85 1408/3/228 1332/8/152 1188/9/8
f 1249/10/69 1379/11/199 1409/12/229 1336/13/156
f 1379/11/199 1246/14/66 1334/15/154 1409/12/229
f 1409/12/229 1334/15/154 1202/16/22 1292/17/112
f 1336/13/156 1409/12/229 1292/17/112 1205/18/25
f 1252/19/72 1384/20/204 1410/21/230 1338/22/158
f 1384/20/204 1249/10/69 1336/13/156 1410/21/230
f 1410/21/230 1336/13/156 1205/18/25 1297/23/117
f 1338/22/158 1410/21/230 1297/23/117 1208/24/28
f 1255/25/75 1321/26/141 1411/27/231 1389/28/209
f 1321/26/141 1221/29/41 1311/30/131 1411/27/231
f 1411/27/231 1311/30/131 1220/31/40 1322/32/142
f 1389/28/209 1411/27/231 1322/32/142 1256/33/76
f 1207/34/27 1339/35/159 1412/36/232 1323/37/303
f 1339/35/159 1185/38/5 1270/39/90 1412/36/232
f 1412/36/232 1270/39/90 1190/40/10 1340/41/160
f 1323/37/303 1412/36/232 1340/41/160 1217/42/37
f 1211/43/31 1345/44/165 1413/45/233 1343/46/163
f 1345/44/165 1238/47/58 1400/48/220 1413/45/233
f 1413/45/233 1400/48/220 1225/49/45 1299/50/119
f 1343/46/163 1413/45/233 1299/50/119 1187/51/7
f 1188/52/8 1332/53/152 1414/54/234 1266/55/86
f 1332/53/152 1214/56/34 1306/57/126 1414/54/234
f 1414/54/234 1306/57/126 1211/43/31 1343/46/163
f 1266/55/86 1414/54/234 1343/46/163 1187/51/7
f 1189/58/9 1298/59/118 1415/60/235 1347/61/167
f 1298/59/118 1233/62/53 1407/63/227 1415/60/235
f 1415/60/235 1407/63/227 1256/33/76 1322/32/142
f 1347/61/167 1415/60/235 1322/32/142 1220/31/40
f 1259/64/79 1320/65/140 1416/66/236 1393/67/213
f 1320/65/140 1219/68/39 1307/69/127 1416/66/236
f 1416/66/236 1307/69/127 1221/70/41 1321/71/141
f 1393/67/213 1416/66/236 1321/71/141 1255/72/75
f 1260/73/80 1396/74/216 1417/75/237 1341/76/161
f 1396/74/216 1252/19/72 1338/22/158 1417/75/237
f 1417/75/237 1338/22/158 1208/24/28 1325/77/145
f 1341/76/161 1417/75/237 1325/77/145 1216/78/36
f 1198/79/18 1333/80/153 1418/81/238 1283/82/103
f 1333/80/153 1182/83/2 1262/84/82 1418/81/238
f 1418/81/238 1262/84/82 1183/85/3 1335/86/155
f 1283/82/103 1418/81/238 1335/86/155 1201/87/21
f 1212/88/32 1346/89/166 1419/90/239 1305/91/125
f 1346/89/166 1234/92/54 1361/93/181 1419/90/239
f 1419/90/239 1361/93/181 1238/47/58 1345/44/165
f 1305/91/125 1419/90/239 1345/44/165 1211/43/31
f 1195/94/15 1272/95/297 1420/96/240 1330/97/150
f 1272/95/297 1193/5/13 1331/2/151 1420/96/240
f 1420/96/240 1331/2/151 1186/1/6 1269/98/89
f 1330/97/150 1420/96/240 1269/98/89 1181/99/1
f 1201/87/21 1335/86/155 1421/100/241 1288/101/108
f 1335/86/155 1183/85/3 1263/102/83 1421/100/241
f 1421/100/241 1263/102/83 1184/103/4 1337/104/157
f 1288/101/108 1421/100/241 1337/104/157 1204/105/24
f 1204/105/24 1337/104/157 1422/106/242 1293/107/113
f 1337/104/157 1184/103/4 1264/108/84 1422/106/242
f 1422/106/242 1264/108/84 1185/38/5 1339/35/159
f 1293/107/113 1422/106/242 1339/35/159 1207/34/27
f 1195/94/15 1330/97/150 1423/109/243 1278/110/98
f 1330/97/150 1181/99/1 1261/111/81 1423/109/243
f 1423/109/243 1261/111/81 1182/83/2 1333/80/153
f 1278/110/98 1423/109/243 1333/80/153 1198/79/18
f 1246/14/66 1374/112/194 1424/113/244 1334/15/154
f 1374/112/194 1243/114/63 1344/115/164 1424/113/244
f 1424/113/244 1344/115/164 1199/116/19 1287/117/107
f 1334/15/154 1424/113/244 1287/117/107 1202/16/22
f 1191/118/11 1348/119/168 1425/120/245 1268/121/88
f 1348/119/168 1223/122/43 1318/123/138 1425/120/245
f 1425/120/245 1318/123/138 1217/42/37 1340/41/160
f 1268/121/88 1425/120/245 1340/41/160 1190/40/10
f 1189/58/9 1347/61/167 1426/124/246 1267/125/87
f 1347/61/167 1220/31/40 1313/126/133 1426/124/246
f 1426/124/246 1313/126/133 1223/127/43 1348/128/168
f 1267/125/87 1426/124/246 1348/128/168 1191/129/11
f 1193/5/13 1272/95/297 1427/130/247 1271/131/91
f 1272/95/297 1195/94/15 1273/132/93 1427/130/247
f 1427/130/247 1273/132/93 1197/133/17 1274/134/298
f 1271/131/91 1427/130/247 1274/134/298 1194/135/14
f 1194/136/14 1274/137/298 1428/138/248 1275/139/95
f 1274/137/298 1197/140/17 1276/141/96 1428/138/248
f 1428/138/248 1276/141/96 1196/142/16 1277/143/97
f 1275/139/95 1428/138/248 1277/143/97 1192/144/12
f 1195/94/15 1278/110/98 1429/145/249 1273/132/93
f 1278/110/98 1198/79/18 1279/146/99 1429/145/249
f 1429/145/249 1279/146/99 1200/147/20 1280/148/299
f 1273/132/93 1429/145/249 1280/148/299 1197/133/17
f 1197/140/17 1280/149/299 1430/150/250 1276/141/96
f 1280/149/299 1200/151/20 1281/152/101 1430/150/250
f 1430/150/250 1281/152/101 1199/116/19 1282/153/102
f 1276/141/96 1430/150/250 1282/153/102 1196/142/16
f 1198/79/18 1283/82/103 1431/154/251 1279/146/99
f 1283/82/103 1201/87/21 1284/155/104 1431/154/251
f 1431/154/251 1284/155/104 1203/156/23 1285/157/300
f 1279/146/99 1431/154/251 1285/157/300 1200/147/20
f 1200/151/20 1285/158/300 1432/159/252 1281/152/101
f 1285/158/300 1203/160/23 1286/161/106 1432/159/252
f 1432/159/252 1286/161/106 1202/16/22 1287/117/107
f 1281/152/101 1432/159/252 1287/117/107 1199/116/19
f 1201/87/21 1288/101/108 1433/162/253 1284/155/104
f 1288/101/108 1204/105/24 1289/163/109 1433/162/253
f 1433/162/253 1289/163/109 1206/164/26 1290/165/301
f 1284/155/104 1433/162/253 1290/165/301 1203/156/23
f 1203/160/23 1290/166/301 1434/167/254 1286/161/106
f 1290/166/301 1206/168/26 1291/169/111 1434/167/254
f 1434/167/254 1291/169/111 1205/18/25 1292/17/112
f 1286/161/106 1434/167/254 1292/17/112 1202/16/22
f 1204/105/24 1293/107/113 1435/170/255 1289/163/109
f 1293/107/113 1207/34/27 1294/171/114 1435/170/255
f 1435/170/255 1294/171/114 1209/172/29 1295/173/302
f 1289/163/109 1435/170/255 1295/173/302 1206/164/26
f 1206/168/26 1295/174/302 1436/175/256 1291/169/111
f 1295/174/302 1209/176/29 1296/177/116 1436/175/256
f 1436/175/256 1296/177/116 1208/24/28 1297/23/117
f 1291/169/111 1436/175/256 1297/23/117 1205/18/25
f 1192/144/12 1329/178/149 1437/179/257 1326/180/146
f 1236/181/56 1358/182/178 1437/179/257 1329/178/149
f 1235/183/55 1319/184/139 1437/179/257 1358/182/178
f 1210/185/30 1301/186/121 1437/179/257 1319/184/139
f 1213/187/33 1326/180/146 1437/179/257 1301/186/121
f 1199/116/19 1344/115/164 1438/188/258 1282/153/102
f 1344/115/164 1243/114/63 1369/189/189 1438/188/258
f 1438/188/258 1369/189/189 1240/190/60 1342/191/162
f 1282/153/102 1438/188/258 1342/191/162 1196/142/16
f 1259/64/79 1395/192/215 1439/193/259 1320/65/140
f 1260/73/80 1341/76/161 1439/193/259 1395/192/215
f 1216/78/36 1314/194/134 1439/193/259 1341/76/161
f 1222/195/42 1308/196/128 1439/193/259 1314/194/134
f 1219/68/39 1320/65/140 1439/193/259 1308/196/128
f 1196/142/16 1342/191/162 1440/197/260 1277/143/97
f 1342/191/162 1240/190/60 1364/198/184 1440/197/260
f 1440/197/260 1364/198/184 1236/181/56 1329/178/149
f 1277/143/97 1440/197/260 1329/178/149 1192/144/12
f 1213/187/33 1301/186/121 1441/199/261 1300/200/120
f 1301/186/121 1210/185/30 1302/201/122 1441/199/261
f 1441/199/261 1302/201/122 1212/202/32 1303/203/123
f 1300/200/120 1441/199/261 1303/203/123 1215/204/296
f 1215/205/296 1303/206/123 1442/207/262 1304/208/124
f 1303/206/123 1212/88/32 1305/91/125 1442/207/262
f 1442/207/262 1305/91/125 1211/43/31 1306/57/126
f 1304/208/124 1442/207/262 1306/57/126 1214/56/34
f 1219/68/39 1308/196/128 1443/209/263 1307/69/127
f 1308/196/128 1222/195/42 1309/210/129 1443/209/263
f 1443/209/263 1309/210/129 1224/211/305 1310/212/130
f 1307/69/127 1443/209/263 1310/212/130 1221/70/41
f 1221/29/41 1310/213/130 1444/214/264 1311/30/131
f 1310/213/130 1224/215/305 1312/216/132 1444/214/264
f 1444/214/264 1312/216/132 1223/127/43 1313/126/133
f 1311/30/131 1444/214/264 1313/126/133 1220/31/40
f 1222/195/42 1314/194/134 1445/217/265 1309/210/129
f 1314/194/134 1216/78/36 1315/218/135 1445/217/265
f 1445/217/265 1315/218/135 1218/219/38 1316/220/136
f 1309/210/129 1445/217/265 1316/220/136 1224/211/305
f 1224/221/305 1316/222/136 1446/223/266 1312/224/132
f 1316/222/136 1218/225/38 1317/226/137 1446/223/266
f 1446/223/266 1317/226/137 1217/42/37 1318/123/138
f 1312/224/132 1446/223/266 1318/123/138 1223/122/43
f 1207/34/27 1323/37/303 1447/227/267 1294/171/114
f 1323/37/303 1217/42/37 1317/226/137 1447/227/267
f 1447/227/267 1317/226/137 1218/225/38 1324/228/304
f 1294/171/114 1447/227/267 1324/228/304 1209/172/29
f 1209/176/29 1324/229/304 1448/230/268 1296/177/116
f 1324/229/304 1218/219/38 1315/218/135 1448/230/268
f 1448/230/268 1315/218/135 1216/78/36 1325/77/145
f 1296/177/116 1448/230/268 1325/77/145 1208/24/28
f 1192/144/12 1326/180/146 1449/231/269 1275/139/95
f 1326/180/146 1213/187/33 1300/200/120 1449/231/269
f 1449/231/269 1300/200/120 1215/204/296 1327/232/147
f 1275/139/95 1449/231/269 1327/232/147 1194/136/14
f 1194/135/14 1327/233/147 1450/234/270 1271/131/91
f 1327/233/147 1215/235/296 1304/236/124 1450/234/270
f 1450/234/270 1304/236/124 1214/7/34 1328/6/148
f 1271/131/91 1450/234/270 1328/6/148 1193/5/13
f 1242/237/62 1401/238/221 1451/239/271 1368/240/188
f 1401/238/221 1227/241/47 1350/242/170 1451/239/271
f 1451/239/271 1350/242/170 1226/243/46 1399/244/219
f 1368/240/188 1451/239/271 1399/244/219 1239/245/59
f 1242/237/62 1373/246/193 1452/247/272 1401/238/221
f 1373/246/193 1245/248/65 1402/249/222 1452/247/272
f 1452/247/272 1402/249/222 1228/250/48 1351/251/171
f 1401/238/221 1452/247/272 1351/251/171 1227/241/47
f 1245/248/65 1378/252/198 1453/253/273 1402/249/222
f 1378/252/198 1248/254/68 1403/255/223 1453/253/273
f 1453/253/273 1403/255/223 1229/256/49 1352/257/172
f 1402/249/222 1453/253/273 1352/257/172 1228/250/48
f 1248/258/68 1383/259/203 1454/260/274 1403/261/223
f 1383/259/203 1251/262/71 1404/263/224 1454/260/274
f 1454/260/274 1404/263/224 1230/264/50 1353/265/173
f 1403/261/223 1454/260/274 1353/265/173 1229/266/49
f 1251/262/71 1388/267/208 1455/268/275 1404/263/224
f 1388/267/208 1254/269/74 1405/270/225 1455/268/275
f 1455/268/275 1405/270/225 1231/271/51 1354/272/174
f 1404/263/224 1455/268/275 1354/272/174 1230/264/50
f 1254/269/74 1398/273/218 1456/274/276 1405/270/225
f 1398/273/218 1257/275/77 1406/276/226 1456/274/276
f 1456/274/276 1406/276/226 1232/277/52 1355/278/175
f 1405/270/225 1456/274/276 1355/278/175 1231/271/51
f 1232/277/52 1406/276/226 1457/279/277 1356/280/176
f 1406/276/226 1257/275/77 1390/281/210 1457/279/277
f 1457/279/277 1390/281/210 1256/33/76 1407/63/227
f 1356/280/176 1457/279/277 1407/63/227 1233/62/53
f 1239/245/59 1399/244/219 1458/282/278 1363/283/183
f 1399/244/219 1226/243/46 1349/284/169 1458/282/278
f 1458/282/278 1349/284/169 1225/49/45 1400/48/220
f 1363/283/183 1458/282/278 1400/48/220 1238/47/58
f 1235/183/55 1358/182/178 1459/285/279 1357/286/177
f 1358/182/178 1236/181/56 1359/287/179 1459/285/279
f 1459/285/279 1359/287/179 1237/288/57 1360/289/180
f 1357/286/177 1459/285/279 1360/289/180 1234/290/54
f 1234/92/54 1360/291/180 1460/292/280 1361/93/181
f 1360/291/180 1237/293/57 1362/294/182 1460/292/280
f 1460/292/280 1362/294/182 1239/245/59 1363/283/183
f 1361/93/181 1460/292/280 1363/283/183 1238/47/58
f 1236/181/56 1364/198/184 1461/295/281 1359/287/179
f 1364/198/184 1240/190/60 1365/296/185 1461/295/281
f 1461/295/281 1365/296/185 1241/297/61 1366/298/186
f 1359/287/179 1461/295/281 1366/298/186 1237/288/57
f 1237/293/57 1366/299/186 1462/300/282 1362/294/182
f 1366/299/186 1241/301/61 1367/302/187 1462/300/282
f 1462/300/282 1367/302/187 1242/237/62 1368/240/188
f 1362/294/182 1462/300/282 1368/240/188 1239/245/59
f 1240/190/60 1369/189/189 1463/303/283 1365/296/185
f 1369/189/189 1243/114/63 1370/304/190 1463/303/283
f 1463/303/283 1370/304/190 1244/305/64 1371/306/191
f 1365/296/185 1463/303/283 1371/306/191 1241/297/61
f 1241/301/61 1371/307/191 1464/308/284 1367/302/187
f 1371/307/191 1244/309/64 1372/310/192 1464/308/284
f 1464/308/284 1372/310/192 1245/248/65 1373/246/193
f 1367/302/187 1464/308/284 1373/246/193 1242/237/62
f 1243/114/63 1374/112/194 1465/311/285 1370/304/190
f 1374/112/194 1246/14/66 1375/312/195 1465/311/285
f 1465/311/285 1375/312/195 1247/313/67 1376/314/196
f 1370/304/190 1465/311/285 1376/314/196 1244/305/64
f 1244/309/64 1376/315/196 1466/316/286 1372/310/192
f 1376/315/196 1247/317/67 1377/318/197 1466/316/286
f 1466/316/286 1377/318/197 1248/254/68 1378/252/198
f 1372/310/192 1466/316/286 1378/252/198 1245/248/65
f 1246/14/66 1379/11/199 1467/319/287 1375/312/195
f 1379/11/199 1249/10/69 1380/320/200 1467/319/287
f 1467/319/287 1380/320/200 1250/321/70 1381/322/201
f 1375/312/195 1467/319/287 1381/322/201 1247/313/67
f 1247/323/67 1381/324/201 1468/325/288 1377/326/197
f 1381/324/201 1250/327/70 1382/328/202 1468/325/288
f 1468/325/288 1382/328/202 1251/262/71 1383/259/203
f 1377/326/197 1468/325/288 1383/259/203 1248/258/68
f 1249/10/69 1384/20/204 1469/329/289 1380/320/200
f 1384/20/204 1252/19/72 1385/330/205 1469/329/289
f 1469/329/289 1385/330/205 1253/331/73 1386/332/206
f 1380/320/200 1469/329/289 1386/332/206 1250/321/70
f 1250/327/70 1386/333/206 1470/334/290 1382/328/202
f 1386/333/206 1253/335/73 1387/336/207 1470/334/290
f 1470/334/290 1387/336/207 1254/269/74 1388/267/208
f 1382/328/202 1470/334/290 1388/267/208 1251/262/71
f 1256/33/76 1390/281/210 1471/337/291 1389/28/209
f 1390/281/210 1257/275/77 1391/338/211 1471/337/291
f 1471/337/291 1391/338/211 1258/339/78 1392/340/212
f 1389/28/209 1471/337/291 1392/340/212 1255/25/75
f 1255/72/75 1392/341/212 1472/342/292 1393/67/213
f 1392/341/212 1258/343/78 1394/344/214 1472/342/292
f 1472/342/292 1394/344/214 1260/73/80 1395/192/215
f 1393/67/213 1472/342/292 1395/192/215 1259/64/79
f 1252/19/72 1396/74/216 1473/345/293 1385/330/205
f 1396/74/216 1260/73/80 1394/344/214 1473/345/293
f 1473/345/293 1394/344/214 1258/343/78 1397/346/217
f 1385/330/205 1473/345/293 1397/346/217 1253/331/73
f 1253/335/73 1397/347/217 1474/348/294 1387/336/207
f 1397/347/217 1258/339/78 1391/338/211 1474/348/294
f 1474/348/294 1391/338/211 1257/275/77 1398/273/218
f 1387/336/207 1474/348/294 1398/273/218 1254/269/74
f 1210/185/30 1319/184/139 1475/349/295 1302/201/122
f 1319/184/139 1235/183/55 1357/286/177 1475/349/295
f 1475/349/295 1357/286/177 1234/290/54 1346/350/166
f 1302/201/122 1475/349/295 1346/350/166 1212/202/32
f 1481/1/306 1626/2/151 1703/3/228 1560/4/85
f 1626/2/151 1488/5/13 1623/6/148 1703/3/228
f 1703/3/228 1623/6/148 1509/7/34 1627/8/152
f 1560/4/85 1703/3/228 1627/8/152 1483/9/8
f 1544/10/69 1674/11/199 1704/12/229 1631/13/156
f 1674/11/199 1541/14/66 1629/15/154 1704/12/229
f 1704/12/229 1629/15/154 1497/16/22 1587/17/112
f 1631/13/156 1704/12/229 1587/17/112 1500/18/25
f 1547/19/72 1679/20/204 1705/21/230 1633/22/158
f 1679/20/204 1544/10/69 1631/13/156 1705/21/230
f 1705/21/230 1631/13/156 1500/18/25 1592/23/117
f 1633/22/158 1705/21/230 1592/23/117 1503/24/28
f 1550/25/75 1616/26/141 1706/27/231 1684/28/209
f 1616/26/141 1516/29/41 1606/30/131 1706/27/231
f 1706/27/231 1606/30/131 1515/31/40 1617/32/142
f 1684/28/209 1706/27/231 1617/32/142 1551/33/76
f 1502/34/27 1634/35/159 1707/36/232 1618/37/303
f 1634/35/159 1480/38/5 1565/39/90 1707/36/232
f 1707/36/232 1565/39/90 1485/40/307 1635/41/160
f 1618/37/303 1707/36/232 1635/41/160 1512/42/37
f 1506/43/31 1640/44/165 1708/45/233 1638/46/163
f 1640/44/165 1533/47/58 1695/48/220 1708/45/233
f 1708/45/233 1695/48/220 1520/49/45 1594/50/119
f 1638/46/163 1708/45/233 1594/50/119 1482/51/7
f 1483/52/8 1627/53/152 1709/54/234 1561/55/86
f 1627/53/152 1509/56/34 1601/57/126 1709/54/234
f 1709/54/234 1601/57/126 1506/43/31 1638/46/163
f 1561/55/86 1709/54/234 1638/46/163 1482/51/7
f 1484/58/9 1593/59/118 1710/60/235 1642/61/167
f 1593/59/118 1528/62/53 1702/63/227 1710/60/235
f 1710/60/235 1702/63/227 1551/33/76 1617/32/142
f 1642/61/167 1710/60/235 1617/32/142 1515/31/40
f 1554/64/79 1615/65/140 1711/66/236 1688/67/213
f 1615/65/140 1514/68/39 1602/69/127 1711/66/236
f 1711/66/236 1602/69/127 1516/70/41 1616/71/141
f 1688/67/213 1711/66/236 1616/71/141 1550/72/75
f 1555/73/80 1691/74/216 1712/75/237 1636/76/161
f 1691/74/216 1547/19/72 1633/22/158 1712/75/237
f 1712/75/237 1633/22/158 1503/24/28 1620/77/145
f 1636/76/161 1712/75/237 1620/77/145 1511/78/36
f 1493/79/18 1628/80/153 1713/81/238 1578/82/103
f 1628/80/153 1477/83/2 1557/84/82 1713/81/238
f 1713/81/238 1557/84/82 1478/85/3 1630/86/155
f 1578/82/103 1713/81/238 1630/86/155 1496/87/21
f 1507/88/32 1641/89/166 1714/90/239 1600/91/125
f 1641/89/166 1529/92/54 1656/93/181 1714/90/239
f 1714/90/239 1656/93/181 1533/47/58 1640/44/165
f 1600/91/125 1714/90/239 1640/44/165 1506/43/31
f 1490/94/15 1567/95/297 1715/96/240 1625/97/150
f 1567/95/297 1488/5/13 1626/2/151 1715/96/240
f 1715/96/240 1626/2/151 1481/1/306 1564/98/89
f 1625/97/150 1715/96/240 1564/98/89 1476/99/1
f 1496/87/21 1630/86/155 1716/100/241 1583/101/108
f 1630/86/155 1478/85/3 1558/102/83 1716/100/241
f 1716/100/241 1558/102/83 1479/103/4 1632/104/157
f 1583/101/108 1716/100/241 1632/104/157 1499/105/24
f 1499/105/24 1632/104/157 1717/106/242 1588/107/113
f 1632/104/157 1479/103/4 1559/108/84 1717/106/242
f 1717/106/242 1559/108/84 1480/38/5 1634/35/159
f 1588/107/113 1717/106/242 1634/35/159 1502/34/27
f 1490/94/15 1625/97/150 1718/109/243 1573/110/98
f 1625/97/150 1476/99/1 1556/111/81 1718/109/243
f 1718/109/243 1556/111/81 1477/83/2 1628/80/153
f 1573/110/98 1718/109/243 1628/80/153 1493/79/18
f 1541/14/66 1669/112/194 1719/113/244 1629/15/154
f 1669/112/194 1538/114/63 1639/115/164 1719/113/244
f 1719/113/244 1639/115/164 1494/116/19 1582/117/107
f 1629/15/154 1719/113/244 1582/117/107 1497/16/22
f 1486/118/11 1643/119/168 1720/120/245 1563/121/88
f 1643/119/168 1518/122/43 1613/123/138 1720/120/245
f 1720/120/245 1613/123/138 1512/42/37 1635/41/160
f 1563/121/88 1720/120/245 1635/41/160 1485/40/307
f 1484/58/9 1642/61/167 1721/124/246 1562/125/87
f 1642/61/167 1515/31/40 1608/126/133 1721/124/246
f 1721/124/246 1608/126/133 1518/127/43 1643/128/168
f 1562/125/87 1721/124/246 1643/128/168 1486/129/11
f 1488/5/13 1567/95/297 1722/130/308 1566/131/91
f 1567/95/297 1490/94/15 1568/132/93 1722/130/308
f 1722/130/308 1568/132/93 1492/133/17 1569/134/94
f 1566/131/91 1722/130/308 1569/134/94 1489/135/14
f 1489/136/14 1569/137/94 1723/138/248 1570/139/95
f 1569/137/94 1492/140/17 1571/141/96 1723/138/248
f 1723/138/248 1571/141/96 1491/142/16 1572/143/97
f 1570/139/95 1723/138/248 1572/143/97 1487/144/12
f 1490/94/15 1573/110/98 1724/145/249 1568/132/93
f 1573/110/98 1493/79/18 1574/146/99 1724/145/249
f 1724/145/249 1574/146/99 1495/147/20 1575/148/299
f 1568/132/93 1724/145/249 1575/148/299 1492/133/17
f 1492/140/17 1575/149/299 1725/150/250 1571/141/96
f 1575/149/299 1495/151/20 1576/152/101 1725/150/250
f 1725/150/250 1576/152/101 1494/116/19 1577/153/102
f 1571/141/96 1725/150/250 1577/153/102 1491/142/16
f 1493/79/18 1578/82/103 1726/154/251 1574/146/99
f 1578/82/103 1496/87/21 1579/155/104 1726/154/251
f 1726/154/251 1579/155/104 1498/156/23 1580/157/300
f 1574/146/99 1726/154/251 1580/157/300 1495/147/20
f 1495/151/20 1580/158/300 1727/159/252 1576/152/101
f 1580/158/300 1498/160/23 1581/161/106 1727/159/252
f 1727/159/252 1581/161/106 1497/16/22 1582/117/107
f 1576/152/101 1727/159/252 1582/117/107 1494/116/19
f 1496/87/21 1583/101/108 1728/162/253 1579/155/104
f 1583/101/108 1499/105/24 1584/163/109 1728/162/253
f 1728/162/253 1584/163/109 1501/164/26 1585/165/301
f 1579/155/104 1728/162/253 1585/165/301 1498/156/23
f 1498/160/23 1585/166/301 1729/167/254 1581/161/106
f 1585/166/301 1501/168/26 1586/169/111 1729/167/254
f 1729/167/254 1586/169/111 1500/18/25 1587/17/112
f 1581/161/106 1729/167/254 1587/17/112 1497/16/22
f 1499/105/24 1588/107/113 1730/170/255 1584/163/109
f 1588/107/113 1502/34/27 1589/171/114 1730/170/255
f 1730/170/255 1589/171/114 1504/172/29 1590/173/302
f 1584/163/109 1730/170/255 1590/173/302 1501/164/26
f 1501/168/26 1590/174/302 1731/175/256 1586/169/111
f 1590/174/302 1504/176/29 1591/177/116 1731/175/256
f 1731/175/256 1591/177/116 1503/24/28 1592/23/117
f 1586/169/111 1731/175/256 1592/23/117 1500/18/25
f 1487/144/12 1624/178/149 1732/179/257 1621/180/146
f 1531/181/56 1653/182/178 1732/179/257 1624/178/149
f 1530/183/55 1614/184/139 1732/179/257 1653/182/178
f 1505/185/30 1596/186/121 1732/179/257 1614/184/139
f 1508/187/33 1621/180/146 1732/179/257 1596/186/121
f 1494/116/19 1639/115/164 1733/188/258 1577/153/102
f 1639/115/164 1538/114/63 1664/189/189 1733/188/258
f 1733/188/258 1664/189/189 1535/190/60 1637/191/162
f 1577/153/102 1733/188/258 1637/191/162 1491/142/16
f 1554/64/79 1690/192/215 1734/193/259 1615/65/140
f 1555/73/80 1636/76/161 1734/193/259 1690/192/215
f 1511/78/36 1609/194/134 1734/193/259 1636/76/161
f 1517/195/42 1603/196/128 1734/193/259 1609/194/134
f 1514/68/39 1615/65/140 1734/193/259 1603/196/128
f 1491/142/16 1637/191/162 1735/197/260 1572/143/97
f 1637/191/162 1535/190/60 1659/198/184 1735/197/260
f 1735/197/260 1659/198/184 1531/181/56 1624/178/149
f 1572/143/97 1735/197/260 1624/178/149 1487/144/12
f 1508/187/33 1596/186/121 1736/199/261 1595/200/120
f 1596/186/121 1505/185/30 1597/201/122 1736/199/261
f 1736/199/261 1597/201/122 1507/202/32 1598/203/123
f 1595/200/120 1736/199/261 1598/203/123 1510/204/35
f 1510/205/35 1598/206/123 1737/207/262 1599/208/124
f 1598/206/123 1507/88/32 1600/91/125 1737/207/262
f 1737/207/262 1600/91/125 1506/43/31 1601/57/126
f 1599/208/124 1737/207/262 1601/57/126 1509/56/34
f 1514/68/39 1603/196/128 1738/209/263 1602/69/127
f 1603/196/128 1517/195/42 1604/210/129 1738/209/263
f 1738/209/263 1604/210/129 1519/211/44 1605/212/130
f 1602/69/127 1738/209/263 1605/212/130 1516/70/41
f 1516/29/41 1605/213/130 1739/214/264 1606/30/131
f 1605/213/130 1519/215/44 1607/216/132 1739/214/264
f 1739/214/264 1607/216/132 1518/127/43 1608/126/133
f 1606/30/131 1739/214/264 1608/126/133 1515/31/40
f 1517/195/42 1609/194/134 1740/217/265 1604/210/129
f 1609/194/134 1511/78/36 1610/218/135 1740/217/265
f 1740/217/265 1610/218/135 1513/219/38 1611/220/136
f 1604/210/129 1740/217/265 1611/220/136 1519/211/44
f 1519/221/44 1611/222/136 1741/223/266 1607/224/132
f 1611/222/136 1513/225/38 1612/226/137 1741/223/266
f 1741/223/266 1612/226/137 1512/42/37 1613/123/138
f 1607/224/132 1741/223/266 1613/123/138 1518/122/43
f 1502/34/27 1618/37/303 1742/227/309 1589/171/114
f 1618/37/303 1512/42/37 1612/226/137 1742/227/309
f 1742/227/309 1612/226/137 1513/225/38 1619/228/144
f 1589/171/114 1742/227/309 1619/228/144 1504/172/29
f 1504/176/29 1619/229/144 1743/230/268 1591/177/116
f 1619/229/144 1513/219/38 1610/218/135 1743/230/268
f 1743/230/268 1610/218/135 1511/78/36 1620/77/145
f 1591/177/116 1743/230/268 1620/77/145 1503/24/28
f 1487/144/12 1621/180/146 1744/231/269 1570/139/95
f 1621/180/146 1508/187/33 1595/200/120 1744/231/269
f 1744/231/269 1595/200/120 1510/204/35 1622/232/147
f 1570/139/95 1744/231/269 1622/232/147 1489/136/14
f 1489/135/14 1622/233/147 1745/234/270 1566/131/91
f 1622/233/147 1510/235/35 1599/236/124 1745/234/270
f 1745/234/270 1599/236/124 1509/7/34 1623/6/148
f 1566/131/91 1745/234/270 1623/6/148 1488/5/13
f 1537/237/62 1696/238/221 1746/239/271 1663/240/188
f 1696/238/221 1522/241/47 1645/242/170 1746/239/271
f 1746/239/271 1645/242/170 1521/243/46 1694/244/219
f 1663/240/188 1746/239/271 1694/244/219 1534/245/59
f 1537/237/62 1668/246/193 1747/247/272 1696/238/221
f 1668/246/193 1540/248/65 1697/249/222 1747/247/272
f 1747/247/272 1697/249/222 1523/250/48 1646/251/171
f 1696/238/221 1747/247/272 1646/251/171 1522/241/47
f 1540/248/65 1673/252/198 1748/253/273 1697/249/222
f 1673/252/198 1543/254/68 1698/255/223 1748/253/273
f 1748/253/273 1698/255/223 1524/256/49 1647/257/172
f 1697/249/222 1748/253/273 1647/257/172 1523/250/48
f 1543/258/68 1678/259/203 1749/260/274 1698/261/223
f 1678/259/203 1546/262/71 1699/263/224 1749/260/274
f 1749/260/274 1699/263/224 1525/264/50 1648/265/173
f 1698/261/223 1749/260/274 1648/265/173 1524/266/49
f 1546/262/71 1683/267/208 1750/268/275 1699/263/224
f 1683/267/208 1549/269/74 1700/270/225 1750/268/275
f 1750/268/275 1700/270/225 1526/271/51 1649/272/174
f 1699/263/224 1750/268/275 1649/272/174 1525/264/50
f 1549/269/74 1693/273/218 1751/274/276 1700/270/225
f 1693/273/218 1552/275/77 1701/276/226 1751/274/276
f 1751/274/276 1701/276/226 1527/277/52 1650/278/175
f 1700/270/225 1751/274/276 1650/278/175 1526/271/51
f 1527/277/52 1701/276/226 1752/279/277 1651/280/176
f 1701/276/226 1552/275/77 1685/281/210 1752/279/277
f 1752/279/277 1685/281/210 1551/33/76 1702/63/227
f 1651/280/176 1752/279/277 1702/63/227 1528/62/53
f 1534/245/59 1694/244/219 1753/282/278 1658/283/183
f 1694/244/219 1521/243/46 1644/284/169 1753/282/278
f 1753/282/278 1644/284/169 1520/49/45 1695/48/220
f 1658/283/183 1753/282/278 1695/48/220 1533/47/58
f 1530/183/55 1653/182/178 1754/285/279 1652/286/177
f 1653/182/178 1531/181/56 1654/287/179 1754/285/279
f 1754/285/279 1654/287/179 1532/288/57 1655/289/180
f 1652/286/177 1754/285/279 1655/289/180 1529/290/54
f 1529/92/54 1655/291/180 1755/292/280 1656/93/181
f 1655/291/180 1532/293/57 1657/294/182 1755/292/280
f 1755/292/280 1657/294/182 1534/245/59 1658/283/183
f 1656/93/181 1755/292/280 1658/283/183 1533/47/58
f 1531/181/56 1659/198/184 1756/295/281 1654/287/179
f 1659/198/184 1535/190/60 1660/296/185 1756/295/281
f 1756/295/281 1660/296/185 1536/297/61 1661/298/186
f 1654/287/179 1756/295/281 1661/298/186 1532/288/57
f 1532/293/57 1661/299/186 1757/300/282 1657/294/182
f 1661/299/186 1536/301/61 1662/302/187 1757/300/282
f 1757/300/282 1662/302/187 1537/237/62 1663/240/188
f 1657/294/182 1757/300/282 1663/240/188 1534/245/59
f 1535/190/60 1664/189/189 1758/303/283 1660/296/185
f 1664/189/189 1538/114/63 1665/304/190 1758/303/283
f 1758/303/283 1665/304/190 1539/305/64 1666/306/191
f 1660/296/185 1758/303/283 1666/306/191 1536/297/61
f 1536/301/61 1666/307/191 1759/308/284 1662/302/187
f 1666/307/191 1539/309/64 1667/310/192 1759/308/284
f 1759/308/284 1667/310/192 1540/248/65 1668/246/193
f 1662/302/187 1759/308/284 1668/246/193 1537/237/62
f 1538/114/63 1669/112/194 1760/311/285 1665/304/190
f 1669/112/194 1541/14/66 1670/312/195 1760/311/285
f 1760/311/285 1670/312/195 1542/313/67 1671/314/196
f 1665/304/190 1760/311/285 1671/314/196 1539/305/64
f 1539/309/64 1671/315/196 1761/316/286 1667/310/192
f 1671/315/196 1542/317/67 1672/318/197 1761/316/286
f 1761/316/286 1672/318/197 1543/254/68 1673/252/198
f 1667/310/192 1761/316/286 1673/252/198 1540/248/65
f 1541/14/66 1674/11/199 1762/319/287 1670/312/195
f 1674/11/199 1544/10/69 1675/320/200 1762/319/287
f 1762/319/287 1675/320/200 1545/321/70 1676/322/201
f 1670/312/195 1762/319/287 1676/322/201 1542/313/67
f 1542/323/67 1676/324/201 1763/325/288 1672/326/197
f 1676/324/201 1545/327/70 1677/328/202 1763/325/288
f 1763/325/288 1677/328/202 1546/262/71 1678/259/203
f 1672/326/197 1763/325/288 1678/259/203 1543/258/68
f 1544/10/69 1679/20/204 1764/329/289 1675/320/200
f 1679/20/204 1547/19/72 1680/330/205 1764/329/289
f 1764/329/289 1680/330/205 1548/331/73 1681/332/206
f 1675/320/200 1764/329/289 1681/332/206 1545/321/70
f 1545/327/70 1681/333/206 1765/334/290 1677/328/202
f 1681/333/206 1548/335/73 1682/336/207 1765/334/290
f 1765/334/290 1682/336/207 1549/269/74 1683/267/208
f 1677/328/202 1765/334/290 1683/267/208 1546/262/71
f 1551/33/76 1685/281/210 1766/337/291 1684/28/209
f 1685/281/210 1552/275/77 1686/338/211 1766/337/291
f 1766/337/291 1686/338/211 1553/339/78 1687/340/212
f 1684/28/209 1766/337/291 1687/340/212 1550/25/75
f 1550/72/75 1687/341/212 1767/342/292 1688/67/213
f 1687/341/212 1553/343/78 1689/344/214 1767/342/292
f 1767/342/292 1689/344/214 1555/73/80 1690/192/215
f 1688/67/213 1767/342/292 1690/192/215 1554/64/79
f 1547/19/72 1691/74/216 1768/345/293 1680/330/205
f 1691/74/216 1555/73/80 1689/344/214 1768/345/293
f 1768/345/293 1689/344/214 1553/343/78 1692/346/217
f 1680/330/205 1768/345/293 1692/346/217 1548/331/73
f 1548/335/73 1692/347/217 1769/348/294 1682/336/207
f 1692/347/217 1553/339/78 1686/338/211 1769/348/294
f 1769/348/294 1686/338/211 1552/275/77 1693/273/218
f 1682/336/207 1769/348/294 1693/273/218 1549/269/74
f 1505/185/30 1614/184/139 1770/349/295 1597/201/122
f 1614/184/139 1530/183/55 1652/286/177 1770/349/295
f 1770/349/295 1652/286/177 1529/290/54 1641/350/166
f 1597/201/122 1770/349/295 1641/350/166 1507/202/32
f 1776/1/310 1921/2/151 1998/3/228 1855/4/85
f 1921/2/151 1783/5/13 1918/6/148 1998/3/228
f 1998/3/228 1918/6/148 1804/7/314 1922/8/152
f 1855/4/85 1998/3/228 1922/8/152 1778/9/311
f 1839/10/69 1969/11/199 1999/12/229 1926/13/156
f 1969/11/199 1836/14/66 1924/15/154 1999/12/229
f 1999/12/229 1924/15/154 1792/16/22 1882/17/112
f 1926/13/156 1999/12/229 1882/17/112 1795/18/25
f 1842/19/72 1974/20/204 2000/21/230 1928/22/158
f 1974/20/204 1839/10/69 1926/13/156 2000/21/230
f 2000/21/230 1926/13/156 1795/18/25 1887/23/117
f 1928/22/158 2000/21/230 1887/23/117 1798/24/28
f 1845/25/75 1911/26/141 2001/27/231 1979/28/209
f 1911/26/141 1811/29/41 1901/30/131 2001/27/231
f 2001/27/231 1901/30/131 1810/31/40 1912/32/142
f 1979/28/209 2001/27/231 1912/32/142 1846/33/76
f 1797/34/27 1929/35/159 2002/36/232 1913/37/143
f 1929/35/159 1775/38/5 1860/39/90 2002/36/232
f 2002/36/232 1860/39/90 1780/40/312 1930/41/160
f 1913/37/143 2002/36/232 1930/41/160 1807/42/37
f 1801/43/31 1935/44/165 2003/45/233 1933/46/163
f 1935/44/165 1828/47/58 1990/48/220 2003/45/233
f 2003/45/233 1990/48/220 1815/49/45 1889/50/119
f 1933/46/163 2003/45/233 1889/50/119 1777/51/7
f 1778/52/311 1922/53/152 2004/54/234 1856/55/86
f 1922/53/152 1804/56/314 1896/57/126 2004/54/234
f 2004/54/234 1896/57/126 1801/43/31 1933/46/163
f 1856/55/86 2004/54/234 1933/46/163 1777/51/7
f 1779/58/9 1888/59/118 2005/60/235 1937/61/167
f 1888/59/118 1823/62/53 1997/63/227 2005/60/235
f 2005/60/235 1997/63/227 1846/33/76 1912/32/142
f 1937/61/167 2005/60/235 1912/32/142 1810/31/40
f 1849/64/79 1910/65/140 2006/66/236 1983/67/213
f 1910/65/140 1809/68/39 1897/69/127 2006/66/236
f 2006/66/236 1897/69/127 1811/70/41 1911/71/141
f 1983/67/213 2006/66/236 1911/71/141 1845/72/75
f 1850/73/80 1986/74/216 2007/75/237 1931/76/161
f 1986/74/216 1842/19/72 1928/22/158 2007/75/237
f 2007/75/237 1928/22/158 1798/24/28 1915/77/145
f 1931/76/161 2007/75/237 1915/77/145 1806/78/36
f 1788/79/18 1923/80/153 2008/81/238 1873/82/103
f 1923/80/153 1772/83/2 1852/84/82 2008/81/238
f 2008/81/238 1852/84/82 1773/85/3 1925/86/155
f 1873/82/103 2008/81/238 1925/86/155 1791/87/21
f 1802/88/32 1936/89/166 2009/90/239 1895/91/125
f 1936/89/166 1824/92/54 1951/93/181 2009/90/239
f 2009/90/239 1951/93/181 1828/47/58 1935/44/165
f 1895/91/125 2009/90/239 1935/44/165 1801/43/31
f 1785/94/15 1862/95/92 2010/96/240 1920/97/150
f 1862/95/92 1783/5/13 1921/2/151 2010/96/240
f 2010/96/240 1921/2/151 1776/1/310 1859/98/89
f 1920/97/150 2010/96/240 1859/98/89 1771/99/1
f 1791/87/21 1925/86/155 2011/100/241 1878/101/108
f 1925/86/155 1773/85/3 1853/102/83 2011/100/241
f 2011/100/241 1853/102/83 1774/103/4 1927/104/157
f 1878/101/108 2011/100/241 1927/104/157 1794/105/24
f 1794/105/24 1927/104/157 2012/106/242 1883/107/113
f 1927/104/157 1774/103/4 1854/108/84 2012/106/242
f 2012/106/242 1854/108/84 1775/38/5 1929/35/159
f 1883/107/113 2012/106/242 1929/35/159 1797/34/27
f 1785/94/15 1920/97/150 2013/109/243 1868/110/98
f 1920/97/150 1771/99/1 1851/111/81 2013/109/243
f 2013/109/243 1851/111/81 1772/83/2 1923/80/153
f 1868/110/98 2013/109/243 1923/80/153 1788/79/18
f 1836/14/66 1964/112/194 2014/113/244 1924/15/154
f 1964/112/194 1833/114/63 1934/115/164 2014/113/244
f 2014/113/244 1934/115/164 1789/116/19 1877/117/107
f 1924/15/154 2014/113/244 1877/117/107 1792/16/22
f 1781/118/313 1938/119/168 2015/120/245 1858/121/88
f 1938/119/168 1813/122/315 1908/123/138 2015/120/245
f 2015/120/245 1908/123/138 1807/42/37 1930/41/160
f 1858/121/88 2015/120/245 1930/41/160 1780/40/312
f 1779/58/9 1937/61/167 2016/124/246 1857/125/87
f 1937/61/167 1810/31/40 1903/126/133 2016/124/246
f 2016/124/246 1903/126/133 1813/127/315 1938/128/168
f 1857/125/87 2016/124/246 1938/128/168 1781/129/313
f 1783/5/13 1862/95/92 2017/130/247 1861/131/91
f 1862/95/92 1785/94/15 1863/132/93 2017/130/247
f 2017/130/247 1863/132/93 1787/133/17 1864/134/94
f 1861/131/91 2017/130/247 1864/134/94 1784/135/14
f 1784/136/14 1864/137/94 2018/138/248 1865/139/95
f 1864/137/94 1787/140/17 1866/141/96 2018/138/248
f 2018/138/248 1866/141/96 1786/142/16 1867/143/97
f 1865/139/95 2018/138/248 1867/143/97 1782/144/12
f 1785/94/15 1868/110/98 2019/145/249 1863/132/93
f 1868/110/98 1788/79/18 1869/146/99 2019/145/249
f 2019/145/249 1869/146/99 1790/147/20 1870/148/100
f 1863/132/93 2019/145/249 1870/148/100 1787/133/17
f 1787/140/17 1870/149/100 2020/150/250 1866/141/96
f 1870/149/100 1790/151/20 1871/152/101 2020/150/250
f 2020/150/250 1871/152/101 1789/116/19 1872/153/102
f 1866/141/96 2020/150/250 1872/153/102 1786/142/16
f 1788/79/18 1873/82/103 2021/154/251 1869/146/99
f 1873/82/103 1791/87/21 1874/155/104 2021/154/251
f 2021/154/251 1874/155/104 1793/156/23 1875/157/105
f 1869/146/99 2021/154/251 1875/157/105 1790/147/20
f 1790/151/20 1875/158/105 2022/159/252 1871/152/101
f 1875/158/105 1793/160/23 1876/161/106 2022/159/252
f 2022/159/252 1876/161/106 1792/16/22 1877/117/107
f 1871/152/101 2022/159/252 1877/117/107 1789/116/19
f 1791/87/21 1878/101/108 2023/162/253 1874/155/104
f 1878/101/108 1794/105/24 1879/163/109 2023/162/253
f 2023/162/253 1879/163/109 1796/164/26 1880/165/110
f 1874/155/104 2023/162/253 1880/165/110 1793/156/23
f 1793/160/23 1880/166/110 2024/167/254 1876/161/106
f 1880/166/110 1796/168/26 1881/169/111 2024/167/254
f 2024/167/254 1881/169/111 1795/18/25 1882/17/112
f 1876/161/106 2024/167/254 1882/17/112 1792/16/22
f 1794/105/24 1883/107/113 2025/170/255 1879/163/109
f 1883/107/113 1797/34/27 1884/171/114 2025/170/255
f 2025/170/255 1884/171/114 1799/172/29 1885/173/115
f 1879/163/109 2025/170/255 1885/173/115 1796/164/26
f 1796/168/26 1885/174/115 2026/175/256 1881/169/111
f 1885/174/115 1799/176/29 1886/177/116 2026/175/256
f 2026/175/256 1886/177/116 1798/24/28 1887/23/117
f 1881/169/111 2026/175/256 1887/23/117 1795/18/25
f 1782/144/12 1919/178/149 2027/179/257 1916/180/146
f 1826/181/56 1948/182/178 2027/179/257 1919/178/149
f 1825/183/55 1909/184/139 2027/179/257 1948/182/178
f 1800/185/30 1891/186/121 2027/179/257 1909/184/139
f 1803/187/33 1916/180/146 2027/179/257 1891/186/121
f 1789/116/19 1934/115/164 2028/188/258 1872/153/102
f 1934/115/164 1833/114/63 1959/189/189 2028/188/258
f 2028/188/258 1959/189/189 1830/190/60 1932/191/162
f 1872/153/102 2028/188/258 1932/191/162 1786/142/16
f 1849/64/79 1985/192/215 2029/193/259 1910/65/140
f 1850/73/80 1931/76/161 2029/193/259 1985/192/215
f 1806/78/36 1904/194/134 2029/193/259 1931/76/161
f 1812/195/42 1898/196/128 2029/193/259 1904/194/134
f 1809/68/39 1910/65/140 2029/193/259 1898/196/128
f 1786/142/16 1932/191/162 2030/197/260 1867/143/97
f 1932/191/162 1830/190/60 1954/198/184 2030/197/260
f 2030/197/260 1954/198/184 1826/181/56 1919/178/149
f 1867/143/97 2030/197/260 1919/178/149 1782/144/12
f 1803/187/33 1891/186/121 2031/199/261 1890/200/120
f 1891/186/121 1800/185/30 1892/201/122 2031/199/261
f 2031/199/261 1892/201/122 1802/202/32 1893/203/123
f 1890/200/120 2031/199/261 1893/203/123 1805/204/35
f 1805/205/35 1893/206/123 2032/207/262 1894/208/316
f 1893/206/123 1802/88/32 1895/91/125 2032/207/262
f 2032/207/262 1895/91/125 1801/43/31 1896/57/126
f 1894/208/316 2032/207/262 1896/57/126 1804/56/314
f 1809/68/39 1898/196/128 2033/209/263 1897/69/127
f 1898/196/128 1812/195/42 1899/210/129 2033/209/263
f 2033/209/263 1899/210/129 1814/211/44 1900/212/130
f 1897/69/127 2033/209/263 1900/212/130 1811/70/41
f 1811/29/41 1900/213/130 2034/214/264 1901/30/131
f 1900/213/130 1814/215/44 1902/216/317 2034/214/264
f 2034/214/264 1902/216/317 1813/127/315 1903/126/133
f 1901/30/131 2034/214/264 1903/126/133 1810/31/40
f 1812/195/42 1904/194/134 2035/217/265 1899/210/129
f 1904/194/134 1806/78/36 1905/218/135 2035/217/265
f 2035/217/265 1905/218/135 1808/219/38 1906/220/136
f 1899/210/129 2035/217/265 1906/220/136 1814/211/44
f 1814/221/44 1906/222/136 2036/223/318 1902/224/317
f 1906/222/136 1808/225/38 1907/226/137 2036/223/318
f 2036/223/318 1907/226/137 1807/42/37 1908/123/138
f 1902/224/317 2036/223/318 1908/123/138 1813/122/315
f 1797/34/27 1913/37/143 2037/227/267 1884/171/114
f 1913/37/143 1807/42/37 1907/226/137 2037/227/267
f 2037/227/267 1907/226/137 1808/225/38 1914/228/144
f 1884/171/114 2037/227/267 1914/228/144 1799/172/29
f 1799/176/29 1914/229/144 2038/230/268 1886/177/116
f 1914/229/144 1808/219/38 1905/218/135 2038/230/268
f 2038/230/268 1905/218/135 1806/78/36 1915/77/145
f 1886/177/116 2038/230/268 1915/77/145 1798/24/28
f 1782/144/12 1916/180/146 2039/231/269 1865/139/95
f 1916/180/146 1803/187/33 1890/200/120 2039/231/269
f 2039/231/269 1890/200/120 1805/204/35 1917/232/147
f 1865/139/95 2039/231/269 1917/232/147 1784/136/14
f 1784/135/14 1917/233/147 2040/234/270 1861/131/91
f 1917/233/147 1805/235/35 1894/236/316 2040/234/270
f 2040/234/270 1894/236/316 1804/7/314 1918/6/148
f 1861/131/91 2040/234/270 1918/6/148 1783/5/13
f 1832/237/62 1991/238/221 2041/239/271 1958/240/188
f 1991/238/221 1817/241/47 1940/242/170 2041/239/271
f 2041/239/271 1940/242/170 1816/243/46 1989/244/219
f 1958/240/188 2041/239/271 1989/244/219 1829/245/59
f 1832/237/62 1963/246/193 2042/247/272 1991/238/221
f 1963/246/193 1835/248/65 1992/249/222 2042/247/272
f 2042/247/272 1992/249/222 1818/250/48 1941/251/171
f 1991/238/221 2042/247/272 1941/251/171 1817/241/47
f 1835/248/65 1968/252/198 2043/253/273 1992/249/222
f 1968/252/198 1838/254/68 1993/255/223 2043/253/273
f 2043/253/273 1993/255/223 1819/256/49 1942/257/172
f 1992/249/222 2043/253/273 1942/257/172 1818/250/48
f 1838/258/68 1973/259/203 2044/260/274 1993/261/223
f 1973/259/203 1841/262/71 1994/263/224 2044/260/274
f 2044/260/274 1994/263/224 1820/264/50 1943/265/173
f 1993/261/223 2044/260/274 1943/265/173 1819/266/49
f 1841/262/71 1978/267/208 2045/268/275 1994/263/224
f 1978/267/208 1844/269/74 1995/270/225 2045/268/275
f 2045/268/275 1995/270/225 1821/271/51 1944/272/174
f 1994/263/224 2045/268/275 1944/272/174 1820/264/50
f 1844/269/74 1988/273/218 2046/274/276 1995/270/225
f 1988/273/218 1847/275/77 1996/276/226 2046/274/276
f 2046/274/276 1996/276/226 1822/277/52 1945/278/175
f 1995/270/225 2046/274/276 1945/278/175 1821/271/51
f 1822/277/52 1996/276/226 2047/279/277 1946/280/176
f 1996/276/226 1847/275/77 1980/281/210 2047/279/277
f 2047/279/277 1980/281/210 1846/33/76 1997/63/227
f 1946/280/176 2047/279/277 1997/63/227 1823/62/53
f 1829/245/59 1989/244/219 2048/282/278 1953/283/183
f 1989/244/219 1816/243/46 1939/284/169 2048/282/278
f 2048/282/278 1939/284/169 1815/49/45 1990/48/220
f 1953/283/183 2048/282/278 1990/48/220 1828/47/58
f 1825/183/55 1948/182/178 2049/285/279 1947/286/177
f 1948/182/178 1826/181/56 1949/287/179 2049/285/279
f 2049/285/279 1949/287/179 1827/288/57 1950/289/180
f 1947/286/177 2049/285/279 1950/289/180 1824/290/54
f 1824/92/54 1950/291/180 2050/292/280 1951/93/181
f 1950/291/180 1827/293/57 1952/294/182 2050/292/280
f 2050/292/280 1952/294/182 1829/245/59 1953/283/183
f 1951/93/181 2050/292/280 1953/283/183 1828/47/58
f 1826/181/56 1954/198/184 2051/295/281 1949/287/179
f 1954/198/184 1830/190/60 1955/296/185 2051/295/281
f 2051/295/281 1955/296/185 1831/297/61 1956/298/186
f 1949/287/179 2051/295/281 1956/298/186 1827/288/57
f 1827/293/57 1956/299/186 2052/300/282 1952/294/182
f 1956/299/186 1831/301/61 1957/302/187 2052/300/282
f 2052/300/282 1957/302/187 1832/237/62 1958/240/188
f 1952/294/182 2052/300/282 1958/240/188 1829/245/59
f 1830/190/60 1959/189/189 2053/303/283 1955/296/185
f 1959/189/189 1833/114/63 1960/304/190 2053/303/283
f 2053/303/283 1960/304/190 1834/305/64 1961/306/191
f 1955/296/185 2053/303/283 1961/306/191 1831/297/61
f 1831/301/61 1961/307/191 2054/308/284 1957/302/187
f 1961/307/191 1834/309/64 1962/310/192 2054/308/284
f 2054/308/284 1962/310/192 1835/248/65 1963/246/193
f 1957/302/187 2054/308/284 1963/246/193 1832/237/62
f 1833/114/63 1964/112/194 2055/311/285 1960/304/190
f 1964/112/194 1836/14/66 1965/312/195 2055/311/285
f 2055/311/285 1965/312/195 1837/313/67 1966/314/196
f 1960/304/190 2055/311/285 1966/314/196 1834/305/64
f 1834/309/64 1966/315/196 2056/316/286 1962/310/192
f 1966/315/196 1837/317/67 1967/318/197 2056/316/286
f 2056/316/286 1967/318/197 1838/254/68 1968/252/198
f 1962/310/192 2056/316/286 1968/252/198 1835/248/65
f 1836/14/66 1969/11/199 2057/319/287 1965/312/195
f 1969/11/199 1839/10/69 1970/320/200 2057/319/287
f 2057/319/287 1970/320/200 1840/321/70 1971/322/201
f 1965/312/195 2057/319/287 1971/322/201 1837/313/67
f 1837/323/67 1971/324/201 2058/325/288 1967/326/197
f 1971/324/201 1840/327/70 1972/328/202 2058/325/288
f 2058/325/288 1972/328/202 1841/262/71 1973/259/203
f 1967/326/197 2058/325/288 1973/259/203 1838/258/68
f 1839/10/69 1974/20/204 2059/329/289 1970/320/200
f 1974/20/204 1842/19/72 1975/330/205 2059/329/289
f 2059/329/289 1975/330/205 1843/331/73 1976/332/206
f 1970/320/200 2059/329/289 1976/332/206 1840/321/70
f 1840/327/70 1976/333/206 2060/334/290 1972/328/202
f 1976/333/206 1843/335/73 1977/336/207 2060/334/290
f 2060/334/290 1977/336/207 1844/269/74 1978/267/208
f 1972/328/202 2060/334/290 1978/267/208 1841/262/71
f 1846/33/76 1980/281/210 2061/337/291 1979/28/209
f 1980/281/210 1847/275/77 1981/338/211 2061/337/291
f 2061/337/291 1981/338/211 1848/339/78 1982/340/212
f 1979/28/209 2061/337/291 1982/340/212 1845/25/75
f 1845/72/75 1982/341/212 2062/342/292 1983/67/213
f 1982/341/212 1848/343/78 1984/344/214 2062/342/292
f 2062/342/292 1984/344/214 1850/73/80 1985/192/215
f 1983/67/213 2062/342/292 1985/192/215 1849/64/79
f 1842/19/72 1986/74/216 2063/345/293 1975/330/205
f 1986/74/216 1850/73/80 1984/344/214 2063/345/293
f 2063/345/293 1984/344/214 1848/343/78 1987/346/217
f 1975/330/205 2063/345/293 1987/346/217 1843/331/73
f 1843/335/73 1987/347/217 2064/348/294 1977/336/207
f 1987/347/217 1848/339/78 1981/338/211 2064/348/294
f 2064/348/294 1981/338/211 1847/275/77 1988/273/218
f 1977/336/207 2064/348/294 1988/273/218 1844/269/74
f 1800/185/30 1909/184/139 2065/349/295 1892/201/122
f 1909/184/139 1825/183/55 1947/286/177 2065/349/295
f 2065/349/295 1947/286/177 1824/290/54 1936/350/166
f 1892/201/122 2065/349/295 1936/350/166 1802/202/32
f 2071/1/310 2216/2/321 2293/3/228 2150/4/85
f 2216/2/321 2078/5/13 2213/6/148 2293/3/228
f 2293/3/228 2213/6/148 2099/7/34 2217/8/152
f 2150/4/85 2293/3/228 2217/8/152 2073/9/311
f 2134/10/69 2264/11/199 2294/12/229 2221/13/156
f 2264/11/199 2131/14/66 2219/15/154 2294/12/229
f 2294/12/229 2219/15/154 2087/16/22 2177/17/112
f 2221/13/156 2294/12/229 2177/17/112 2090/18/25
f 2137/19/72 2269/20/204 2295/21/230 2223/22/158
f 2269/20/204 2134/10/69 2221/13/156 2295/21/230
f 2295/21/230 2221/13/156 2090/18/25 2182/23/117
f 2223/22/158 2295/21/230 2182/23/117 2093/24/28
f 2140/25/75 2206/26/141 2296/27/231 2274/28/209
f 2206/26/141 2106/29/41 2196/30/131 2296/27/231
f 2296/27/231 2196/30/131 2105/31/40 2207/32/142
f 2274/28/209 2296/27/231 2207/32/142 2141/33/76
f 2092/34/27 2224/35/159 2297/36/232 2208/37/303
f 2224/35/159 2070/38/5 2155/39/90 2297/36/232
f 2297/36/232 2155/39/90 2075/40/312 2225/41/160
f 2208/37/303 2297/36/232 2225/41/160 2102/42/37
f 2096/43/31 2230/44/165 2298/45/233 2228/46/163
f 2230/44/165 2123/47/58 2285/48/220 2298/45/233
f 2298/45/233 2285/48/220 2110/49/45 2184/50/119
f 2228/46/163 2298/45/233 2184/50/119 2072/51/7
f 2073/52/311 2217/53/152 2299/54/234 2151/55/86
f 2217/53/152 2099/56/34 2191/57/126 2299/54/234
f 2299/54/234 2191/57/126 2096/43/31 2228/46/163
f 2151/55/86 2299/54/234 2228/46/163 2072/51/7
f 2074/58/9 2183/59/118 2300/60/235 2232/61/167
f 2183/59/118 2118/62/53 2292/63/227 2300/60/235
f 2300/60/235 2292/63/227 2141/33/76 2207/32/142
f 2232/61/167 2300/60/235 2207/32/142 2105/31/40
f 2144/64/79 2205/65/140 2301/66/236 2278/67/213
f 2205/65/140 2104/68/39 2192/69/127 2301/66/236
f 2301/66/236 2192/69/127 2106/70/41 2206/71/141
f 2278/67/213 2301/66/236 2206/71/141 2140/72/75
f 2145/73/80 2281/74/216 2302/75/237 2226/76/161
f 2281/74/216 2137/19/72 2223/22/158 2302/75/237
f 2302/75/237 2223/22/158 2093/24/28 2210/77/145
f 2226/76/161 2302/75/237 2210/77/145 2101/78/36
f 2083/79/18 2218/80/153 2303/81/238 2168/82/103
f 2218/80/153 2067/83/2 2147/84/82 2303/81/238
f 2303/81/238 2147/84/82 2068/85/3 2220/86/155
f 2168/82/103 2303/81/238 2220/86/155 2086/87/21
f 2097/88/32 2231/89/166 2304/90/239 2190/91/125
f 2231/89/166 2119/92/54 2246/93/181 2304/90/239
f 2304/90/239 2246/93/181 2123/47/58 2230/44/165
f 2190/91/125 2304/90/239 2230/44/165 2096/43/31
f 2080/94/15 2157/95/297 2305/96/240 2215/97/150
f 2157/95/297 2078/5/13 2216/2/321 2305/96/240
f 2305/96/240 2216/2/321 2071/1/310 2154/98/89
f 2215/97/150 2305/96/240 2154/98/89 2066/99/1
f 2086/87/21 2220/86/155 2306/100/241 2173/101/108
f 2220/86/155 2068/85/3 2148/102/83 2306/100/241
f 2306/100/241 2148/102/83 2069/103/4 2222/104/157
f 2173/101/108 2306/100/241 2222/104/157 2089/105/24
f 2089/105/24 2222/104/157 2307/106/242 2178/107/113
f 2222/104/157 2069/103/4 2149/108/84 2307/106/242
f 2307/106/242 2149/108/84 2070/38/5 2224/35/159
f 2178/107/113 2307/106/242 2224/35/159 2092/34/27
f 2080/94/15 2215/97/150 2308/109/243 2163/110/98
f 2215/97/150 2066/99/1 2146/111/81 2308/109/243
f 2308/109/243 2146/111/81 2067/83/2 2218/80/153
f 2163/110/98 2308/109/243 2218/80/153 2083/79/18
f 2131/14/66 2259/112/194 2309/113/244 2219/15/154
f 2259/112/194 2128/114/63 2229/115/164 2309/113/244
f 2309/113/244 2229/115/164 2084/116/19 2172/117/107
f 2219/15/154 2309/113/244 2172/117/107 2087/16/22
f 2076/118/313 2233/119/168 2310/120/245 2153/121/88
f 2233/119/168 2108/122/43 2203/123/138 2310/120/245
f 2310/120/245 2203/123/138 2102/42/37 2225/41/160
f 2153/121/88 2310/120/245 2225/41/160 2075/40/312
f 2074/58/9 2232/61/167 2311/124/246 2152/125/87
f 2232/61/167 2105/31/40 2198/126/133 2311/124/246
f 2311/124/246 2198/126/133 2108/127/43 2233/128/168
f 2152/125/87 2311/124/246 2233/128/168 2076/129/313
f 2078/5/13 2157/95/297 2312/130/247 2156/131/91
f 2157/95/297 2080/94/15 2158/132/93 2312/130/247
f 2312/130/247 2158/132/93 2082/133/17 2159/134/94
f 2156/131/91 2312/130/247 2159/134/94 2079/135/14
f 2079/136/14 2159/137/94 2313/138/248 2160/139/95
f 2159/137/94 2082/140/17 2161/141/96 2313/138/248
f 2313/138/248 2161/141/96 2081/142/16 2162/143/97
f 2160/139/95 2313/138/248 2162/143/97 2077/144/12
f 2080/94/15 2163/110/98 2314/145/249 2158/132/93
f 2163/110/98 2083/79/18 2164/146/99 2314/145/249
f 2314/145/249 2164/146/99 2085/147/20 2165/148/100
f 2158/132/93 2314/145/249 2165/148/100 2082/133/17
f 2082/140/17 2165/149/100 2315/150/250 2161/141/96
f 2165/149/100 2085/151/20 2166/152/101 2315/150/250
f 2315/150/250 2166/152/101 2084/116/19 2167/153/102
f 2161/141/96 2315/150/250 2167/153/102 2081/142/16
f 2083/79/18 2168/82/103 2316/154/251 2164/146/99
f 2168/82/103 2086/87/21 2169/155/104 2316/154/251
f 2316/154/251 2169/155/104 2088/156/23 2170/157/105
f 2164/146/99 2316/154/251 2170/157/105 2085/147/20
f 2085/151/20 2170/158/105 2317/159/252 2166/152/101
f 2170/158/105 2088/160/23 2171/161/106 2317/159/252
f 2317/159/252 2171/161/106 2087/16/22 2172/117/107
f 2166/152/101 2317/159/252 2172/117/107 2084/116/19
f 2086/87/21 2173/101/108 2318/162/253 2169/155/104
f 2173/101/108 2089/105/24 2174/163/109 2318/162/253
f 2318/162/253 2174/163/109 2091/164/26 2175/165/110
f 2169/155/104 2318/162/253 2175/165/110 2088/156/23
f 2088/160/23 2175/166/110 2319/167/254 2171/161/106
f 2175/166/110 2091/168/26 2176/169/111 2319/167/254
f 2319/167/254 2176/169/111 2090/18/25 2177/17/112
f 2171/161/106 2319/167/254 2177/17/112 2087/16/22
f 2089/105/24 2178/107/113 2320/170/255 2174/163/109
f 2178/107/113 2092/34/27 2179/171/114 2320/170/255
f 2320/170/255 2179/171/114 2094/172/29 2180/173/115
f 2174/163/109 2320/170/255 2180/173/115 2091/164/26
f 2091/168/26 2180/174/115 2321/175/256 2176/169/111
f 2180/174/115 2094/176/29 2181/177/116 2321/175/256
f 2321/175/256 2181/177/116 2093/24/28 2182/23/117
f 2176/169/111 2321/175/256 2182/23/117 2090/18/25
f 2077/144/12 2214/178/149 2322/179/257 2211/180/146
f 2121/181/56 2243/182/178 2322/179/257 2214/178/149
f 2120/183/55 2204/184/139 2322/179/257 2243/182/178
f 2095/185/30 2186/186/121 2322/179/257 2204/184/139
f 2098/187/33 2211/180/146 2322/179/257 2186/186/121
f 2084/116/19 2229/115/164 2323/188/258 2167/153/102
f 2229/115/164 2128/114/63 2254/189/189 2323/188/258
f 2323/188/258 2254/189/189 2125/190/60 2227/191/162
f 2167/153/102 2323/188/258 2227/191/162 2081/142/16
f 2144/64/79 2280/192/215 2324/193/259 2205/65/140
f 2145/73/80 2226/76/161 2324/193/259 2280/192/215
f 2101/78/36 2199/194/134 2324/193/259 2226/76/161
f 2107/195/42 2193/196/128 2324/193/259 2199/194/134
f 2104/68/39 2205/65/140 2324/193/259 2193/196/128
f 2081/142/16 2227/191/162 2325/197/260 2162/143/97
f 2227/191/162 2125/190/60 2249/198/184 2325/197/260
f 2325/197/260 2249/198/184 2121/181/56 2214/178/149
f 2162/143/97 2325/197/260 2214/178/149 2077/144/12
f 2098/187/33 2186/186/121 2326/199/261 2185/200/120
f 2186/186/121 2095/185/30 2187/201/122 2326/199/261
f 2326/199/261 2187/201/122 2097/202/32 2188/203/123
f 2185/200/120 2326/199/261 2188/203/123 2100/204/319
f 2100/205/319 2188/206/123 2327/207/262 2189/208/124
f 2188/206/123 2097/88/32 2190/91/125 2327/207/262
f 2327/207/262 2190/91/125 2096/43/31 2191/57/126
f 2189/208/124 2327/207/262 2191/57/126 2099/56/34
f 2104/68/39 2193/196/128 2328/209/263 2192/69/127
f 2193/196/128 2107/195/42 2194/210/129 2328/209/263
f 2328/209/263 2194/210/129 2109/211/320 2195/212/130
f 2192/69/127 2328/209/263 2195/212/130 2106/70/41
f 2106/29/41 2195/213/130 2329/214/264 2196/30/131
f 2195/213/130 2109/215/320 2197/216/132 2329/214/264
f 2329/214/264 2197/216/132 2108/127/43 2198/126/133
f 2196/30/131 2329/214/264 2198/126/133 2105/31/40
f 2107/195/42 2199/194/134 2330/217/265 2194/210/129
f 2199/194/134 2101/78/36 2200/218/135 2330/217/265
f 2330/217/265 2200/218/135 2103/219/38 2201/220/136
f 2194/210/129 2330/217/265 2201/220/136 2109/211/320
f 2109/221/320 2201/222/136 2331/223/266 2197/224/132
f 2201/222/136 2103/225/38 2202/226/137 2331/223/266
f 2331/223/266 2202/226/137 2102/42/37 2203/123/138
f 2197/224/132 2331/223/266 2203/123/138 2108/122/43
f 2092/34/27 2208/37/303 2332/227/267 2179/171/114
f 2208/37/303 2102/42/37 2202/226/137 2332/227/267
f 2332/227/267 2202/226/137 2103/225/38 2209/228/144
f 2179/171/114 2332/227/267 2209/228/144 2094/172/29
f 2094/176/29 2209/229/144 2333/230/268 2181/177/116
f 2209/229/144 2103/219/38 2200/218/135 2333/230/268
f 2333/230/268 2200/218/135 2101/78/36 2210/77/145
f 2181/177/116 2333/230/268 2210/77/145 2093/24/28
f 2077/144/12 2211/180/146 2334/231/269 2160/139/95
f 2211/180/146 2098/187/33 2185/200/120 2334/231/269
f 2334/231/269 2185/200/120 2100/204/319 2212/232/147
f 2160/139/95 2334/231/269 2212/232/147 2079/136/14
f 2079/135/14 2212/233/147 2335/234/270 2156/131/91
f 2212/233/147 2100/235/319 2189/236/124 2335/234/270
f 2335/234/270 2189/236/124 2099/7/34 2213/6/148
f 2156/131/91 2335/234/270 2213/6/148 2078/5/13
f 2127/237/62 2286/238/221 2336/239/271 2253/240/188
f 2286/238/221 2112/241/47 2235/242/170 2336/239/271
f 2336/239/271 2235/242/170 2111/243/46 2284/244/219
f 2253/240/188 2336/239/271 2284/244/219 2124/245/59
f 2127/237/62 2258/246/193 2337/247/272 2286/238/221
f 2258/246/193 2130/248/65 2287/249/222 2337/247/272
f 2337/247/272 2287/249/222 2113/250/48 2236/251/171
f 2286/238/221 2337/247/272 2236/251/171 2112/241/47
f 2130/248/65 2263/252/198 2338/253/273 2287/249/222
f 2263/252/198 2133/254/68 2288/255/223 2338/253/273
f 2338/253/273 2288/255/223 2114/256/49 2237/257/172
f 2287/249/222 2338/253/273 2237/257/172 2113/250/48
f 2133/258/68 2268/259/203 2339/260/274 2288/261/223
f 2268/259/203 2136/262/71 2289/263/224 2339/260/274
f 2339/260/274 2289/263/224 2115/264/50 2238/265/173
f 2288/261/223 2339/260/274 2238/265/173 2114/266/49
f 2136/262/71 2273/267/208 2340/268/275 2289/263/224
f 2273/267/208 2139/269/74 2290/270/225 2340/268/275
f 2340/268/275 2290/270/225 2116/271/51 2239/272/174
f 2289/263/224 2340/268/275 2239/272/174 2115/264/50
f 2139/269/74 2283/273/218 2341/274/276 2290/270/225
f 2283/273/218 2142/275/77 2291/276/226 2341/274/276
f 2341/274/276 2291/276/226 2117/277/52 2240/278/175
f 2290/270/225 2341/274/276 2240/278/175 2116/271/51
f 2117/277/52 2291/276/226 2342/279/277 2241/280/176
f 2291/276/226 2142/275/77 2275/281/210 2342/279/277
f 2342/279/277 2275/281/210 2141/33/76 2292/63/227
f 2241/280/176 2342/279/277 2292/63/227 2118/62/53
f 2124/245/59 2284/244/219 2343/282/278 2248/283/183
f 2284/244/219 2111/243/46 2234/284/169 2343/282/278
f 2343/282/278 2234/284/169 2110/49/45 2285/48/220
f 2248/283/183 2343/282/278 2285/48/220 2123/47/58
f 2120/183/55 2243/182/178 2344/285/279 2242/286/177
f 2243/182/178 2121/181/56 2244/287/179 2344/285/279
f 2344/285/279 2244/287/179 2122/288/57 2245/289/180
f 2242/286/177 2344/285/279 2245/289/180 2119/290/54
f 2119/92/54 2245/291/180 2345/292/280 2246/93/181
f 2245/291/180 2122/293/57 2247/294/182 2345/292/280
f 2345/292/280 2247/294/182 2124/245/59 2248/283/183
f 2246/93/181 2345/292/280 2248/283/183 2123/47/58
f 2121/181/56 2249/198/184 2346/295/281 2244/287/179
f 2249/198/184 2125/190/60 2250/296/185 2346/295/281
f 2346/295/281 2250/296/185 2126/297/61 2251/298/186
f 2244/287/179 2346/295/281 2251/298/186 2122/288/57
f 2122/293/57 2251/299/186 2347/300/282 2247/294/182
f 2251/299/186 2126/301/61 2252/302/187 2347/300/282
f 2347/300/282 2252/302/187 2127/237/62 2253/240/188
f 2247/294/182 2347/300/282 2253/240/188 2124/245/59
f 2125/190/60 2254/189/189 2348/303/283 2250/296/185
f 2254/189/189 2128/114/63 2255/304/190 2348/303/283
f 2348/303/283 2255/304/190 2129/305/64 2256/306/191
f 2250/296/185 2348/303/283 2256/306/191 2126/297/61
f 2126/301/61 2256/307/191 2349/308/284 2252/302/187
f 2256/307/191 2129/309/64 2257/310/192 2349/308/284
f 2349/308/284 2257/310/192 2130/248/65 2258/246/193
f 2252/302/187 2349/308/284 2258/246/193 2127/237/62
f 2128/114/63 2259/112/194 2350/311/285 2255/304/190
f 2259/112/194 2131/14/66 2260/312/195 2350/311/285
f 2350/311/285 2260/312/195 2132/313/67 2261/314/196
f 2255/304/190 2350/311/285 2261/314/196 2129/305/64
f 2129/309/64 2261/315/196 2351/316/286 2257/310/192
f 2261/315/196 2132/317/67 2262/318/197 2351/316/286
f 2351/316/286 2262/318/197 2133/254/68 2263/252/198
f 2257/310/192 2351/316/286 2263/252/198 2130/248/65
f 2131/14/66 2264/11/199 2352/319/287 2260/312/195
f 2264/11/199 2134/10/69 2265/320/200 2352/319/287
f 2352/319/287 2265/320/200 2135/321/70 2266/322/201
f 2260/312/195 2352/319/287 2266/322/201 2132/313/67
f 2132/323/67 2266/324/201 2353/325/288 2262/326/197
f 2266/324/201 2135/327/70 2267/328/202 2353/325/288
f 2353/325/288 2267/328/202 2136/262/71 2268/259/203
f 2262/326/197 2353/325/288 2268/259/203 2133/258/68
f 2134/10/69 2269/20/204 2354/329/289 2265/320/200
f 2269/20/204 2137/19/72 2270/330/205 2354/329/289
f 2354/329/289 2270/330/205 2138/331/73 2271/332/206
f 2265/320/200 2354/329/289 2271/332/206 2135/321/70
f 2135/327/70 2271/333/206 2355/334/290 2267/328/202
f 2271/333/206 2138/335/73 2272/336/207 2355/334/290
f 2355/334/290 2272/336/207 2139/269/74 2273/267/208
f 2267/328/202 2355/334/290 2273/267/208 2136/262/71
f 2141/33/76 2275/281/210 2356/337/291 2274/28/209
f 2275/281/210 2142/275/77 2276/338/211 2356/337/291
f 2356/337/291 2276/338/211 2143/339/78 2277/340/212
f 2274/28/209 2356/337/291 2277/340/212 2140/25/75
f 2140/72/75 2277/341/212 2357/342/292 2278/67/213
f 2277/341/212 2143/343/78 2279/344/214 2357/342/292
f 2357/342/292 2279/344/214 2145/73/80 2280/192/215
f 2278/67/213 2357/342/292 2280/192/215 2144/64/79
f 2137/19/72 2281/74/216 2358/345/293 2270/330/205
f 2281/74/216 2145/73/80 2279/344/214 2358/345/293
f 2358/345/293 2279/344/214 2143/343/78 2282/346/217
f 2270/330/205 2358/345/293 2282/346/217 2138/331/73
f 2138/335/73 2282/347/217 2359/348/294 2272/336/207
f 2282/347/217 2143/339/78 2276/338/211 2359/348/294
f 2359/348/294 2276/338/211 2142/275/77 2283/273/218
f 2272/336/207 2359/348/294 2283/273/218 2139/269/74
f 2095/185/30 2204/184/139 2360/349/295 2187/201/122
f 2204/184/139 2120/183/55 2242/286/177 2360/349/295
f 2360/349/295 2242/286/177 2119/290/54 2231/350/166
f 2187/201/122 2360/349/295 2231/350/166 2097/202/32
f 2366/1/310 2511/2/151 2588/3/228 2445/4/85
f 2511/2/151 2373/5/13 2508/6/148 2588/3/228
f 2588/3/228 2508/6/148 2394/7/314 2512/8/152
f 2445/4/85 2588/3/228 2512/8/152 2368/9/311
f 2429/10/69 2559/11/199 2589/12/229 2516/13/156
f 2559/11/199 2426/14/66 2514/15/154 2589/12/229
f 2589/12/229 2514/15/154 2382/16/22 2472/17/112
f 2516/13/156 2589/12/229 2472/17/112 2385/18/25
f 2432/19/72 2564/20/204 2590/21/230 2518/22/158
f 2564/20/204 2429/10/69 2516/13/156 2590/21/230
f 2590/21/230 2516/13/156 2385/18/25 2477/23/117
f 2518/22/158 2590/21/230 2477/23/117 2388/24/28
f 2435/25/75 2501/26/141 2591/27/231 2569/28/209
f 2501/26/141 2401/29/41 2491/30/131 2591/27/231
f 2591/27/231 2491/30/131 2400/31/40 2502/32/142
f 2569/28/209 2591/27/231 2502/32/142 2436/33/76
f 2387/34/27 2519/35/159 2592/36/232 2503/37/143
f 2519/35/159 2365/38/5 2450/39/90 2592/36/232
f 2592/36/232 2450/39/90 2370/40/312 2520/41/325
f 2503/37/143 2592/36/232 2520/41/325 2397/42/37
f 2391/43/31 2525/44/165 2593/45/233 2523/46/163
f 2525/44/165 2418/47/58 2580/48/220 2593/45/233
f 2593/45/233 2580/48/220 2405/49/45 2479/50/119
f 2523/46/163 2593/45/233 2479/50/119 2367/51/7
f 2368/52/311 2512/53/152 2594/54/234 2446/55/86
f 2512/53/152 2394/56/314 2486/57/126 2594/54/234
f 2594/54/234 2486/57/126 2391/43/31 2523/46/163
f 2446/55/86 2594/54/234 2523/46/163 2367/51/7
f 2369/58/9 2478/59/118 2595/60/235 2527/61/167
f 2478/59/118 2413/62/53 2587/63/227 2595/60/235
f 2595/60/235 2587/63/227 2436/33/76 2502/32/142
f 2527/61/167 2595/60/235 2502/32/142 2400/31/40
f 2439/64/79 2500/65/140 2596/66/236 2573/67/213
f 2500/65/140 2399/68/39 2487/69/127 2596/66/236
f 2596/66/236 2487/69/127 2401/70/41 2501/71/141
f 2573/67/213 2596/66/236 2501/71/141 2435/72/75
f 2440/73/80 2576/74/216 2597/75/237 2521/76/161
f 2576/74/216 2432/19/72 2518/22/158 2597/75/237
f 2597/75/237 2518/22/158 2388/24/28 2505/77/145
f 2521/76/161 2597/75/237 2505/77/145 2396/78/36
f 2378/79/18 2513/80/153 2598/81/238 2463/82/103
f 2513/80/153 2362/83/2 2442/84/82 2598/81/238
f 2598/81/238 2442/84/82 2363/85/3 2515/86/155
f 2463/82/103 2598/81/238 2515/86/155 2381/87/21
f 2392/88/32 2526/89/166 2599/90/239 2485/91/125
f 2526/89/166 2414/92/54 2541/93/181 2599/90/239
f 2599/90/239 2541/93/181 2418/47/58 2525/44/165
f 2485/91/125 2599/90/239 2525/44/165 2391/43/31
f 2375/94/15 2452/95/297 2600/96/240 2510/97/150
f 2452/95/297 2373/5/13 2511/2/151 2600/96/240
f 2600/96/240 2511/2/151 2366/1/310 2449/98/89
f 2510/97/150 2600/96/240 2449/98/89 2361/99/1
f 2381/87/21 2515/86/155 2601/100/241 2468/101/108
f 2515/86/155 2363/85/3 2443/102/83 2601/100/241
f 2601/100/241 2443/102/83 2364/103/4 2517/104/157
f 2468/101/108 2601/100/241 2517/104/157 2384/105/24
f 2384/105/24 2517/104/157 2602/106/242 2473/107/113
f 2517/104/157 2364/103/4 2444/108/84 2602/106/242
f 2602/106/242 2444/108/84 2365/38/5 2519/35/159
f 2473/107/113 2602/106/242 2519/35/159 2387/34/27
f 2375/94/15 2510/97/150 2603/109/243 2458/110/98
f 2510/97/150 2361/99/1 2441/111/81 2603/109/243
f 2603/109/243 2441/111/81 2362/83/2 2513/80/153
f 2458/110/98 2603/109/243 2513/80/153 2378/79/18
f 2426/14/66 2554/112/194 2604/113/244 2514/15/154
f 2554/112/194 2423/114/63 2524/115/164 2604/113/244
f 2604/113/244 2524/115/164 2379/116/19 2467/117/107
f 2514/15/154 2604/113/244 2467/117/107 2382/16/22
f 2371/118/313 2528/119/168 2605/120/245 2448/121/88
f 2528/119/168 2403/122/315 2498/123/138 2605/120/245
f 2605/120/245 2498/123/138 2397/42/37 2520/41/325
f 2448/121/88 2605/120/245 2520/41/325 2370/40/312
f 2369/58/9 2527/61/167 2606/124/246 2447/125/87
f 2527/61/167 2400/31/40 2493/126/133 2606/124/246
f 2606/124/246 2493/126/133 2403/127/315 2528/128/168
f 2447/125/87 2606/124/246 2528/128/168 2371/129/313
f 2373/5/13 2452/95/297 2607/130/247 2451/131/91
f 2452/95/297 2375/94/15 2453/132/93 2607/130/247
f 2607/130/247 2453/132/93 2377/133/17 2454/134/94
f 2451/131/91 2607/130/247 2454/134/94 2374/135/14
f 2374/136/14 2454/137/94 2608/138/248 2455/139/95
f 2454/137/94 2377/140/17 2456/141/96 2608/138/248
f 2608/138/248 2456/141/96 2376/142/16 2457/143/97
f 2455/139/95 2608/138/248 2457/143/97 2372/144/12
f 2375/94/15 2458/110/98 2609/145/249 2453/132/93
f 2458/110/98 2378/79/18 2459/146/99 2609/145/249
f 2609/145/249 2459/146/99 2380/147/20 2460/148/100
f 2453/132/93 2609/145/249 2460/148/100 2377/133/17
f 2377/140/17 2460/149/100 2610/150/250 2456/141/96
f 2460/149/100 2380/151/20 2461/152/101 2610/150/250
f 2610/150/250 2461/152/101 2379/116/19 2462/153/102
f 2456/141/96 2610/150/250 2462/153/102 2376/142/16
f 2378/79/18 2463/82/103 2611/154/251 2459/146/99
f 2463/82/103 2381/87/21 2464/155/104 2611/154/251
f 2611/154/251 2464/155/104 2383/156/23 2465/157/105
f 2459/146/99 2611/154/251 2465/157/105 2380/147/20
f 2380/151/20 2465/158/105 2612/159/252 2461/152/101
f 2465/158/105 2383/160/23 2466/161/106 2612/159/252
f 2612/159/252 2466/161/106 2382/16/22 2467/117/107
f 2461/152/101 2612/159/252 2467/117/107 2379/116/19
f 2381/87/21 2468/101/108 2613/162/253 2464/155/104
f 2468/101/108 2384/105/24 2469/163/109 2613/162/253
f 2613/162/253 2469/163/109 2386/164/26 2470/165/110
f 2464/155/104 2613/162/253 2470/165/110 2383/156/23
f 2383/160/23 2470/166/110 2614/167/254 2466/161/106
f 2470/166/110 2386/168/26 2471/169/111 2614/167/254
f 2614/167/254 2471/169/111 2385/18/25 2472/17/112
f 2466/161/106 2614/167/254 2472/17/112 2382/16/22
f 2384/105/24 2473/107/113 2615/170/255 2469/163/109
f 2473/107/113 2387/34/27 2474/171/114 2615/170/255
f 2615/170/255 2474/171/114 2389/172/29 2475/173/115
f 2469/163/109 2615/170/255 2475/173/115 2386/164/26
f 2386/168/26 2475/174/115 2616/175/256 2471/169/111
f 2475/174/115 2389/176/29 2476/177/116 2616/175/256
f 2616/175/256 2476/177/116 2388/24/28 2477/23/117
f 2471/169/111 2616/175/256 2477/23/117 2385/18/25
f 2372/144/12 2509/178/149 2617/179/257 2506/180/146
f 2416/181/56 2538/182/178 2617/179/257 2509/178/149
f 2415/183/55 2499/184/139 2617/179/257 2538/182/178
f 2390/185/30 2481/186/121 2617/179/257 2499/184/139
f 2393/187/33 2506/180/146 2617/179/257 2481/186/121
f 2379/116/19 2524/115/164 2618/188/258 2462/153/102
f 2524/115/164 2423/114/63 2549/189/189 2618/188/258
f 2618/188/258 2549/189/189 2420/190/60 2522/191/162
f 2462/153/102 2618/188/258 2522/191/162 2376/142/16
f 2439/64/79 2575/192/215 2619/193/259 2500/65/140
f 2440/73/80 2521/76/161 2619/193/259 2575/192/215
f 2396/78/36 2494/194/134 2619/193/259 2521/76/161
f 2402/195/42 2488/196/128 2619/193/259 2494/194/134
f 2399/68/39 2500/65/140 2619/193/259 2488/196/128
f 2376/142/16 2522/191/162 2620/197/260 2457/143/97
f 2522/191/162 2420/190/60 2544/198/184 2620/197/260
f 2620/197/260 2544/198/184 2416/181/56 2509/178/149
f 2457/143/97 2620/197/260 2509/178/149 2372/144/12
f 2393/187/33 2481/186/121 2621/199/261 2480/200/120
f 2481/186/121 2390/185/30 2482/201/122 2621/199/261
f 2621/199/261 2482/201/122 2392/202/32 2483/203/123
f 2480/200/120 2621/199/261 2483/203/123 2395/204/35
f 2395/205/35 2483/206/123 2622/207/262 2484/208/316
f 2483/206/123 2392/88/32 2485/91/125 2622/207/262
f 2622/207/262 2485/91/125 2391/43/31 2486/57/126
f 2484/208/316 2622/207/262 2486/57/126 2394/56/314
f 2399/68/39 2488/196/128 2623/209/263 2487/69/127
f 2488/196/128 2402/195/42 2489/210/129 2623/209/263
f 2623/209/263 2489/210/129 2404/211/44 2490/212/130
f 2487/69/127 2623/209/263 2490/212/130 2401/70/41
f 2401/29/41 2490/213/130 2624/214/264 2491/30/131
f 2490/213/130 2404/215/44 2492/216/317 2624/214/264
f 2624/214/264 2492/216/317 2403/127/315 2493/126/133
f 2491/30/131 2624/214/264 2493/126/133 2400/31/40
f 2402/195/42 2494/194/134 2625/217/265 2489/210/129
f 2494/194/134 2396/78/36 2495/218/135 2625/217/265
f 2625/217/265 2495/218/135 2398/219/38 2496/220/136
f 2489/210/129 2625/217/265 2496/220/136 2404/211/44
f 2404/221/44 2496/222/136 2626/223/266 2492/224/317
f 2496/222/136 2398/225/38 2497/226/137 2626/223/266
f 2626/223/266 2497/226/137 2397/42/37 2498/123/138
f 2492/224/317 2626/223/266 2498/123/138 2403/122/315
f 2387/34/27 2503/37/143 2627/227/267 2474/171/114
f 2503/37/143 2397/42/37 2497/226/137 2627/227/267
f 2627/227/267 2497/226/137 2398/225/38 2504/228/144
f 2474/171/114 2627/227/267 2504/228/144 2389/172/29
f 2389/176/29 2504/229/144 2628/230/268 2476/177/116
f 2504/229/144 2398/219/38 2495/218/135 2628/230/268
f 2628/230/268 2495/218/135 2396/78/36 2505/77/145
f 2476/177/116 2628/230/268 2505/77/145 2388/24/28
f 2372/144/12 2506/180/146 2629/231/269 2455/139/95
f 2506/180/146 2393/187/33 2480/200/120 2629/231/269
f 2629/231/269 2480/200/120 2395/204/35 2507/232/147
f 2455/139/95 2629/231/269 2507/232/147 2374/136/14
f 2374/135/14 2507/233/147 2630/234/270 2451/131/91
f 2507/233/147 2395/235/35 2484/236/316 2630/234/270
f 2630/234/270 2484/236/316 2394/7/314 2508/6/148
f 2451/131/91 2630/234/270 2508/6/148 2373/5/13
f 2422/237/62 2581/238/221 2631/239/271 2548/240/188
f 2581/238/221 2407/241/47 2530/242/170 2631/239/271
f 2631/239/271 2530/242/170 2406/243/46 2579/244/219
f 2548/240/188 2631/239/271 2579/244/219 2419/245/59
f 2422/237/62 2553/246/193 2632/247/272 2581/238/221
f 2553/246/193 2425/248/65 2582/249/222 2632/247/272
f 2632/247/272 2582/249/222 2408/250/322 2531/251/171
f 2581/238/221 2632/247/272 2531/251/171 2407/241/47
f 2425/248/65 2558/252/198 2633/253/273 2582/249/222
f 2558/252/198 2428/254/68 2583/255/223 2633/253/273
f 2633/253/273 2583/255/223 2409/256/49 2532/257/172
f 2582/249/222 2633/253/273 2532/257/172 2408/250/322
f 2428/258/68 2563/259/203 2634/260/274 2583/261/223
f 2563/259/203 2431/262/71 2584/263/224 2634/260/274
f 2634/260/274 2584/263/224 2410/264/323 2533/265/173
f 2583/261/223 2634/260/274 2533/265/173 2409/266/49
f 2431/262/71 2568/267/208 2635/268/275 2584/263/224
f 2568/267/208 2434/269/74 2585/270/225 2635/268/275
f 2635/268/275 2585/270/225 2411/271/51 2534/272/174
f 2584/263/224 2635/268/275 2534/272/174 2410/264/323
f 2434/269/74 2578/273/218 2636/274/276 2585/270/225
f 2578/273/218 2437/275/77 2586/276/226 2636/274/276
f 2636/274/276 2586/276/226 2412/277/52 2535/278/175
f 2585/270/225 2636/274/276 2535/278/175 2411/271/51
f 2412/277/52 2586/276/226 2637/279/277 2536/280/176
f 2586/276/226 2437/275/77 2570/281/210 2637/279/277
f 2637/279/277 2570/281/210 2436/33/76 2587/63/227
f 2536/280/176 2637/279/277 2587/63/227 2413/62/53
f 2419/245/59 2579/244/219 2638/282/278 2543/283/183
f 2579/244/219 2406/243/46 2529/284/169 2638/282/278
f 2638/282/278 2529/284/169 2405/49/45 2580/48/220
f 2543/283/183 2638/282/278 2580/48/220 2418/47/58
f 2415/183/55 2538/182/178 2639/285/279 2537/286/177
f 2538/182/178 2416/181/56 2539/287/179 2639/285/279
f 2639/285/279 2539/287/179 2417/288/57 2540/289/180
f 2537/286/177 2639/285/279 2540/289/180 2414/290/54
f 2414/92/54 2540/291/180 2640/292/280 2541/93/181
f 2540/291/180 2417/293/57 2542/294/182 2640/292/280
f 2640/292/280 2542/294/182 2419/245/59 2543/283/183
f 2541/93/181 2640/292/280 2543/283/183 2418/47/58
f 2416/181/56 2544/198/184 2641/295/281 2539/287/179
f 2544/198/184 2420/190/60 2545/296/185 2641/295/281
f 2641/295/281 2545/296/185 2421/297/61 2546/298/186
f 2539/287/179 2641/295/281 2546/298/186 2417/288/57
f 2417/293/57 2546/299/186 2642/300/282 2542/294/182
f 2546/299/186 2421/301/61 2547/302/187 2642/300/282
f 2642/300/282 2547/302/187 2422/237/62 2548/240/188
f 2542/294/182 2642/300/282 2548/240/188 2419/245/59
f 2420/190/60 2549/189/189 2643/303/283 2545/296/185
f 2549/189/189 2423/114/63 2550/304/190 2643/303/283
f 2643/303/283 2550/304/190 2424/305/64 2551/306/191
f 2545/296/185 2643/303/283 2551/306/191 2421/297/61
f 2421/301/61 2551/307/191 2644/308/284 2547/302/187
f 2551/307/191 2424/309/64 2552/310/192 2644/308/284
f 2644/308/284 2552/310/192 2425/248/65 2553/246/193
f 2547/302/187 2644/308/284 2553/246/193 2422/237/62
f 2423/114/63 2554/112/194 2645/311/285 2550/304/190
f 2554/112/194 2426/14/66 2555/312/195 2645/311/285
f 2645/311/285 2555/312/195 2427/313/324 2556/314/196
f 2550/304/190 2645/311/285 2556/314/196 2424/305/64
f 2424/309/64 2556/315/196 2646/316/286 2552/310/192
f 2556/315/196 2427/317/324 2557/318/197 2646/316/286
f 2646/316/286 2557/318/197 2428/254/68 2558/252/198
f 2552/310/192 2646/316/286 2558/252/198 2425/248/65
f 2426/14/66 2559/11/199 2647/319/287 2555/312/195
f 2559/11/199 2429/10/69 2560/320/200 2647/319/287
f 2647/319/287 2560/320/200 2430/321/70 2561/322/201
f 2555/312/195 2647/319/287 2561/322/201 2427/313/324
f 2427/323/324 2561/324/201 2648/325/288 2557/326/197
f 2561/324/201 2430/327/70 2562/328/202 2648/325/288
f 2648/325/288 2562/328/202 2431/262/71 2563/259/203
f 2557/326/197 2648/325/288 2563/259/203 2428/258/68
f 2429/10/69 2564/20/204 2649/329/289 2560/320/200
f 2564/20/204 2432/19/72 2565/330/205 2649/329/289
f 2649/329/289 2565/330/205 2433/331/73 2566/332/206
f 2560/320/200 2649/329/289 2566/332/206 2430/321/70
f 2430/327/70 2566/333/206 2650/334/290 2562/328/202
f 2566/333/206 2433/335/73 2567/336/207 2650/334/290
f 2650/334/290 2567/336/207 2434/269/74 2568/267/208
f 2562/328/202 2650/334/290 2568/267/208 2431/262/71
f 2436/33/76 2570/281/210 2651/337/291 2569/28/209
f 2570/281/210 2437/275/77 2571/338/211 2651/337/291
f 2651/337/291 2571/338/211 2438/339/78 2572/340/212
f 2569/28/209 2651/337/291 2572/340/212 2435/25/75
f 2435/72/75 2572/341/212 2652/342/292 2573/67/213
f 2572/341/212 2438/343/78 2574/344/214 2652/342/292
f 2652/342/292 2574/344/214 2440/73/80 2575/192/215
f 2573/67/213 2652/342/292 2575/192/215 2439/64/79
f 2432/19/72 2576/74/216 2653/345/293 2565/330/205
f 2576/74/216 2440/73/80 2574/344/214 2653/345/293
f 2653/345/293 2574/344/214 2438/343/78 2577/346/217
f 2565/330/205 2653/345/293 2577/346/217 2433/331/73
f 2433/335/73 2577/347/217 2654/348/294 2567/336/207
f 2577/347/217 2438/339/78 2571/338/211 2654/348/294
f 2654/348/294 2571/338/211 2437/275/77 2578/273/218
f 2567/336/207 2654/348/294 2578/273/218 2434/269/74
f 2390/185/30 2499/184/139 2655/349/295 2482/201/122
f 2499/184/139 2415/183/55 2537/286/177 2655/349/295
f 2655/349/295 2537/286/177 2414/290/54 2526/350/166
f 2482/201/122 2655/349/295 2526/350/166 2392/202/32
f 2661/1/310 2806/2/151 2883/3/228 2740/4/85
f 2806/2/151 2668/5/13 2803/6/148 2883/3/228
f 2883/3/228 2803/6/148 2689/7/34 2807/8/152
f 2740/4/85 2883/3/228 2807/8/152 2663/9/311
f 2724/10/69 2854/11/199 2884/12/229 2811/13/156
f 2854/11/199 2721/14/66 2809/15/154 2884/12/229
f 2884/12/229 2809/15/154 2677/16/22 2767/17/112
f 2811/13/156 2884/12/229 2767/17/112 2680/18/25
f 2727/19/72 2859/20/204 2885/21/230 2813/22/158
f 2859/20/204 2724/10/69 2811/13/156 2885/21/230
f 2885/21/230 2811/13/156 2680/18/25 2772/23/117
f 2813/22/158 2885/21/230 2772/23/117 2683/24/28
f 2730/25/75 2796/26/141 2886/27/231 2864/28/209
f 2796/26/141 2696/29/41 2786/30/131 2886/27/231
f 2886/27/231 2786/30/131 2695/31/40 2797/32/142
f 2864/28/209 2886/27/231 2797/32/142 2731/33/76
f 2682/34/27 2814/35/159 2887/36/232 2798/37/303
f 2814/35/159 2660/38/5 2745/39/90 2887/36/232
f 2887/36/232 2745/39/90 2665/40/312 2815/41/160
f 2798/37/303 2887/36/232 2815/41/160 2692/42/37
f 2686/43/31 2820/44/165 2888/45/233 2818/46/163
f 2820/44/165 2713/47/58 2875/48/220 2888/45/233
f 2888/45/233 2875/48/220 2700/49/45 2774/50/119
f 2818/46/163 2888/45/233 2774/50/119 2662/51/7
f 2663/52/311 2807/53/152 2889/54/234 2741/55/86
f 2807/53/152 2689/56/34 2781/57/126 2889/54/234
f 2889/54/234 2781/57/126 2686/43/31 2818/46/163
f 2741/55/86 2889/54/234 2818/46/163 2662/51/7
f 2664/58/9 2773/59/118 2890/60/235 2822/61/167
f 2773/59/118 2708/62/53 2882/63/227 2890/60/235
f 2890/60/235 2882/63/227 2731/33/76 2797/32/142
f 2822/61/167 2890/60/235 2797/32/142 2695/31/40
f 2734/64/79 2795/65/140 2891/66/236 2868/67/213
f 2795/65/140 2694/68/39 2782/69/127 2891/66/236
f 2891/66/236 2782/69/127 2696/70/41 2796/71/141
f 2868/67/213 2891/66/236 2796/71/141 2730/72/75
f 2735/73/80 2871/74/216 2892/75/237 2816/76/161
f 2871/74/216 2727/19/72 2813/22/158 2892/75/237
f 2892/75/237 2813/22/158 2683/24/28 2800/77/145
f 2816/76/161 2892/75/237 2800/77/145 2691/78/36
f 2673/79/18 2808/80/153 2893/81/238 2758/82/103
f 2808/80/153 2657/83/2 2737/84/82 2893/81/238
f 2893/81/238 2737/84/82 2658/85/3 2810/86/155
f 2758/82/103 2893/81/238 2810/86/155 2676/87/21
f 2687/88/32 2821/89/166 2894/90/239 2780/91/125
f 2821/89/166 2709/92/54 2836/93/181 2894/90/239
f 2894/90/239 2836/93/181 2713/47/58 2820/44/165
f 2780/91/125 2894/90/239 2820/44/165 2686/43/31
f 2670/94/15 2747/95/297 2895/96/240 2805/97/150
f 2747/95/297 2668/5/13 2806/2/151 2895/96/240
f 2895/96/240 2806/2/151 2661/1/310 2744/98/89
f 2805/97/150 2895/96/240 2744/98/89 2656/99/1
f 2676/87/21 2810/86/155 2896/100/241 2763/101/108
f 2810/86/155 2658/85/3 2738/102/83 2896/100/241
f 2896/100/241 2738/102/83 2659/103/4 2812/104/157
f 2763/101/108 2896/100/241 2812/104/157 2679/105/24
f 2679/105/24 2812/104/157 2897/106/242 2768/107/113
f 2812/104/157 2659/103/4 2739/108/84 2897/106/242
f 2897/106/242 2739/108/84 2660/38/5 2814/35/159
f 2768/107/113 2897/106/242 2814/35/159 2682/34/27
f 2670/94/15 2805/97/150 2898/109/243 2753/110/98
f 2805/97/150 2656/99/1 2736/111/81 2898/109/243
f 2898/109/243 2736/111/81 2657/83/2 2808/80/153
f 2753/110/98 2898/109/243 2808/80/153 2673/79/18
f 2721/14/66 2849/112/194 2899/113/244 2809/15/154
f 2849/112/194 2718/114/63 2819/115/164 2899/113/244
f 2899/113/244 2819/115/164 2674/116/19 2762/117/107
f 2809/15/154 2899/113/244 2762/117/107 2677/16/22
f 2666/118/313 2823/119/168 2900/120/245 2743/121/88
f 2823/119/168 2698/122/43 2793/123/138 2900/120/245
f 2900/120/245 2793/123/138 2692/42/37 2815/41/160
f 2743/121/88 2900/120/245 2815/41/160 2665/40/312
f 2664/58/9 2822/61/167 2901/124/246 2742/125/87
f 2822/61/167 2695/31/40 2788/126/133 2901/124/246
f 2901/124/246 2788/126/133 2698/127/43 2823/128/168
f 2742/125/87 2901/124/246 2823/128/168 2666/129/313
f 2668/5/13 2747/95/297 2902/130/247 2746/131/91
f 2747/95/297 2670/94/15 2748/132/93 2902/130/247
f 2902/130/247 2748/132/93 2672/133/17 2749/134/94
f 2746/131/91 2902/130/247 2749/134/94 2669/135/14
f 2669/136/14 2749/137/94 2903/138/248 2750/139/95
f 2749/137/94 2672/140/17 2751/141/96 2903/138/248
f 2903/138/248 2751/141/96 2671/142/16 2752/143/97
f 2750/139/95 2903/138/248 2752/143/97 2667/144/12
f 2670/94/15 2753/110/98 2904/145/249 2748/132/93
f 2753/110/98 2673/79/18 2754/146/99 2904/145/249
f 2904/145/249 2754/146/99 2675/147/20 2755/148/100
f 2748/132/93 2904/145/249 2755/148/100 2672/133/17
f 2672/140/17 2755/149/100 2905/150/250 2751/141/96
f 2755/149/100 2675/151/20 2756/152/101 2905/150/250
f 2905/150/250 2756/152/101 2674/116/19 2757/153/102
f 2751/141/96 2905/150/250 2757/153/102 2671/142/16
f 2673/79/18 2758/82/103 2906/154/251 2754/146/99
f 2758/82/103 2676/87/21 2759/155/104 2906/154/251
f 2906/154/251 2759/155/104 2678/156/23 2760/157/105
f 2754/146/99 2906/154/251 2760/157/105 2675/147/20
f 2675/151/20 2760/158/105 2907/159/252 2756/152/101
f 2760/158/105 2678/160/23 2761/161/106 2907/159/252
f 2907/159/252 2761/161/106 2677/16/22 2762/117/107
f 2756/152/101 2907/159/252 2762/117/107 2674/116/19
f 2676/87/21 2763/101/108 2908/162/253 2759/155/104
f 2763/101/108 2679/105/24 2764/163/109 2908/162/253
f 2908/162/253 2764/163/109 2681/164/26 2765/165/110
f 2759/155/104 2908/162/253 2765/165/110 2678/156/23
f 2678/160/23 2765/166/110 2909/167/254 2761/161/106
f 2765/166/110 2681/168/26 2766/169/111 2909/167/254
f 2909/167/254 2766/169/111 2680/18/25 2767/17/112
f 2761/161/106 2909/167/254 2767/17/112 2677/16/22
f 2679/105/24 2768/107/113 2910/170/255 2764/163/109
f 2768/107/113 2682/34/27 2769/171/114 2910/170/255
f 2910/170/255 2769/171/114 2684/172/29 2770/173/115
f 2764/163/109 2910/170/255 2770/173/115 2681/164/26
f 2681/168/26 2770/174/115 2911/175/256 2766/169/111
f 2770/174/115 2684/176/29 2771/177/116 2911/175/256
f 2911/175/256 2771/177/116 2683/24/28 2772/23/117
f 2766/169/111 2911/175/256 2772/23/117 2680/18/25
f 2667/144/12 2804/178/149 2912/179/257 2801/180/146
f 2711/181/56 2833/182/178 2912/179/257 2804/178/149
f 2710/183/55 2794/184/139 2912/179/257 2833/182/178
f 2685/185/30 2776/186/121 2912/179/257 2794/184/139
f 2688/187/33 2801/180/146 2912/179/257 2776/186/121
f 2674/116/19 2819/115/164 2913/188/258 2757/153/102
f 2819/115/164 2718/114/63 2844/189/189 2913/188/258
f 2913/188/258 2844/189/189 2715/190/60 2817/191/162
f 2757/153/102 2913/188/258 2817/191/162 2671/142/16
f 2734/64/79 2870/192/215 2914/193/259 2795/65/140
f 2735/73/80 2816/76/161 2914/193/259 2870/192/215
f 2691/78/36 2789/194/134 2914/193/259 2816/76/161
f 2697/195/42 2783/196/128 2914/193/259 2789/194/134
f 2694/68/39 2795/65/140 2914/193/259 2783/196/128
f 2671/142/16 2817/191/162 2915/197/260 2752/143/97
f 2817/191/162 2715/190/60 2839/198/184 2915/197/260
f 2915/197/260 2839/198/184 2711/181/56 2804/178/149
f 2752/143/97 2915/197/260 2804/178/149 2667/144/12
f 2688/187/33 2776/186/121 2916/199/261 2775/200/120
f 2776/186/121 2685/185/30 2777/201/122 2916/199/261
f 2916/199/261 2777/201/122 2687/202/32 2778/203/123
f 2775/200/120 2916/199/261 2778/203/123 2690/204/326
f 2690/205/326 2778/206/123 2917/207/262 2779/208/124
f 2778/206/123 2687/88/32 2780/91/125 2917/207/262
f 2917/207/262 2780/91/125 2686/43/31 2781/57/126
f 2779/208/124 2917/207/262 2781/57/126 2689/56/34
f 2694/68/39 2783/196/128 2918/209/263 2782/69/127
f 2783/196/128 2697/195/42 2784/210/129 2918/209/263
f 2918/209/263 2784/210/129 2699/211/320 2785/212/130
f 2782/69/127 2918/209/263 2785/212/130 2696/70/41
f 2696/29/41 2785/213/130 2919/214/264 2786/30/131
f 2785/213/130 2699/215/320 2787/216/132 2919/214/264
f 2919/214/264 2787/216/132 2698/127/43 2788/126/133
f 2786/30/131 2919/214/264 2788/126/133 2695/31/40
f 2697/195/42 2789/194/134 2920/217/265 2784/210/129
f 2789/194/134 2691/78/36 2790/218/135 2920/217/265
f 2920/217/265 2790/218/135 2693/219/38 2791/220/136
f 2784/210/129 2920/217/265 2791/220/136 2699/211/320
f 2699/221/320 2791/222/136 2921/223/266 2787/224/132
f 2791/222/136 2693/225/38 2792/226/137 2921/223/266
f 2921/223/266 2792/226/137 2692/42/37 2793/123/138
f 2787/224/132 2921/223/266 2793/123/138 2698/122/43
f 2682/34/27 2798/37/303 2922/227/267 2769/171/114
f 2798/37/303 2692/42/37 2792/226/137 2922/227/267
f 2922/227/267 2792/226/137 2693/225/38 2799/228/144
f 2769/171/114 2922/227/267 2799/228/144 2684/172/29
f 2684/176/29 2799/229/144 2923/230/268 2771/177/116
f 2799/229/144 2693/219/38 2790/218/135 2923/230/268
f 2923/230/268 2790/218/135 2691/78/36 2800/77/145
f 2771/177/116 2923/230/268 2800/77/145 2683/24/28
f 2667/144/12 2801/180/146 2924/231/269 2750/139/95
f 2801/180/146 2688/187/33 2775/200/120 2924/231/269
f 2924/231/269 2775/200/120 2690/204/326 2802/232/147
f 2750/139/95 2924/231/269 2802/232/147 2669/136/14
f 2669/135/14 2802/233/147 2925/234/270 2746/131/91
f 2802/233/147 2690/235/326 2779/236/124 2925/234/270
f 2925/234/270 2779/236/124 2689/7/34 2803/6/148
f 2746/131/91 2925/234/270 2803/6/148 2668/5/13
f 2717/237/62 2876/238/221 2926/239/271 2843/240/188
f 2876/238/221 2702/241/47 2825/242/170 2926/239/271
f 2926/239/271 2825/242/170 2701/243/46 2874/244/219
f 2843/240/188 2926/239/271 2874/244/219 2714/245/59
f 2717/237/62 2848/246/193 2927/247/272 2876/238/221
f 2848/246/193 2720/248/65 2877/249/222 2927/247/272
f 2927/247/272 2877/249/222 2703/250/322 2826/251/171
f 2876/238/221 2927/247/272 2826/251/171 2702/241/47
f 2720/248/65 2853/252/198 2928/253/273 2877/249/222
f 2853/252/198 2723/254/68 2878/255/223 2928/253/273
f 2928/253/273 2878/255/223 2704/256/49 2827/257/172
f 2877/249/222 2928/253/273 2827/257/172 2703/250/322
f 2723/258/68 2858/259/203 2929/260/274 2878/261/223
f 2858/259/203 2726/262/71 2879/263/224 2929/260/274
f 2929/260/274 2879/263/224 2705/264/323 2828/265/173
f 2878/261/223 2929/260/274 2828/265/173 2704/266/49
f 2726/262/71 2863/267/208 2930/268/275 2879/263/224
f 2863/267/208 2729/269/74 2880/270/225 2930/268/275
f 2930/268/275 2880/270/225 2706/271/51 2829/272/174
f 2879/263/224 2930/268/275 2829/272/174 2705/264/323
f 2729/269/74 2873/273/218 2931/274/276 2880/270/225
f 2873/273/218 2732/275/77 2881/276/226 2931/274/276
f 2931/274/276 2881/276/226 2707/277/52 2830/278/175
f 2880/270/225 2931/274/276 2830/278/175 2706/271/51
f 2707/277/52 2881/276/226 2932/279/277 2831/280/176
f 2881/276/226 2732/275/77 2865/281/210 2932/279/277
f 2932/279/277 2865/281/210 2731/33/76 2882/63/227
f 2831/280/176 2932/279/277 2882/63/227 2708/62/53
f 2714/245/59 2874/244/219 2933/282/278 2838/283/183
f 2874/244/219 2701/243/46 2824/284/169 2933/282/278
f 2933/282/278 2824/284/169 2700/49/45 2875/48/220
f 2838/283/183 2933/282/278 2875/48/220 2713/47/58
f 2710/183/55 2833/182/178 2934/285/279 2832/286/177
f 2833/182/178 2711/181/56 2834/287/179 2934/285/279
f 2934/285/279 2834/287/179 2712/288/57 2835/289/180
f 2832/286/177 2934/285/279 2835/289/180 2709/290/54
f 2709/92/54 2835/291/180 2935/292/280 2836/93/181
f 2835/291/180 2712/293/57 2837/294/182 2935/292/280
f 2935/292/280 2837/294/182 2714/245/59 2838/283/183
f 2836/93/181 2935/292/280 2838/283/183 2713/47/58
f 2711/181/56 2839/198/184 2936/295/281 2834/287/179
f 2839/198/184 2715/190/60 2840/296/185 2936/295/281
f 2936/295/281 2840/296/185 2716/297/61 2841/298/186
f 2834/287/179 2936/295/281 2841/298/186 2712/288/57
f 2712/293/57 2841/299/186 2937/300/282 2837/294/182
f 2841/299/186 2716/301/61 2842/302/187 2937/300/282
f 2937/300/282 2842/302/187 2717/237/62 2843/240/188
f 2837/294/182 2937/300/282 2843/240/188 2714/245/59
f 2715/190/60 2844/189/189 2938/303/283 2840/296/185
f 2844/189/189 2718/114/63 2845/304/190 2938/303/283
f 2938/303/283 2845/304/190 2719/305/64 2846/306/191
f 2840/296/185 2938/303/283 2846/306/191 2716/297/61
f 2716/301/61 2846/307/191 2939/308/284 2842/302/187
f 2846/307/191 2719/309/64 2847/310/192 2939/308/284
f 2939/308/284 2847/310/192 2720/248/65 2848/246/193
f 2842/302/187 2939/308/284 2848/246/193 2717/237/62
f 2718/114/63 2849/112/194 2940/311/285 2845/304/190
f 2849/112/194 2721/14/66 2850/312/195 2940/311/285
f 2940/311/285 2850/312/195 2722/313/67 2851/314/196
f 2845/304/190 2940/311/285 2851/314/196 2719/305/64
f 2719/309/64 2851/315/196 2941/316/286 2847/310/192
f 2851/315/196 2722/317/67 2852/318/197 2941/316/286
f 2941/316/286 2852/318/197 2723/254/68 2853/252/198
f 2847/310/192 2941/316/286 2853/252/198 2720/248/65
f 2721/14/66 2854/11/199 2942/319/287 2850/312/195
f 2854/11/199 2724/10/69 2855/320/200 2942/319/287
f 2942/319/287 2855/320/200 2725/321/70 2856/322/201
f 2850/312/195 2942/319/287 2856/322/201 2722/313/67
f 2722/323/67 2856/324/201 2943/325/288 2852/326/197
f 2856/324/201 2725/327/70 2857/328/202 2943/325/288
f 2943/325/288 2857/328/202 2726/262/71 2858/259/203
f 2852/326/197 2943/325/288 2858/259/203 2723/258/68
f 2724/10/69 2859/20/204 2944/329/289 2855/320/200
f 2859/20/204 2727/19/72 2860/330/205 2944/329/289
f 2944/329/289 2860/330/205 2728/331/73 2861/332/206
f 2855/320/200 2944/329/289 2861/332/206 2725/321/70
f 2725/327/70 2861/333/206 2945/334/290 2857/328/202
f 2861/333/206 2728/335/73 2862/336/207 2945/334/290
f 2945/334/290 2862/336/207 2729/269/74 2863/267/208
f 2857/328/202 2945/334/290 2863/267/208 2726/262/71
f 2731/33/76 2865/281/210 2946/337/291 2864/28/209
f 2865/281/210 2732/275/77 2866/338/211 2946/337/291
f 2946/337/291 2866/338/211 2733/339/78 2867/340/212
f 2864/28/209 2946/337/291 2867/340/212 2730/25/75
f 2730/72/75 2867/341/212 2947/342/292 2868/67/213
f 2867/341/212 2733/343/78 2869/344/214 2947/342/292
f 2947/342/292 2869/344/214 2735/73/80 2870/192/215
f 2868/67/213 2947/342/292 2870/192/215 2734/64/79
f 2727/19/72 2871/74/216 2948/345/293 2860/330/205
f 2871/74/216 2735/73/80 2869/344/214 2948/345/293
f 2948/345/293 2869/344/214 2733/343/78 2872/346/217
f 2860/330/205 2948/345/293 2872/346/217 2728/331/73
f 2728/335/73 2872/347/217 2949/348/294 2862/336/207
f 2872/347/217 2733/339/78 2866/338/211 2949/348/294
f 2949/348/294 2866/338/211 2732/275/77 2873/273/218
f 2862/336/207 2949/348/294 2873/273/218 2729/269/74
f 2685/185/30 2794/184/139 2950/349/295 2777/201/122
f 2794/184/139 2710/183/55 2832/286/177 2950/349/295
f 2950/349/295 2832/286/177 2709/290/54 2821/350/166
f 2777/201/122 2950/349/295 2821/350/166 2687/202/32
f 2956/1/310 3101/2/151 3178/3/228 3035/4/85
f 3101/2/151 2963/5/13 3098/6/148 3178/3/228
f 3178/3/228 3098/6/148 2984/7/314 3102/8/152
f 3035/4/85 3178/3/228 3102/8/152 2958/9/311
f 3019/10/69 3149/11/199 3179/12/229 3106/13/156
f 3149/11/199 3016/14/66 3104/15/154 3179/12/229
f 3179/12/229 3104/15/154 2972/16/22 3062/17/112
f 3106/13/156 3179/12/229 3062/17/112 2975/18/25
f 3022/19/72 3154/20/204 3180/21/230 3108/22/158
f 3154/20/204 3019/10/69 3106/13/156 3180/21/230
f 3180/21/230 3106/13/156 2975/18/25 3067/23/117
f 3108/22/158 3180/21/230 3067/23/117 2978/24/28
f 3025/25/75 3091/26/141 3181/27/231 3159/28/209
f 3091/26/141 2991/29/41 3081/30/131 3181/27/231
f 3181/27/231 3081/30/131 2990/31/40 3092/32/142
f 3159/28/209 3181/27/231 3092/32/142 3026/33/76
f 2977/34/27 3109/35/159 3182/36/232 3093/37/303
f 3109/35/159 2955/38/5 3040/39/90 3182/36/232
f 3182/36/232 3040/39/90 2960/40/312 3110/41/160
f 3093/37/303 3182/36/232 3110/41/160 2987/42/37
f 2981/43/31 3115/44/165 3183/45/233 3113/46/163
f 3115/44/165 3008/47/58 3170/48/220 3183/45/233
f 3183/45/233 3170/48/220 2995/49/45 3069/50/119
f 3113/46/163 3183/45/233 3069/50/119 2957/51/7
f 2958/52/311 3102/53/152 3184/54/234 3036/55/86
f 3102/53/152 2984/56/314 3076/57/126 3184/54/234
f 3184/54/234 3076/57/126 2981/43/31 3113/46/163
f 3036/55/86 3184/54/234 3113/46/163 2957/51/7
f 2959/58/9 3068/59/118 3185/60/235 3117/61/167
f 3068/59/118 3003/62/53 3177/63/227 3185/60/235
f 3185/60/235 3177/63/227 3026/33/76 3092/32/142
f 3117/61/167 3185/60/235 3092/32/142 2990/31/40
f 3029/64/79 3090/65/140 3186/66/236 3163/67/213
f 3090/65/140 2989/68/39 3077/69/127 3186/66/236
f 3186/66/236 3077/69/127 2991/70/41 3091/71/141
f 3163/67/213 3186/66/236 3091/71/141 3025/72/75
f 3030/73/80 3166/74/216 3187/75/237 3111/76/161
f 3166/74/216 3022/19/72 3108/22/158 3187/75/237
f 3187/75/237 3108/22/158 2978/24/28 3095/77/145
f 3111/76/161 3187/75/237 3095/77/145 2986/78/36
f 2968/79/18 3103/80/153 3188/81/238 3053/82/103
f 3103/80/153 2952/83/2 3032/84/82 3188/81/238
f 3188/81/238 3032/84/82 2953/85/3 3105/86/155
f 3053/82/103 3188/81/238 3105/86/155 2971/87/21
f 2982/88/32 3116/89/166 3189/90/239 3075/91/125
f 3116/89/166 3004/92/54 3131/93/181 3189/90/239
f 3189/90/239 3131/93/181 3008/47/58 3115/44/165
f 3075/91/125 3189/90/239 3115/44/165 2981/43/31
f 2965/94/15 3042/95/297 3190/96/240 3100/97/150
f 3042/95/297 2963/5/13 3101/2/151 3190/96/240
f 3190/96/240 3101/2/151 2956/1/310 3039/98/89
f 3100/97/150 3190/96/240 3039/98/89 2951/99/1
f 2971/87/21 3105/86/155 3191/100/241 3058/101/108
f 3105/86/155 2953/85/3 3033/102/83 3191/100/241
f 3191/100/241 3033/102/83 2954/103/4 3107/104/157
f 3058/101/108 3191/100/241 3107/104/157 2974/105/24
f 2974/105/24 3107/104/157 3192/106/242 3063/107/113
f 3107/104/157 2954/103/4 3034/108/84 3192/106/242
f 3192/106/242 3034/108/84 2955/38/5 3109/35/159
f 3063/107/113 3192/106/242 3109/35/159 2977/34/27
f 2965/94/15 3100/97/150 3193/109/243 3048/110/98
f 3100/97/150 2951/99/1 3031/111/81 3193/109/243
f 3193/109/243 3031/111/81 2952/83/2 3103/80/153
f 3048/110/98 3193/109/243 3103/80/153 2968/79/18
f 3016/14/66 3144/112/194 3194/113/244 3104/15/154
f 3144/112/194 3013/114/63 3114/115/164 3194/113/244
f 3194/113/244 3114/115/164 2969/116/19 3057/117/107
f 3104/15/154 3194/113/244 3057/117/107 2972/16/22
f 2961/118/313 3118/119/168 3195/120/245 3038/121/88
f 3118/119/168 2993/122/315 3088/123/138 3195/120/245
f 3195/120/245 3088/123/138 2987/42/37 3110/41/160
f 3038/121/88 3195/120/245 3110/41/160 2960/40/312
f 2959/58/9 3117/61/167 3196/124/246 3037/125/87
f 3117/61/167 2990/31/40 3083/126/133 3196/124/246
f 3196/124/246 3083/126/133 2993/127/315 3118/128/168
f 3037/125/87 3196/124/246 3118/128/168 2961/129/313
f 2963/5/13 3042/95/297 3197/130/247 3041/131/91
f 3042/95/297 2965/94/15 3043/132/93 3197/130/247
f 3197/130/247 3043/132/93 2967/133/17 3044/134/94
f 3041/131/91 3197/130/247 3044/134/94 2964/135/14
f 2964/136/14 3044/137/94 3198/138/248 3045/139/95
f 3044/137/94 2967/140/17 3046/141/96 3198/138/248
f 3198/138/248 3046/141/96 2966/142/16 3047/143/97
f 3045/139/95 3198/138/248 3047/143/97 2962/144/12
f 2965/94/15 3048/110/98 3199/145/249 3043/132/93
f 3048/110/98 2968/79/18 3049/146/99 3199/145/249
f 3199/145/249 3049/146/99 2970/147/20 3050/148/100
f 3043/132/93 3199/145/249 3050/148/100 2967/133/17
f 2967/140/17 3050/149/100 3200/150/250 3046/141/96
f 3050/149/100 2970/151/20 3051/152/101 3200/150/250
f 3200/150/250 3051/152/101 2969/116/19 3052/153/102
f 3046/141/96 3200/150/250 3052/153/102 2966/142/16
f 2968/79/18 3053/82/103 3201/154/251 3049/146/99
f 3053/82/103 2971/87/21 3054/155/104 3201/154/251
f 3201/154/251 3054/155/104 2973/156/23 3055/157/105
f 3049/146/99 3201/154/251 3055/157/105 2970/147/20
f 2970/151/20 3055/158/105 3202/159/252 3051/152/101
f 3055/158/105 2973/160/23 3056/161/106 3202/159/252
f 3202/159/252 3056/161/106 2972/16/22 3057/117/107
f 3051/152/101 3202/159/252 3057/117/107 2969/116/19
f 2971/87/21 3058/101/108 3203/162/253 3054/155/104
f 3058/101/108 2974/105/24 3059/163/109 3203/162/253
f 3203/162/253 3059/163/109 2976/164/26 3060/165/110
f 3054/155/104 3203/162/253 3060/165/110 2973/156/23
f 2973/160/23 3060/166/110 3204/167/254 3056/161/106
f 3060/166/110 2976/168/26 3061/169/111 3204/167/254
f 3204/167/254 3061/169/111 2975/18/25 3062/17/112
f 3056/161/106 3204/167/254 3062/17/112 2972/16/22
f 2974/105/24 3063/107/113 3205/170/255 3059/163/109
f 3063/107/113 2977/34/27 3064/171/114 3205/170/255
f 3205/170/255 3064/171/114 2979/172/29 3065/173/115
f 3059/163/109 3205/170/255 3065/173/115 2976/164/26
f 2976/168/26 3065/174/115 3206/175/256 3061/169/111
f 3065/174/115 2979/176/29 3066/177/116 3206/175/256
f 3206/175/256 3066/177/116 2978/24/28 3067/23/117
f 3061/169/111 3206/175/256 3067/23/117 2975/18/25
f 2962/144/12 3099/178/149 3207/179/257 3096/180/146
f 3006/181/56 3128/182/178 3207/179/257 3099/178/149
f 3005/183/55 3089/184/139 3207/179/257 3128/182/178
f 2980/185/30 3071/186/121 3207/179/257 3089/184/139
f 2983/187/33 3096/180/146 3207/179/257 3071/186/121
f 2969/116/19 3114/115/164 3208/188/258 3052/153/102
f 3114/115/164 3013/114/63 3139/189/189 3208/188/258
f 3208/188/258 3139/189/189 3010/190/60 3112/191/162
f 3052/153/102 3208/188/258 3112/191/162 2966/142/16
f 3029/64/79 3165/192/215 3209/193/259 3090/65/140
f 3030/73/80 3111/76/161 3209/193/259 3165/192/215
f 2986/78/36 3084/194/134 3209/193/259 3111/76/161
f 2992/195/42 3078/196/128 3209/193/259 3084/194/134
f 2989/68/39 3090/65/140 3209/193/259 3078/196/128
f 2966/142/16 3112/191/162 3210/197/260 3047/143/97
f 3112/191/162 3010/190/60 3134/198/184 3210/197/260
f 3210/197/260 3134/198/184 3006/181/56 3099/178/149
f 3047/143/97 3210/197/260 3099/178/149 2962/144/12
f 2983/187/33 3071/186/121 3211/199/261 3070/200/120
f 3071/186/121 2980/185/30 3072/201/122 3211/199/261
f 3211/199/261 3072/201/122 2982/202/32 3073/203/123
f 3070/200/120 3211/199/261 3073/203/123 2985/204/35
f 2985/205/35 3073/206/123 3212/207/262 3074/208/124
f 3073/206/123 2982/88/32 3075/91/125 3212/207/262
f 3212/207/262 3075/91/125 2981/43/31 3076/57/126
f 3074/208/124 3212/207/262 3076/57/126 2984/56/314
f 2989/68/39 3078/196/128 3213/209/263 3077/69/127
f 3078/196/128 2992/195/42 3079/210/129 3213/209/263
f 3213/209/263 3079/210/129 2994/211/44 3080/212/130
f 3077/69/127 3213/209/263 3080/212/130 2991/70/41
f 2991/29/41 3080/213/130 3214/214/264 3081/30/131
f 3080/213/130 2994/215/44 3082/216/317 3214/214/264
f 3214/214/264 3082/216/317 2993/127/315 3083/126/133
f 3081/30/131 3214/214/264 3083/126/133 2990/31/40
f 2992/195/42 3084/194/134 3215/217/265 3079/210/129
f 3084/194/134 2986/78/36 3085/218/135 3215/217/265
f 3215/217/265 3085/218/135 2988/219/38 3086/220/136
f 3079/210/129 3215/217/265 3086/220/136 2994/211/44
f 2994/221/44 3086/222/136 3216/223/266 3082/224/317
f 3086/222/136 2988/225/38 3087/226/137 3216/223/266
f 3216/223/266 3087/226/137 2987/42/37 3088/123/138
f 3082/224/317 3216/223/266 3088/123/138 2993/122/315
f 2977/34/27 3093/37/303 3217/227/267 3064/171/114
f 3093/37/303 2987/42/37 3087/226/137 3217/227/267
f 3217/227/267 3087/226/137 2988/225/38 3094/228/144
f 3064/171/114 3217/227/267 3094/228/144 2979/172/29
f 2979/176/29 3094/229/144 3218/230/268 3066/177/116
f 3094/229/144 2988/219/38 3085/218/135 3218/230/268
f 3218/230/268 3085/218/135 2986/78/36 3095/77/145
f 3066/177/116 3218/230/268 3095/77/145 2978/24/28
f 2962/144/12 3096/180/146 3219/231/269 3045/139/95
f 3096/180/146 2983/187/33 3070/200/120 3219/231/269
f 3219/231/269 3070/200/120 2985/204/35 3097/232/147
f 3045/139/95 3219/231/269 3097/232/147 2964/136/14
f 2964/135/14 3097/233/147 3220/234/270 3041/131/91
f 3097/233/147 2985/235/35 3074/236/124 3220/234/270
f 3220/234/270 3074/236/124 2984/7/314 3098/6/148
f 3041/131/91 3220/234/270 3098/6/148 2963/5/13
f 3012/237/62 3171/238/221 3221/239/271 3138/240/188
f 3171/238/221 2997/241/47 3120/242/170 3221/239/271
f 3221/239/271 3120/242/170 2996/243/46 3169/244/219
f 3138/240/188 3221/239/271 3169/244/219 3009/245/59
f 3012/237/62 3143/246/193 3222/247/272 3171/238/221
f 3143/246/193 3015/248/65 3172/249/222 3222/247/272
f 3222/247/272 3172/249/222 2998/250/322 3121/251/171
f 3171/238/221 3222/247/272 3121/251/171 2997/241/47
f 3015/248/65 3148/252/198 3223/253/273 3172/249/222
f 3148/252/198 3018/254/68 3173/255/223 3223/253/273
f 3223/253/273 3173/255/223 2999/256/49 3122/257/172
f 3172/249/222 3223/253/273 3122/257/172 2998/250/322
f 3018/258/68 3153/259/203 3224/260/274 3173/261/223
f 3153/259/203 3021/262/71 3174/263/224 3224/260/274
f 3224/260/274 3174/263/224 3000/264/323 3123/265/173
f 3173/261/223 3224/260/274 3123/265/173 2999/266/49
f 3021/262/71 3158/267/208 3225/268/275 3174/263/224
f 3158/267/208 3024/269/74 3175/270/225 3225/268/275
f 3225/268/275 3175/270/225 3001/271/51 3124/272/174
f 3174/263/224 3225/268/275 3124/272/174 3000/264/323
f 3024/269/74 3168/273/218 3226/274/276 3175/270/225
f 3168/273/218 3027/275/77 3176/276/226 3226/274/276
f 3226/274/276 3176/276/226 3002/277/52 3125/278/175
f 3175/270/225 3226/274/276 3125/278/175 3001/271/51
f 3002/277/52 3176/276/226 3227/279/277 3126/280/176
f 3176/276/226 3027/275/77 3160/281/210 3227/279/277
f 3227/279/277 3160/281/210 3026/33/76 3177/63/227
f 3126/280/176 3227/279/277 3177/63/227 3003/62/53
f 3009/245/59 3169/244/219 3228/282/278 3133/283/183
f 3169/244/219 2996/243/46 3119/284/169 3228/282/278
f 3228/282/278 3119/284/169 2995/49/45 3170/48/220
f 3133/283/183 3228/282/278 3170/48/220 3008/47/58
f 3005/183/55 3128/182/178 3229/285/279 3127/286/177
f 3128/182/178 3006/181/56 3129/287/179 3229/285/279
f 3229/285/279 3129/287/179 3007/288/57 3130/289/180
f 3127/286/177 3229/285/279 3130/289/180 3004/290/54
f 3004/92/54 3130/291/180 3230/292/280 3131/93/181
f 3130/291/180 3007/293/57 3132/294/182 3230/292/280
f 3230/292/280 3132/294/182 3009/245/59 3133/283/183
f 3131/93/181 3230/292/280 3133/283/183 3008/47/58
f 3006/181/56 3134/198/184 3231/295/281 3129/287/179
f 3134/198/184 3010/190/60 3135/296/185 3231/295/281
f 3231/295/281 3135/296/185 3011/297/61 3136/298/186
f 3129/287/179 3231/295/281 3136/298/186 3007/288/57
f 3007/293/57 3136/299/186 3232/300/282 3132/294/182
f 3136/299/186 3011/301/61 3137/302/187 3232/300/282
f 3232/300/282 3137/302/187 3012/237/62 3138/240/188
f 3132/294/182 3232/300/282 3138/240/188 3009/245/59
f 3010/190/60 3139/189/189 3233/303/283 3135/296/185
f 3139/189/189 3013/114/63 3140/304/190 3233/303/283
f 3233/303/283 3140/304/190 3014/305/64 3141/306/191
f 3135/296/185 3233/303/283 3141/306/191 3011/297/61
f 3011/301/61 3141/307/191 3234/308/284 3137/302/187
f 3141/307/191 3014/309/64 3142/310/192 3234/308/284
f 3234/308/284 3142/310/192 3015/248/65 3143/246/193
f 3137/302/187 3234/308/284 3143/246/193 3012/237/62
f 3013/114/63 3144/112/194 3235/311/285 3140/304/190
f 3144/112/194 3016/14/66 3145/312/195 3235/311/285
f 3235/311/285 3145/312/195 3017/313/324 3146/314/196
f 3140/304/190 3235/311/285 3146/314/196 3014/305/64
f 3014/309/64 3146/315/196 3236/316/286 3142/310/192
f 3146/315/196 3017/317/324 3147/318/197 3236/316/286
f 3236/316/286 3147/318/197 3018/254/68 3148/252/198
f 3142/310/192 3236/316/286 3148/252/198 3015/248/65
f 3016/14/66 3149/11/199 3237/319/287 3145/312/195
f 3149/11/199 3019/10/69 3150/320/200 3237/319/287
f 3237/319/287 3150/320/200 3020/321/70 3151/322/201
f 3145/312/195 3237/319/287 3151/322/201 3017/313/324
f 3017/323/324 3151/324/201 3238/325/288 3147/326/197
f 3151/324/201 3020/327/70 3152/328/202 3238/325/288
f 3238/325/288 3152/328/202 3021/262/71 3153/259/203
f 3147/326/197 3238/325/288 3153/259/203 3018/258/68
f 3019/10/69 3154/20/204 3239/329/289 3150/320/200
f 3154/20/204 3022/19/72 3155/330/205 3239/329/289
f 3239/329/289 3155/330/205 3023/331/73 3156/332/206
f 3150/320/200 3239/329/289 3156/332/206 3020/321/70
f 3020/327/70 3156/333/206 3240/334/290 3152/328/202
f 3156/333/206 3023/335/73 3157/336/207 3240/334/290
f 3240/334/290 3157/336/207 3024/269/74 3158/267/208
f 3152/328/202 3240/334/290 3158/267/208 3021/262/71
f 3026/33/76 3160/281/210 3241/337/291 3159/28/209
f 3160/281/210 3027/275/77 3161/338/211 3241/337/291
f 3241/337/291 3161/338/211 3028/339/78 3162/340/212
f 3159/28/209 3241/337/291 3162/340/212 3025/25/75
f 3025/72/75 3162/341/212 3242/342/292 3163/67/213
f 3162/341/212 3028/343/78 3164/344/214 3242/342/292
f 3242/342/292 3164/344/214 3030/73/80 3165/192/215
f 3163/67/213 3242/342/292 3165/192/215 3029/64/79
f 3022/19/72 3166/74/216 3243/345/293 3155/330/205
f 3166/74/216 3030/73/80 3164/344/214 3243/345/293
f 3243/345/293 3164/344/214 3028/343/78 3167/346/217
f 3155/330/205 3243/345/293 3167/346/217 3023/331/73
f 3023/335/73 3167/347/217 3244/348/294 3157/336/207
f 3167/347/217 3028/339/78 3161/338/211 3244/348/294
f 3244/348/294 3161/338/211 3027/275/77 3168/273/218
f 3157/336/207 3244/348/294 3168/273/218 3024/269/74
f 2980/185/30 3089/184/139 3245/349/295 3072/201/122
f 3089/184/139 3005/183/55 3127/286/177 3245/349/295
f 3245/349/295 3127/286/177 3004/290/54 3116/350/166
f 3072/201/122 3245/349/295 3116/350/166 2982/202/32
f 3251/1/310 3396/2/321 3473/3/228 3330/4/85
f 3396/2/321 3258/5/13 3393/6/148 3473/3/228
f 3473/3/228 3393/6/148 3279/7/34 3397/8/152
f 3330/4/85 3473/3/228 3397/8/152 3253/9/311
f 3314/10/69 3444/11/199 3474/12/229 3401/13/156
f 3444/11/199 3311/14/66 3399/15/154 3474/12/229
f 3474/12/229 3399/15/154 3267/16/22 3357/17/112
f 3401/13/156 3474/12/229 3357/17/112 3270/18/25
f 3317/19/72 3449/20/204 3475/21/230 3403/22/158
f 3449/20/204 3314/10/69 3401/13/156 3475/21/230
f 3475/21/230 3401/13/156 3270/18/25 3362/23/117
f 3403/22/158 3475/21/230 3362/23/117 3273/24/28
f 3320/25/75 3386/26/141 3476/27/231 3454/28/209
f 3386/26/141 3286/29/41 3376/30/131 3476/27/231
f 3476/27/231 3376/30/131 3285/31/40 3387/32/142
f 3454/28/209 3476/27/231 3387/32/142 3321/33/76
f 3272/34/27 3404/35/159 3477/36/232 3388/37/143
f 3404/35/159 3250/38/5 3335/39/90 3477/36/232
f 3477/36/232 3335/39/90 3255/40/312 3405/41/325
f 3388/37/143 3477/36/232 3405/41/325 3282/42/37
f 3276/43/31 3410/44/165 3478/45/233 3408/46/163
f 3410/44/165 3303/47/58 3465/48/220 3478/45/233
f 3478/45/233 3465/48/220 3290/49/45 3364/50/119
f 3408/46/163 3478/45/233 3364/50/119 3252/51/7
f 3253/52/311 3397/53/152 3479/54/234 3331/55/86
f 3397/53/152 3279/56/34 3371/57/126 3479/54/234
f 3479/54/234 3371/57/126 3276/43/31 3408/46/163
f 3331/55/86 3479/54/234 3408/46/163 3252/51/7
f 3254/58/9 3363/59/118 3480/60/235 3412/61/167
f 3363/59/118 3298/62/53 3472/63/227 3480/60/235
f 3480/60/235 3472/63/227 3321/33/76 3387/32/142
f 3412/61/167 3480/60/235 3387/32/142 3285/31/40
f 3324/64/79 3385/65/140 3481/66/236 3458/67/213
f 3385/65/140 3284/68/39 3372/69/127 3481/66/236
f 3481/66/236 3372/69/127 3286/70/41 3386/71/141
f 3458/67/213 3481/66/236 3386/71/141 3320/72/75
f 3325/73/80 3461/74/216 3482/75/237 3406/76/161
f 3461/74/216 3317/19/72 3403/22/158 3482/75/237
f 3482/75/237 3403/22/158 3273/24/28 3390/77/145
f 3406/76/161 3482/75/237 3390/77/145 3281/78/36
f 3263/79/18 3398/80/153 3483/81/238 3348/82/103
f 3398/80/153 3247/83/2 3327/84/82 3483/81/238
f 3483/81/238 3327/84/82 3248/85/3 3400/86/155
f 3348/82/103 3483/81/238 3400/86/155 3266/87/21
f 3277/88/32 3411/89/166 3484/90/329 3370/91/125
f 3411/89/166 3299/92/54 3426/93/181 3484/90/329
f 3484/90/329 3426/93/181 3303/47/58 3410/44/165
f 3370/91/125 3484/90/329 3410/44/165 3276/43/31
f 3260/94/15 3337/95/297 3485/96/240 3395/97/150
f 3337/95/297 3258/5/13 3396/2/321 3485/96/240
f 3485/96/240 3396/2/321 3251/1/310 3334/98/89
f 3395/97/150 3485/96/240 3334/98/89 3246/99/1
f 3266/87/21 3400/86/155 3486/100/241 3353/101/108
f 3400/86/155 3248/85/3 3328/102/83 3486/100/241
f 3486/100/241 3328/102/83 3249/103/4 3402/104/157
f 3353/101/108 3486/100/241 3402/104/157 3269/105/24
f 3269/105/24 3402/104/157 3487/106/242 3358/107/113
f 3402/104/157 3249/103/4 3329/108/84 3487/106/242
f 3487/106/242 3329/108/84 3250/38/5 3404/35/159
f 3358/107/113 3487/106/242 3404/35/159 3272/34/27
f 3260/94/15 3395/97/150 3488/109/243 3343/110/98
f 3395/97/150 3246/99/1 3326/111/81 3488/109/243
f 3488/109/243 3326/111/81 3247/83/2 3398/80/153
f 3343/110/98 3488/109/243 3398/80/153 3263/79/18
f 3311/14/66 3439/112/194 3489/113/244 3399/15/154
f 3439/112/194 3308/114/63 3409/115/164 3489/113/244
f 3489/113/244 3409/115/164 3264/116/19 3352/117/107
f 3399/15/154 3489/113/244 3352/117/107 3267/16/22
f 3256/118/313 3413/119/168 3490/120/245 3333/121/88
f 3413/119/168 3288/122/43 3383/123/138 3490/120/245
f 3490/120/245 3383/123/138 3282/42/37 3405/41/325
f 3333/121/88 3490/120/245 3405/41/325 3255/40/312
f 3254/58/9 3412/61/167 3491/124/246 3332/125/87
f 3412/61/167 3285/31/40 3378/126/133 3491/124/246
f 3491/124/246 3378/126/133 3288/127/43 3413/128/168
f 3332/125/87 3491/124/246 3413/128/168 3256/129/313
f 3258/5/13 3337/95/297 3492/130/308 3336/131/91
f 3337/95/297 3260/94/15 3338/132/93 3492/130/308
f 3492/130/308 3338/132/93 3262/133/17 3339/134/94
f 3336/131/91 3492/130/308 3339/134/94 3259/135/14
f 3259/136/14 3339/137/94 3493/138/248 3340/139/95
f 3339/137/94 3262/140/17 3341/141/96 3493/138/248
f 3493/138/248 3341/141/96 3261/142/16 3342/143/97
f 3340/139/95 3493/138/248 3342/143/97 3257/144/12
f 3260/94/15 3343/110/98 3494/145/249 3338/132/93
f 3343/110/98 3263/79/18 3344/146/99 3494/145/249
f 3494/145/249 3344/146/99 3265/147/20 3345/148/100
f 3338/132/93 3494/145/249 3345/148/100 3262/133/17
f 3262/140/17 3345/149/100 3495/150/250 3341/141/96
f 3345/149/100 3265/151/20 3346/152/101 3495/150/250
f 3495/150/250 3346/152/101 3264/116/19 3347/153/102
f 3341/141/96 3495/150/250 3347/153/102 3261/142/16
f 3263/79/18 3348/82/103 3496/154/251 3344/146/99
f 3348/82/103 3266/87/21 3349/155/104 3496/154/251
f 3496/154/251 3349/155/104 3268/156/23 3350/157/105
f 3344/146/99 3496/154/251 3350/157/105 3265/147/20
f 3265/151/20 3350/158/105 3497/159/252 3346/152/101
f 3350/158/105 3268/160/23 3351/161/106 3497/159/252
f 3497/159/252 3351/161/106 3267/16/22 3352/117/107
f 3346/152/101 3497/159/252 3352/117/107 3264/116/19
f 3266/87/21 3353/101/108 3498/162/253 3349/155/104
f 3353/101/108 3269/105/24 3354/163/109 3498/162/253
f 3498/162/253 3354/163/109 3271/164/26 3355/165/110
f 3349/155/104 3498/162/253 3355/165/110 3268/156/23
f 3268/160/23 3355/166/110 3499/167/254 3351/161/106
f 3355/166/110 3271/168/26 3356/169/111 3499/167/254
f 3499/167/254 3356/169/111 3270/18/25 3357/17/112
f 3351/161/106 3499/167/254 3357/17/112 3267/16/22
f 3269/105/24 3358/107/113 3500/170/255 3354/163/109
f 3358/107/113 3272/34/27 3359/171/114 3500/170/255
f 3500/170/255 3359/171/114 3274/172/29 3360/173/115
f 3354/163/109 3500/170/255 3360/173/115 3271/164/26
f 3271/168/26 3360/174/115 3501/175/256 3356/169/111
f 3360/174/115 3274/176/29 3361/177/116 3501/175/256
f 3501/175/256 3361/177/116 3273/24/28 3362/23/117
f 3356/169/111 3501/175/256 3362/23/117 3270/18/25
f 3257/144/12 3394/178/149 3502/179/257 3391/180/146
f 3301/181/56 3423/182/178 3502/179/257 3394/178/149
f 3300/183/55 3384/184/139 3502/179/257 3423/182/178
f 3275/185/30 3366/186/121 3502/179/257 3384/184/139
f 3278/187/33 3391/180/146 3502/179/257 3366/186/121
f 3264/116/19 3409/115/164 3503/188/258 3347/153/102
f 3409/115/164 3308/114/63 3434/189/189 3503/188/258
f 3503/188/258 3434/189/189 3305/190/60 3407/191/162
f 3347/153/102 3503/188/258 3407/191/162 3261/142/16
f 3324/64/79 3460/192/215 3504/193/259 3385/65/140
f 3325/73/80 3406/76/161 3504/193/259 3460/192/215
f 3281/78/36 3379/194/134 3504/193/259 3406/76/161
f 3287/195/42 3373/196/128 3504/193/259 3379/194/134
f 3284/68/39 3385/65/140 3504/193/259 3373/196/128
f 3261/142/16 3407/191/162 3505/197/260 3342/143/97
f 3407/191/162 3305/190/60 3429/198/184 3505/197/260
f 3505/197/260 3429/198/184 3301/181/56 3394/178/149
f 3342/143/97 3505/197/260 3394/178/149 3257/144/12
f 3278/187/33 3366/186/121 3506/199/261 3365/200/120
f 3366/186/121 3275/185/30 3367/201/122 3506/199/261
f 3506/199/261 3367/201/122 3277/202/32 3368/203/123
f 3365/200/120 3506/199/261 3368/203/123 3280/204/35
f 3280/205/35 3368/206/123 3507/207/262 3369/208/327
f 3368/206/123 3277/88/32 3370/91/125 3507/207/262
f 3507/207/262 3370/91/125 3276/43/31 3371/57/126
f 3369/208/327 3507/207/262 3371/57/126 3279/56/34
f 3284/68/39 3373/196/128 3508/209/263 3372/69/127
f 3373/196/128 3287/195/42 3374/210/129 3508/209/263
f 3508/209/263 3374/210/129 3289/211/44 3375/212/130
f 3372/69/127 3508/209/263 3375/212/130 3286/70/41
f 3286/29/41 3375/213/130 3509/214/264 3376/30/131
f 3375/213/130 3289/215/44 3377/216/328 3509/214/264
f 3509/214/264 3377/216/328 3288/127/43 3378/126/133
f 3376/30/131 3509/214/264 3378/126/133 3285/31/40
f 3287/195/42 3379/194/134 3510/217/265 3374/210/129
f 3379/194/134 3281/78/36 3380/218/135 3510/217/265
f 3510/217/265 3380/218/135 3283/219/38 3381/220/136
f 3374/210/129 3510/217/265 3381/220/136 3289/211/44
f 3289/221/44 3381/222/136 3511/223/266 3377/224/328
f 3381/222/136 3283/225/38 3382/226/137 3511/223/266
f 3511/223/266 3382/226/137 3282/42/37 3383/123/138
f 3377/224/328 3511/223/266 3383/123/138 3288/122/43
f 3272/34/27 3388/37/143 3512/227/309 3359/171/114
f 3388/37/143 3282/42/37 3382/226/137 3512/227/309
f 3512/227/309 3382/226/137 3283/225/38 3389/228/144
f 3359/171/114 3512/227/309 3389/228/144 3274/172/29
f 3274/176/29 3389/229/144 3513/230/268 3361/177/116
f 3389/229/144 3283/219/38 3380/218/135 3513/230/268
f 3513/230/268 3380/218/135 3281/78/36 3390/77/145
f 3361/177/116 3513/230/268 3390/77/145 3273/24/28
f 3257/144/12 3391/180/146 3514/231/269 3340/139/95
f 3391/180/146 3278/187/33 3365/200/120 3514/231/269
f 3514/231/269 3365/200/120 3280/204/35 3392/232/147
f 3340/139/95 3514/231/269 3392/232/147 3259/136/14
f 3259/135/14 3392/233/147 3515/234/270 3336/131/91
f 3392/233/147 3280/235/35 3369/236/327 3515/234/270
f 3515/234/270 3369/236/327 3279/7/34 3393/6/148
f 3336/131/91 3515/234/270 3393/6/148 3258/5/13
f 3307/237/62 3466/238/221 3516/239/271 3433/240/188
f 3466/238/221 3292/241/47 3415/242/170 3516/239/271
f 3516/239/271 3415/242/170 3291/243/46 3464/244/219
f 3433/240/188 3516/239/271 3464/244/219 3304/245/59
f 3307/237/62 3438/246/193 3517/247/272 3466/238/221
f 3438/246/193 3310/248/65 3467/249/222 3517/247/272
f 3517/247/272 3467/249/222 3293/250/48 3416/251/171
f 3466/238/221 3517/247/272 3416/251/171 3292/241/47
f 3310/248/65 3443/252/198 3518/253/273 3467/249/222
f 3443/252/198 3313/254/68 3468/255/223 3518/253/273
f 3518/253/273 3468/255/223 3294/256/49 3417/257/172
f 3467/249/222 3518/253/273 3417/257/172 3293/250/48
f 3313/258/68 3448/259/203 3519/260/274 3468/261/223
f 3448/259/203 3316/262/71 3469/263/224 3519/260/274
f 3519/260/274 3469/263/224 3295/264/50 3418/265/173
f 3468/261/223 3519/260/274 3418/265/173 3294/266/49
f 3316/262/71 3453/267/208 3520/268/275 3469/263/224
f 3453/267/208 3319/269/74 3470/270/225 3520/268/275
f 3520/268/275 3470/270/225 3296/271/51 3419/272/174
f 3469/263/224 3520/268/275 3419/272/174 3295/264/50
f 3319/269/74 3463/273/218 3521/274/276 3470/270/225
f 3463/273/218 3322/275/77 3471/276/226 3521/274/276
f 3521/274/276 3471/276/226 3297/277/52 3420/278/175
f 3470/270/225 3521/274/276 3420/278/175 3296/271/51
f 3297/277/52 3471/276/226 3522/279/277 3421/280/176
f 3471/276/226 3322/275/77 3455/281/210 3522/279/277
f 3522/279/277 3455/281/210 3321/33/76 3472/63/227
f 3421/280/176 3522/279/277 3472/63/227 3298/62/53
f 3304/245/59 3464/244/219 3523/282/278 3428/283/183
f 3464/244/219 3291/243/46 3414/284/169 3523/282/278
f 3523/282/278 3414/284/169 3290/49/45 3465/48/220
f 3428/283/183 3523/282/278 3465/48/220 3303/47/58
f 3300/183/55 3423/182/178 3524/285/279 3422/286/177
f 3423/182/178 3301/181/56 3424/287/179 3524/285/279
f 3524/285/279 3424/287/179 3302/288/57 3425/289/180
f 3422/286/177 3524/285/279 3425/289/180 3299/290/54
f 3299/92/54 3425/291/180 3525/292/280 3426/93/181
f 3425/291/180 3302/293/57 3427/294/182 3525/292/280
f 3525/292/280 3427/294/182 3304/245/59 3428/283/183
f 3426/93/181 3525/292/280 3428/283/183 3303/47/58
f 3301/181/56 3429/198/184 3526/295/281 3424/287/179
f 3429/198/184 3305/190/60 3430/296/185 3526/295/281
f 3526/295/281 3430/296/185 3306/297/61 3431/298/186
f 3424/287/179 3526/295/281 3431/298/186 3302/288/57
f 3302/293/57 3431/299/186 3527/300/282 3427/294/182
f 3431/299/186 3306/301/61 3432/302/187 3527/300/282
f 3527/300/282 3432/302/187 3307/237/62 3433/240/188
f 3427/294/182 3527/300/282 3433/240/188 3304/245/59
f 3305/190/60 3434/189/189 3528/303/283 3430/296/185
f 3434/189/189 3308/114/63 3435/304/190 3528/303/283
f 3528/303/283 3435/304/190 3309/305/64 3436/306/191
f 3430/296/185 3528/303/283 3436/306/191 3306/297/61
f 3306/301/61 3436/307/191 3529/308/284 3432/302/187
f 3436/307/191 3309/309/64 3437/310/192 3529/308/284
f 3529/308/284 3437/310/192 3310/248/65 3438/246/193
f 3432/302/187 3529/308/284 3438/246/193 3307/237/62
f 3308/114/63 3439/112/194 3530/311/285 3435/304/190
f 3439/112/194 3311/14/66 3440/312/195 3530/311/285
f 3530/311/285 3440/312/195 3312/313/67 3441/314/196
f 3435/304/190 3530/311/285 3441/314/196 3309/305/64
f 3309/309/64 3441/315/196 3531/316/286 3437/310/192
f 3441/315/196 3312/317/67 3442/318/197 3531/316/286
f 3531/316/286 3442/318/197 3313/254/68 3443/252/198
f 3437/310/192 3531/316/286 3443/252/198 3310/248/65
f 3311/14/66 3444/11/199 3532/319/287 3440/312/195
f 3444/11/199 3314/10/69 3445/320/200 3532/319/287
f 3532/319/287 3445/320/200 3315/321/70 3446/322/201
f 3440/312/195 3532/319/287 3446/322/201 3312/313/67
f 3312/323/67 3446/324/201 3533/325/288 3442/326/197
f 3446/324/201 3315/327/70 3447/328/202 3533/325/288
f 3533/325/288 3447/328/202 3316/262/71 3448/259/203
f 3442/326/197 3533/325/288 3448/259/203 3313/258/68
f 3314/10/69 3449/20/204 3534/329/289 3445/320/200
f 3449/20/204 3317/19/72 3450/330/205 3534/329/289
f 3534/329/289 3450/330/205 3318/331/73 3451/332/206
f 3445/320/200 3534/329/289 3451/332/206 3315/321/70
f 3315/327/70 3451/333/206 3535/334/290 3447/328/202
f 3451/333/206 3318/335/73 3452/336/207 3535/334/290
f 3535/334/290 3452/336/207 3319/269/74 3453/267/208
f 3447/328/202 3535/334/290 3453/267/208 3316/262/71
f 3321/33/76 3455/281/210 3536/337/291 3454/28/209
f 3455/281/210 3322/275/77 3456/338/211 3536/337/291
f 3536/337/291 3456/338/211 3323/339/78 3457/340/212
f 3454/28/209 3536/337/291 3457/340/212 3320/25/75
f 3320/72/75 3457/341/212 3537/342/292 3458/67/213
f 3457/341/212 3323/343/78 3459/344/214 3537/342/292
f 3537/342/292 3459/344/214 3325/73/80 3460/192/215
f 3458/67/213 3537/342/292 3460/192/215 3324/64/79
f 3317/19/72 3461/74/216 3538/345/293 3450/330/205
f 3461/74/216 3325/73/80 3459/344/214 3538/345/293
f 3538/345/293 3459/344/214 3323/343/78 3462/346/217
f 3450/330/205 3538/345/293 3462/346/217 3318/331/73
f 3318/335/73 3462/347/217 3539/348/294 3452/336/207
f 3462/347/217 3323/339/78 3456/338/211 3539/348/294
f 3539/348/294 3456/338/211 3322/275/77 3463/273/218
f 3452/336/207 3539/348/294 3463/273/218 3319/269/74
f 3275/185/30 3384/184/139 3540/349/295 3367/201/122
f 3384/184/139 3300/183/55 3422/286/177 3540/349/295
f 3540/349/295 3422/286/177 3299/290/54 3411/350/166
f 3367/201/122 3540/349/295 3411/350/166 3277/202/32
f 3546/1/310 3691/2/151 3768/3/335 3625/4/85
f 3691/2/151 3553/5/13 3688/6/148 3768/3/335
f 3768/3/335 3688/6/148 3574/7/330 3692/8/152
f 3625/4/85 3768/3/335 3692/8/152 3548/9/311
f 3609/10/69 3739/11/199 3769/12/229 3696/13/156
f 3739/11/199 3606/14/66 3694/15/154 3769/12/229
f 3769/12/229 3694/15/154 3562/16/22 3652/17/112
f 3696/13/156 3769/12/229 3652/17/112 3565/18/25
f 3612/19/72 3744/20/204 3770/21/230 3698/22/158
f 3744/20/204 3609/10/69 3696/13/156 3770/21/230
f 3770/21/230 3696/13/156 3565/18/25 3657/23/117
f 3698/22/158 3770/21/230 3657/23/117 3568/24/28
f 3615/25/75 3681/26/141 3771/27/231 3749/28/209
f 3681/26/141 3581/29/41 3671/30/131 3771/27/231
f 3771/27/231 3671/30/131 3580/31/40 3682/32/142
f 3749/28/209 3771/27/231 3682/32/142 3616/33/76
f 3567/34/27 3699/35/159 3772/36/232 3683/37/303
f 3699/35/159 3545/38/5 3630/39/90 3772/36/232
f 3772/36/232 3630/39/90 3550/40/312 3700/41/160
f 3683/37/303 3772/36/232 3700/41/160 3577/42/37
f 3571/43/31 3705/44/165 3773/45/233 3703/46/163
f 3705/44/165 3598/47/58 3760/48/220 3773/45/233
f 3773/45/233 3760/48/220 3585/49/45 3659/50/119
f 3703/46/163 3773/45/233 3659/50/119 3547/51/7
f 3548/52/311 3692/53/152 3774/54/234 3626/55/86
f 3692/53/152 3574/56/330 3666/57/126 3774/54/234
f 3774/54/234 3666/57/126 3571/43/31 3703/46/163
f 3626/55/86 3774/54/234 3703/46/163 3547/51/7
f 3549/58/9 3658/59/118 3775/60/235 3707/61/167
f 3658/59/118 3593/62/53 3767/63/227 3775/60/235
f 3775/60/235 3767/63/227 3616/33/76 3682/32/142
f 3707/61/167 3775/60/235 3682/32/142 3580/31/40
f 3619/64/79 3680/65/140 3776/66/236 3753/67/213
f 3680/65/140 3579/68/39 3667/69/127 3776/66/236
f 3776/66/236 3667/69/127 3581/70/41 3681/71/141
f 3753/67/213 3776/66/236 3681/71/141 3615/72/75
f 3620/73/80 3756/74/216 3777/75/237 3701/76/161
f 3756/74/216 3612/19/72 3698/22/158 3777/75/237
f 3777/75/237 3698/22/158 3568/24/28 3685/77/145
f 3701/76/161 3777/75/237 3685/77/145 3576/78/36
f 3558/79/18 3693/80/153 3778/81/238 3643/82/103
f 3693/80/153 3542/83/2 3622/84/82 3778/81/238
f 3778/81/238 3622/84/82 3543/85/3 3695/86/155
f 3643/82/103 3778/81/238 3695/86/155 3561/87/21
f 3572/88/32 3706/89/166 3779/90/329 3665/91/125
f 3706/89/166 3594/92/54 3721/93/181 3779/90/329
f 3779/90/329 3721/93/181 3598/47/58 3705/44/165
f 3665/91/125 3779/90/329 3705/44/165 3571/43/31
f 3555/94/15 3632/95/297 3780/96/240 3690/97/150
f 3632/95/297 3553/5/13 3691/2/151 3780/96/240
f 3780/96/240 3691/2/151 3546/1/310 3629/98/89
f 3690/97/150 3780/96/240 3629/98/89 3541/99/1
f 3561/87/21 3695/86/155 3781/100/241 3648/101/108
f 3695/86/155 3543/85/3 3623/102/83 3781/100/241
f 3781/100/241 3623/102/83 3544/103/4 3697/104/157
f 3648/101/108 3781/100/241 3697/104/157 3564/105/24
f 3564/105/24 3697/104/157 3782/106/242 3653/107/113
f 3697/104/157 3544/103/4 3624/108/84 3782/106/242
f 3782/106/242 3624/108/84 3545/38/5 3699/35/159
f 3653/107/113 3782/106/242 3699/35/159 3567/34/27
f 3555/94/15 3690/97/150 3783/109/243 3638/110/98
f 3690/97/150 3541/99/1 3621/111/81 3783/109/243
f 3783/109/243 3621/111/81 3542/83/2 3693/80/153
f 3638/110/98 3783/109/243 3693/80/153 3558/79/18
f 3606/14/66 3734/112/194 3784/113/244 3694/15/154
f 3734/112/194 3603/114/63 3704/115/164 3784/113/244
f 3784/113/244 3704/115/164 3559/116/19 3647/117/107
f 3694/15/154 3784/113/244 3647/117/107 3562/16/22
f 3551/118/313 3708/119/168 3785/120/245 3628/121/88
f 3708/119/168 3583/122/331 3678/123/138 3785/120/245
f 3785/120/245 3678/123/138 3577/42/37 3700/41/160
f 3628/121/88 3785/120/245 3700/41/160 3550/40/312
f 3549/58/9 3707/61/167 3786/124/246 3627/125/87
f 3707/61/167 3580/31/40 3673/126/133 3786/124/246
f 3786/124/246 3673/126/133 3583/127/331 3708/128/168
f 3627/125/87 3786/124/246 3708/128/168 3551/129/313
f 3553/5/13 3632/95/297 3787/130/308 3631/131/91
f 3632/95/297 3555/94/15 3633/132/93 3787/130/308
f 3787/130/308 3633/132/93 3557/133/17 3634/134/94
f 3631/131/91 3787/130/308 3634/134/94 3554/135/14
f 3554/136/14 3634/137/94 3788/138/248 3635/139/95
f 3634/137/94 3557/140/17 3636/141/96 3788/138/248
f 3788/138/248 3636/141/96 3556/142/16 3637/143/97
f 3635/139/95 3788/138/248 3637/143/97 3552/144/12
f 3555/94/15 3638/110/98 3789/145/249 3633/132/93
f 3638/110/98 3558/79/18 3639/146/99 3789/145/249
f 3789/145/249 3639/146/99 3560/147/20 3640/148/100
f 3633/132/93 3789/145/249 3640/148/100 3557/133/17
f 3557/140/17 3640/149/100 3790/150/250 3636/141/96
f 3640/149/100 3560/151/20 3641/152/101 3790/150/250
f 3790/150/250 3641/152/101 3559/116/19 3642/153/102
f 3636/141/96 3790/150/250 3642/153/102 3556/142/16
f 3558/79/18 3643/82/103 3791/154/251 3639/146/99
f 3643/82/103 3561/87/21 3644/155/104 3791/154/251
f 3791/154/251 3644/155/104 3563/156/23 3645/157/105
f 3639/146/99 3791/154/251 3645/157/105 3560/147/20
f 3560/151/20 3645/158/105 3792/159/252 3641/152/101
f 3645/158/105 3563/160/23 3646/161/106 3792/159/252
f 3792/159/252 3646/161/106 3562/16/22 3647/117/107
f 3641/152/101 3792/159/252 3647/117/107 3559/116/19
f 3561/87/21 3648/101/108 3793/162/253 3644/155/104
f 3648/101/108 3564/105/24 3649/163/109 3793/162/253
f 3793/162/253 3649/163/109 3566/164/26 3650/165/110
f 3644/155/104 3793/162/253 3650/165/110 3563/156/23
f 3563/160/23 3650/166/110 3794/167/254 3646/161/106
f 3650/166/110 3566/168/26 3651/169/111 3794/167/254
f 3794/167/254 3651/169/111 3565/18/25 3652/17/112
f 3646/161/106 3794/167/254 3652/17/112 3562/16/22
f 3564/105/24 3653/107/113 3795/170/255 3649/163/109
f 3653/107/113 3567/34/27 3654/171/114 3795/170/255
f 3795/170/255 3654/171/114 3569/172/29 3655/173/115
f 3649/163/109 3795/170/255 3655/173/115 3566/164/26
f 3566/168/26 3655/174/115 3796/175/256 3651/169/111
f 3655/174/115 3569/176/29 3656/177/116 3796/175/256
f 3796/175/256 3656/177/116 3568/24/28 3657/23/117
f 3651/169/111 3796/175/256 3657/23/117 3565/18/25
f 3552/144/12 3689/178/149 3797/179/257 3686/180/146
f 3596/181/56 3718/182/178 3797/179/257 3689/178/149
f 3595/183/55 3679/184/139 3797/179/257 3718/182/178
f 3570/185/30 3661/186/121 3797/179/257 3679/184/139
f 3573/187/33 3686/180/146 3797/179/257 3661/186/121
f 3559/116/19 3704/115/164 3798/188/258 3642/153/102
f 3704/115/164 3603/114/63 3729/189/189 3798/188/258
f 3798/188/258 3729/189/189 3600/190/60 3702/191/162
f 3642/153/102 3798/188/258 3702/191/162 3556/142/16
f 3619/64/79 3755/192/215 3799/193/259 3680/65/140
f 3620/73/80 3701/76/161 3799/193/259 3755/192/215
f 3576/78/36 3674/194/134 3799/193/259 3701/76/161
f 3582/195/42 3668/196/128 3799/193/259 3674/194/134
f 3579/68/39 3680/65/140 3799/193/259 3668/196/128
f 3556/142/16 3702/191/162 3800/197/260 3637/143/97
f 3702/191/162 3600/190/60 3724/198/184 3800/197/260
f 3800/197/260 3724/198/184 3596/181/56 3689/178/149
f 3637/143/97 3800/197/260 3689/178/149 3552/144/12
f 3573/187/33 3661/186/121 3801/199/261 3660/200/120
f 3661/186/121 3570/185/30 3662/201/122 3801/199/261
f 3801/199/261 3662/201/122 3572/202/32 3663/203/123
f 3660/200/120 3801/199/261 3663/203/123 3575/204/326
f 3575/205/326 3663/206/123 3802/207/262 3664/208/124
f 3663/206/123 3572/88/32 3665/91/125 3802/207/262
f 3802/207/262 3665/91/125 3571/43/31 3666/57/126
f 3664/208/124 3802/207/262 3666/57/126 3574/56/330
f 3579/68/39 3668/196/128 3803/209/263 3667/69/127
f 3668/196/128 3582/195/42 3669/210/129 3803/209/263
f 3803/209/263 3669/210/129 3584/211/332 3670/212/130
f 3667/69/127 3803/209/263 3670/212/130 3581/70/41
f 3581/29/41 3670/213/130 3804/214/264 3671/30/131
f 3670/213/130 3584/215/332 3672/216/132 3804/214/264
f 3804/214/264 3672/216/132 3583/127/331 3673/126/133
f 3671/30/131 3804/214/264 3673/126/133 3580/31/40
f 3582/195/42 3674/194/134 3805/217/265 3669/210/129
f 3674/194/134 3576/78/36 3675/218/135 3805/217/265
f 3805/217/265 3675/218/135 3578/219/38 3676/220/136
f 3669/210/129 3805/217/265 3676/220/136 3584/211/332
f 3584/221/332 3676/222/136 3806/223/318 3672/224/132
f 3676/222/136 3578/225/38 3677/226/137 3806/223/318
f 3806/223/318 3677/226/137 3577/42/37 3678/123/138
f 3672/224/132 3806/223/318 3678/123/138 3583/122/331
f 3567/34/27 3683/37/303 3807/227/309 3654/171/114
f 3683/37/303 3577/42/37 3677/226/137 3807/227/309
f 3807/227/309 3677/226/137 3578/225/38 3684/228/144
f 3654/171/114 3807/227/309 3684/228/144 3569/172/29
f 3569/176/29 3684/229/144 3808/230/268 3656/177/116
f 3684/229/144 3578/219/38 3675/218/135 3808/230/268
f 3808/230/268 3675/218/135 3576/78/36 3685/77/145
f 3656/177/116 3808/230/268 3685/77/145 3568/24/28
f 3552/144/12 3686/180/146 3809/231/269 3635/139/95
f 3686/180/146 3573/187/33 3660/200/120 3809/231/269
f 3809/231/269 3660/200/120 3575/204/326 3687/232/147
f 3635/139/95 3809/231/269 3687/232/147 3554/136/14
f 3554/135/14 3687/233/147 3810/234/336 3631/131/91
f 3687/233/147 3575/235/326 3664/236/124 3810/234/336
f 3810/234/336 3664/236/124 3574/7/330 3688/6/148
f 3631/131/91 3810/234/336 3688/6/148 3553/5/13
f 3602/237/62 3761/238/221 3811/239/271 3728/240/188
f 3761/238/221 3587/241/47 3710/242/170 3811/239/271
f 3811/239/271 3710/242/170 3586/243/46 3759/244/219
f 3728/240/188 3811/239/271 3759/244/219 3599/245/59
f 3602/237/62 3733/246/333 3812/247/272 3761/238/221
f 3733/246/333 3605/248/65 3762/249/222 3812/247/272
f 3812/247/272 3762/249/222 3588/250/48 3711/251/171
f 3761/238/221 3812/247/272 3711/251/171 3587/241/47
f 3605/248/65 3738/252/198 3813/253/273 3762/249/222
f 3738/252/198 3608/254/68 3763/255/223 3813/253/273
f 3813/253/273 3763/255/223 3589/256/49 3712/257/172
f 3762/249/222 3813/253/273 3712/257/172 3588/250/48
f 3608/258/68 3743/259/203 3814/260/274 3763/261/223
f 3743/259/203 3611/262/71 3764/263/224 3814/260/274
f 3814/260/274 3764/263/224 3590/264/50 3713/265/173
f 3763/261/223 3814/260/274 3713/265/173 3589/266/49
f 3611/262/71 3748/267/334 3815/268/275 3764/263/224
f 3748/267/334 3614/269/74 3765/270/225 3815/268/275
f 3815/268/275 3765/270/225 3591/271/51 3714/272/174
f 3764/263/224 3815/268/275 3714/272/174 3590/264/50
f 3614/269/74 3758/273/218 3816/274/276 3765/270/225
f 3758/273/218 3617/275/77 3766/276/226 3816/274/276
f 3816/274/276 3766/276/226 3592/277/52 3715/278/175
f 3765/270/225 3816/274/276 3715/278/175 3591/271/51
f 3592/277/52 3766/276/226 3817/279/277 3716/280/176
f 3766/276/226 3617/275/77 3750/281/210 3817/279/277
f 3817/279/277 3750/281/210 3616/33/76 3767/63/227
f 3716/280/176 3817/279/277 3767/63/227 3593/62/53
f 3599/245/59 3759/244/219 3818/282/278 3723/283/183
f 3759/244/219 3586/243/46 3709/284/169 3818/282/278
f 3818/282/278 3709/284/169 3585/49/45 3760/48/220
f 3723/283/183 3818/282/278 3760/48/220 3598/47/58
f 3595/183/55 3718/182/178 3819/285/279 3717/286/177
f 3718/182/178 3596/181/56 3719/287/179 3819/285/279
f 3819/285/279 3719/287/179 3597/288/57 3720/289/180
f 3717/286/177 3819/285/279 3720/289/180 3594/290/54
f 3594/92/54 3720/291/180 3820/292/280 3721/93/181
f 3720/291/180 3597/293/57 3722/294/182 3820/292/280
f 3820/292/280 3722/294/182 3599/245/59 3723/283/183
f 3721/93/181 3820/292/280 3723/283/183 3598/47/58
f 3596/181/56 3724/198/184 3821/295/281 3719/287/179
f 3724/198/184 3600/190/60 3725/296/185 3821/295/281
f 3821/295/281 3725/296/185 3601/297/61 3726/298/186
f 3719/287/179 3821/295/281 3726/298/186 3597/288/57
f 3597/293/57 3726/299/186 3822/300/282 3722/294/182
f 3726/299/186 3601/301/61 3727/302/187 3822/300/282
f 3822/300/282 3727/302/187 3602/237/62 3728/240/188
f 3722/294/182 3822/300/282 3728/240/188 3599/245/59
f 3600/190/60 3729/189/189 3823/303/283 3725/296/185
f 3729/189/189 3603/114/63 3730/304/190 3823/303/283
f 3823/303/283 3730/304/190 3604/305/64 3731/306/191
f 3725/296/185 3823/303/283 3731/306/191 3601/297/61
f 3601/301/61 3731/307/191 3824/308/284 3727/302/187
f 3731/307/191 3604/309/64 3732/310/192 3824/308/284
f 3824/308/284 3732/310/192 3605/248/65 3733/246/333
f 3727/302/187 3824/308/284 3733/246/333 3602/237/62
f 3603/114/63 3734/112/194 3825/311/285 3730/304/190
f 3734/112/194 3606/14/66 3735/312/195 3825/311/285
f 3825/311/285 3735/312/195 3607/313/67 3736/314/196
f 3730/304/190 3825/311/285 3736/314/196 3604/305/64
f 3604/309/64 3736/315/196 3826/316/286 3732/310/192
f 3736/315/196 3607/317/67 3737/318/197 3826/316/286
f 3826/316/286 3737/318/197 3608/254/68 3738/252/198
f 3732/310/192 3826/316/286 3738/252/198 3605/248/65
f 3606/14/66 3739/11/199 3827/319/287 3735/312/195
f 3739/11/199 3609/10/69 3740/320/200 3827/319/287
f 3827/319/287 3740/320/200 3610/321/70 3741/322/201
f 3735/312/195 3827/319/287 3741/322/201 3607/313/67
f 3607/323/67 3741/324/201 3828/325/288 3737/326/197
f 3741/324/201 3610/327/70 3742/328/202 3828/325/288
f 3828/325/288 3742/328/202 3611/262/71 3743/259/203
f 3737/326/197 3828/325/288 3743/259/203 3608/258/68
f 3609/10/69 3744/20/204 3829/329/289 3740/320/200
f 3744/20/204 3612/19/72 3745/330/205 3829/329/289
f 3829/329/289 3745/330/205 3613/331/73 3746/332/206
f 3740/320/200 3829/329/289 3746/332/206 3610/321/70
f 3610/327/70 3746/333/206 3830/334/290 3742/328/202
f 3746/333/206 3613/335/73 3747/336/207 3830/334/290
f 3830/334/290 3747/336/207 3614/269/74 3748/267/334
f 3742/328/202 3830/334/290 3748/267/334 3611/262/71
f 3616/33/76 3750/281/210 3831/337/291 3749/28/209
f 3750/281/210 3617/275/77 3751/338/211 3831/337/291
f 3831/337/291 3751/338/211 3618/339/78 3752/340/212
f 3749/28/209 3831/337/291 3752/340/212 3615/25/75
f 3615/72/75 3752/341/212 3832/342/292 3753/67/213
f 3752/341/212 3618/343/78 3754/344/214 3832/342/292
f 3832/342/292 3754/344/214 3620/73/80 3755/192/215
f 3753/67/213 3832/342/292 3755/192/215 3619/64/79
f 3612/19/72 3756/74/216 3833/345/293 3745/330/205
f 3756/74/216 3620/73/80 3754/344/214 3833/345/293
f 3833/345/293 3754/344/214 3618/343/78 3757/346/217
f 3745/330/205 3833/345/293 3757/346/217 3613/331/73
f 3613/335/73 3757/347/217 3834/348/294 3747/336/207
f 3757/347/217 3618/339/78 3751/338/211 3834/348/294
f 3834/348/294 3751/338/211 3617/275/77 3758/273/218
f 3747/336/207 3834/348/294 3758/273/218 3614/269/74
f 3570/185/30 3679/184/139 3835/349/295 3662/201/122
f 3679/184/139 3595/183/55 3717/286/177 3835/349/295
f 3835/349/295 3717/286/177 3594/290/54 3706/350/166
f 3662/201/122 3835/349/295 3706/350/166 3572/202/32
f 3841/1/310 3986/2/321 4063/3/228 3920/4/85
f 3986/2/321 3848/5/13 3983/6/148 4063/3/228
f 4063/3/228 3983/6/148 3869/7/34 3987/8/152
f 3920/4/85 4063/3/228 3987/8/152 3843/9/311
f 3904/10/69 4034/11/199 4064/12/229 3991/13/156
f 4034/11/199 3901/14/66 3989/15/154 4064/12/229
f 4064/12/229 3989/15/154 3857/16/22 3947/17/112
f 3991/13/156 4064/12/229 3947/17/112 3860/18/25
f 3907/19/72 4039/20/204 4065/21/230 3993/22/158
f 4039/20/204 3904/10/69 3991/13/156 4065/21/230
f 4065/21/230 3991/13/156 3860/18/25 3952/23/117
f 3993/22/158 4065/21/230 3952/23/117 3863/24/28
f 3910/25/75 3976/26/141 4066/27/231 4044/28/209
f 3976/26/141 3876/29/41 3966/30/131 4066/27/231
f 4066/27/231 3966/30/131 3875/31/40 3977/32/142
f 4044/28/209 4066/27/231 3977/32/142 3911/33/76
f 3862/34/27 3994/35/159 4067/36/232 3978/37/143
f 3994/35/159 3840/38/5 3925/39/90 4067/36/232
f 4067/36/232 3925/39/90 3845/40/312 3995/41/325
f 3978/37/143 4067/36/232 3995/41/325 3872/42/37
f 3866/43/31 4000/44/165 4068/45/233 3998/46/163
f 4000/44/165 3893/47/58 4055/48/220 4068/45/233
f 4068/45/233 4055/48/220 3880/49/45 3954/50/119
f 3998/46/163 4068/45/233 3954/50/119 3842/51/7
f 3843/52/311 3987/53/152 4069/54/234 3921/55/86
f 3987/53/152 3869/56/34 3961/57/126 4069/54/234
f 4069/54/234 3961/57/126 3866/43/31 3998/46/163
f 3921/55/86 4069/54/234 3998/46/163 3842/51/7
f 3844/58/9 3953/59/118 4070/60/235 4002/61/167
f 3953/59/118 3888/62/53 4062/63/227 4070/60/235
f 4070/60/235 4062/63/227 3911/33/76 3977/32/142
f 4002/61/167 4070/60/235 3977/32/142 3875/31/40
f 3914/64/79 3975/65/140 4071/66/236 4048/67/213
f 3975/65/140 3874/68/39 3962/69/127 4071/66/236
f 4071/66/236 3962/69/127 3876/70/41 3976/71/141
f 4048/67/213 4071/66/236 3976/71/141 3910/72/75
f 3915/73/80 4051/74/216 4072/75/237 3996/76/161
f 4051/74/216 3907/19/72 3993/22/158 4072/75/237
f 4072/75/237 3993/22/158 3863/24/28 3980/77/145
f 3996/76/161 4072/75/237 3980/77/145 3871/78/36
f 3853/79/18 3988/80/153 4073/81/238 3938/82/103
f 3988/80/153 3837/83/2 3917/84/82 4073/81/238
f 4073/81/238 3917/84/82 3838/85/3 3990/86/155
f 3938/82/103 4073/81/238 3990/86/155 3856/87/21
f 3867/88/32 4001/89/166 4074/90/329 3960/91/125
f 4001/89/166 3889/92/54 4016/93/181 4074/90/329
f 4074/90/329 4016/93/181 3893/47/58 4000/44/165
f 3960/91/125 4074/90/329 4000/44/165 3866/43/31
f 3850/94/15 3927/95/297 4075/96/240 3985/97/150
f 3927/95/297 3848/5/13 3986/2/321 4075/96/240
f 4075/96/240 3986/2/321 3841/1/310 3924/98/89
f 3985/97/150 4075/96/240 3924/98/89 3836/99/1
f 3856/87/21 3990/86/155 4076/100/241 3943/101/108
f 3990/86/155 3838/85/3 3918/102/83 4076/100/241
f 4076/100/241 3918/102/83 3839/103/4 3992/104/157
f 3943/101/108 4076/100/241 3992/104/157 3859/105/24
f 3859/105/24 3992/104/157 4077/106/242 3948/107/113
f 3992/104/157 3839/103/4 3919/108/84 4077/106/242
f 4077/106/242 3919/108/84 3840/38/5 3994/35/159
f 3948/107/113 4077/106/242 3994/35/159 3862/34/27
f 3850/94/15 3985/97/150 4078/109/243 3933/110/98
f 3985/97/150 3836/99/1 3916/111/81 4078/109/243
f 4078/109/243 3916/111/81 3837/83/2 3988/80/153
f 3933/110/98 4078/109/243 3988/80/153 3853/79/18
f 3901/14/66 4029/112/194 4079/113/244 3989/15/154
f 4029/112/194 3898/114/63 3999/115/164 4079/113/244
f 4079/113/244 3999/115/164 3854/116/19 3942/117/107
f 3989/15/154 4079/113/244 3942/117/107 3857/16/22
f 3846/118/313 4003/119/168 4080/120/245 3923/121/88
f 4003/119/168 3878/122/43 3973/123/138 4080/120/245
f 4080/120/245 3973/123/138 3872/42/37 3995/41/325
f 3923/121/88 4080/120/245 3995/41/325 3845/40/312
f 3844/58/9 4002/61/167 4081/124/246 3922/125/87
f 4002/61/167 3875/31/40 3968/126/133 4081/124/246
f 4081/124/246 3968/126/133 3878/127/43 4003/128/168
f 3922/125/87 4081/124/246 4003/128/168 3846/129/313
f 3848/5/13 3927/95/297 4082/130/308 3926/131/91
f 3927/95/297 3850/94/15 3928/132/93 4082/130/308
f 4082/130/308 3928/132/93 3852/133/17 3929/134/94
f 3926/131/91 4082/130/308 3929/134/94 3849/135/14
f 3849/136/14 3929/137/94 4083/138/248 3930/139/95
f 3929/137/94 3852/140/17 3931/141/96 4083/138/248
f 4083/138/248 3931/141/96 3851/142/16 3932/143/97
f 3930/139/95 4083/138/248 3932/143/97 3847/144/12
f 3850/94/15 3933/110/98 4084/145/249 3928/132/93
f 3933/110/98 3853/79/18 3934/146/99 4084/145/249
f 4084/145/249 3934/146/99 3855/147/20 3935/148/100
f 3928/132/93 4084/145/249 3935/148/100 3852/133/17
f 3852/140/17 3935/149/100 4085/150/250 3931/141/96
f 3935/149/100 3855/151/20 3936/152/101 4085/150/250
f 4085/150/250 3936/152/101 3854/116/19 3937/153/102
f 3931/141/96 4085/150/250 3937/153/102 3851/142/16
f 3853/79/18 3938/82/103 4086/154/251 3934/146/99
f 3938/82/103 3856/87/21 3939/155/104 4086/154/251
f 4086/154/251 3939/155/104 3858/156/23 3940/157/105
f 3934/146/99 4086/154/251 3940/157/105 3855/147/20
f 3855/151/20 3940/158/105 4087/159/252 3936/152/101
f 3940/158/105 3858/160/23 3941/161/106 4087/159/252
f 4087/159/252 3941/161/106 3857/16/22 3942/117/107
f 3936/152/101 4087/159/252 3942/117/107 3854/116/19
f 3856/87/21 3943/101/108 4088/162/253 3939/155/104
f 3943/101/108 3859/105/24 3944/163/109 4088/162/253
f 4088/162/253 3944/163/109 3861/164/26 3945/165/110
f 3939/155/104 4088/162/253 3945/165/110 3858/156/23
f 3858/160/23 3945/166/110 4089/167/254 3941/161/106
f 3945/166/110 3861/168/26 3946/169/111 4089/167/254
f 4089/167/254 3946/169/111 3860/18/25 3947/17/112
f 3941/161/106 4089/167/254 3947/17/112 3857/16/22
f 3859/105/24 3948/107/113 4090/170/255 3944/163/109
f 3948/107/113 3862/34/27 3949/171/114 4090/170/255
f 4090/170/255 3949/171/114 3864/172/29 3950/173/115
f 3944/163/109 4090/170/255 3950/173/115 3861/164/26
f 3861/168/26 3950/174/115 4091/175/256 3946/169/111
f 3950/174/115 3864/176/29 3951/177/116 4091/175/256
f 4091/175/256 3951/177/116 3863/24/28 3952/23/117
f 3946/169/111 4091/175/256 3952/23/117 3860/18/25
f 3847/144/12 3984/178/149 4092/179/257 3981/180/146
f 3891/181/56 4013/182/178 4092/179/257 3984/178/149
f 3890/183/55 3974/184/139 4092/179/257 4013/182/178
f 3865/185/30 3956/186/121 4092/179/257 3974/184/139
f 3868/187/33 3981/180/146 4092/179/257 3956/186/121
f 3854/116/19 3999/115/164 4093/188/258 3937/153/102
f 3999/115/164 3898/114/63 4024/189/189 4093/188/258
f 4093/188/258 4024/189/189 3895/190/60 3997/191/162
f 3937/153/102 4093/188/258 3997/191/162 3851/142/16
f 3914/64/79 4050/192/215 4094/193/259 3975/65/140
f 3915/73/80 3996/76/161 4094/193/259 4050/192/215
f 3871/78/36 3969/194/134 4094/193/259 3996/76/161
f 3877/195/42 3963/196/128 4094/193/259 3969/194/134
f 3874/68/39 3975/65/140 4094/193/259 3963/196/128
f 3851/142/16 3997/191/162 4095/197/260 3932/143/97
f 3997/191/162 3895/190/60 4019/198/184 4095/197/260
f 4095/197/260 4019/198/184 3891/181/56 3984/178/149
f 3932/143/97 4095/197/260 3984/178/149 3847/144/12
f 3868/187/33 3956/186/121 4096/199/261 3955/200/120
f 3956/186/121 3865/185/30 3957/201/122 4096/199/261
f 4096/199/261 3957/201/122 3867/202/32 3958/203/123
f 3955/200/120 4096/199/261 3958/203/123 3870/204/35
f 3870/205/35 3958/206/123 4097/207/262 3959/208/327
f 3958/206/123 3867/88/32 3960/91/125 4097/207/262
f 4097/207/262 3960/91/125 3866/43/31 3961/57/126
f 3959/208/327 4097/207/262 3961/57/126 3869/56/34
f 3874/68/39 3963/196/128 4098/209/263 3962/69/127
f 3963/196/128 3877/195/42 3964/210/129 4098/209/263
f 4098/209/263 3964/210/129 3879/211/44 3965/212/130
f 3962/69/127 4098/209/263 3965/212/130 3876/70/41
f 3876/29/41 3965/213/130 4099/214/264 3966/30/131
f 3965/213/130 3879/215/44 3967/216/328 4099/214/264
f 4099/214/264 3967/216/328 3878/127/43 3968/126/133
f 3966/30/131 4099/214/264 3968/126/133 3875/31/40
f 3877/195/42 3969/194/134 4100/217/265 3964/210/129
f 3969/194/134 3871/78/36 3970/218/135 4100/217/265
f 4100/217/265 3970/218/135 3873/219/38 3971/220/136
f 3964/210/129 4100/217/265 3971/220/136 3879/211/44
f 3879/221/44 3971/222/136 4101/223/266 3967/224/328
f 3971/222/136 3873/225/38 3972/226/137 4101/223/266
f 4101/223/266 3972/226/137 3872/42/37 3973/123/138
f 3967/224/328 4101/223/266 3973/123/138 3878/122/43
f 3862/34/27 3978/37/143 4102/227/309 3949/171/114
f 3978/37/143 3872/42/37 3972/226/137 4102/227/309
f 4102/227/309 3972/226/137 3873/225/38 3979/228/304
f 3949/171/114 4102/227/309 3979/228/304 3864/172/29
f 3864/176/29 3979/229/304 4103/230/268 3951/177/116
f 3979/229/304 3873/219/38 3970/218/135 4103/230/268
f 4103/230/268 3970/218/135 3871/78/36 3980/77/145
f 3951/177/116 4103/230/268 3980/77/145 3863/24/28
f 3847/144/12 3981/180/146 4104/231/269 3930/139/95
f 3981/180/146 3868/187/33 3955/200/120 4104/231/269
f 4104/231/269 3955/200/120 3870/204/35 3982/232/147
f 3930/139/95 4104/231/269 3982/232/147 3849/136/14
f 3849/135/14 3982/233/147 4105/234/270 3926/131/91
f 3982/233/147 3870/235/35 3959/236/327 4105/234/270
f 4105/234/270 3959/236/327 3869/7/34 3983/6/148
f 3926/131/91 4105/234/270 3983/6/148 3848/5/13
f 3897/237/62 4056/238/221 4106/239/271 4023/240/188
f 4056/238/221 3882/241/47 4005/242/170 4106/239/271
f 4106/239/271 4005/242/170 3881/243/46 4054/244/219
f 4023/240/188 4106/239/271 4054/244/219 3894/245/59
f 3897/237/62 4028/246/193 4107/247/272 4056/238/221
f 4028/246/193 3900/248/65 4057/249/222 4107/247/272
f 4107/247/272 4057/249/222 3883/250/322 4006/251/171
f 4056/238/221 4107/247/272 4006/251/171 3882/241/47
f 3900/248/65 4033/252/198 4108/253/273 4057/249/222
f 4033/252/198 3903/254/68 4058/255/223 4108/253/273
f 4108/253/273 4058/255/223 3884/256/49 4007/257/172
f 4057/249/222 4108/253/273 4007/257/172 3883/250/322
f 3903/258/68 4038/259/203 4109/260/274 4058/261/223
f 4038/259/203 3906/262/71 4059/263/224 4109/260/274
f 4109/260/274 4059/263/224 3885/264/323 4008/265/173
f 4058/261/223 4109/260/274 4008/265/173 3884/266/49
f 3906/262/71 4043/267/208 4110/268/275 4059/263/224
f 4043/267/208 3909/269/74 4060/270/225 4110/268/275
f 4110/268/275 4060/270/225 3886/271/51 4009/272/174
f 4059/263/224 4110/268/275 4009/272/174 3885/264/323
f 3909/269/74 4053/273/218 4111/274/276 4060/270/225
f 4053/273/218 3912/275/77 4061/276/226 4111/274/276
f 4111/274/276 4061/276/226 3887/277/52 4010/278/175
f 4060/270/225 4111/274/276 4010/278/175 3886/271/51
f 3887/277/52 4061/276/226 4112/279/277 4011/280/176
f 4061/276/226 3912/275/77 4045/281/210 4112/279/277
f 4112/279/277 4045/281/210 3911/33/76 4062/63/227
f 4011/280/176 4112/279/277 4062/63/227 3888/62/53
f 3894/245/59 4054/244/219 4113/282/278 4018/283/183
f 4054/244/219 3881/243/46 4004/284/169 4113/282/278
f 4113/282/278 4004/284/169 3880/49/45 4055/48/220
f 4018/283/183 4113/282/278 4055/48/220 3893/47/58
f 3890/183/55 4013/182/178 4114/285/279 4012/286/177
f 4013/182/178 3891/181/56 4014/287/179 4114/285/279
f 4114/285/279 4014/287/179 3892/288/57 4015/289/180
f 4012/286/177 4114/285/279 4015/289/180 3889/290/54
f 3889/92/54 4015/291/180 4115/292/280 4016/93/181
f 4015/291/180 3892/293/57 4017/294/182 4115/292/280
f 4115/292/280 4017/294/182 3894/245/59 4018/283/183
f 4016/93/181 4115/292/280 4018/283/183 3893/47/58
f 3891/181/56 4019/198/184 4116/295/281 4014/287/179
f 4019/198/184 3895/190/60 4020/296/185 4116/295/281
f 4116/295/281 4020/296/185 3896/297/61 4021/298/186
f 4014/287/179 4116/295/281 4021/298/186 3892/288/57
f 3892/293/57 4021/299/186 4117/300/282 4017/294/182
f 4021/299/186 3896/301/61 4022/302/187 4117/300/282
f 4117/300/282 4022/302/187 3897/237/62 4023/240/188
f 4017/294/182 4117/300/282 4023/240/188 3894/245/59
f 3895/190/60 4024/189/189 4118/303/283 4020/296/185
f 4024/189/189 3898/114/63 4025/304/190 4118/303/283
f 4118/303/283 4025/304/190 3899/305/64 4026/306/191
f 4020/296/185 4118/303/283 4026/306/191 3896/297/61
f 3896/301/61 4026/307/191 4119/308/284 4022/302/187
f 4026/307/191 3899/309/64 4027/310/192 4119/308/284
f 4119/308/284 4027/310/192 3900/248/65 4028/246/193
f 4022/302/187 4119/308/284 4028/246/193 3897/237/62
f 3898/114/63 4029/112/194 4120/311/285 4025/304/190
f 4029/112/194 3901/14/66 4030/312/195 4120/311/285
f 4120/311/285 4030/312/195 3902/313/67 4031/314/196
f 4025/304/190 4120/311/285 4031/314/196 3899/305/64
f 3899/309/64 4031/315/196 4121/316/286 4027/310/192
f 4031/315/196 3902/317/67 4032/318/197 4121/316/286
f 4121/316/286 4032/318/197 3903/254/68 4033/252/198
f 4027/310/192 4121/316/286 4033/252/198 3900/248/65
f 3901/14/66 4034/11/199 4122/319/287 4030/312/195
f 4034/11/199 3904/10/69 4035/320/200 4122/319/287
f 4122/319/287 4035/320/200 3905/321/70 4036/322/201
f 4030/312/195 4122/319/287 4036/322/201 3902/313/67
f 3902/323/67 4036/324/201 4123/325/288 4032/326/197
f 4036/324/201 3905/327/70 4037/328/202 4123/325/288
f 4123/325/288 4037/328/202 3906/262/71 4038/259/203
f 4032/326/197 4123/325/288 4038/259/203 3903/258/68
f 3904/10/69 4039/20/204 4124/329/289 4035/320/200
f 4039/20/204 3907/19/72 4040/330/205 4124/329/289
f 4124/329/289 4040/330/205 3908/331/73 4041/332/206
f 4035/320/200 4124/329/289 4041/332/206 3905/321/70
f 3905/327/70 4041/333/206 4125/334/290 4037/328/202
f 4041/333/206 3908/335/73 4042/336/207 4125/334/290
f 4125/334/290 4042/336/207 3909/269/74 4043/267/208
f 4037/328/202 4125/334/290 4043/267/208 3906/262/71
f 3911/33/76 4045/281/210 4126/337/291 4044/28/209
f 4045/281/210 3912/275/77 4046/338/211 4126/337/291
f 4126/337/291 4046/338/211 3913/339/78 4047/340/212
f 4044/28/209 4126/337/291 4047/340/212 3910/25/75
f 3910/72/75 4047/341/212 4127/342/292 4048/67/213
f 4047/341/212 3913/343/78 4049/344/214 4127/342/292
f 4127/342/292 4049/344/214 3915/73/80 4050/192/215
f 4048/67/213 4127/342/292 4050/192/215 3914/64/79
f 3907/19/72 4051/74/216 4128/345/293 4040/330/205
f 4051/74/216 3915/73/80 4049/344/214 4128/345/293
f 4128/345/293 4049/344/214 3913/343/78 4052/346/217
f 4040/330/205 4128/345/293 4052/346/217 3908/331/73
f 3908/335/73 4052/347/217 4129/348/294 4042/336/207
f 4052/347/217 3913/339/78 4046/338/211 4129/348/294
f 4129/348/294 4046/338/211 3912/275/77 4053/273/218
f 4042/336/207 4129/348/294 4053/273/218 3909/269/74
f 3865/185/30 3974/184/139 4130/349/295 3957/201/122
f 3974/184/139 3890/183/55 4012/286/177 4130/349/295
f 4130/349/295 4012/286/177 3889/290/54 4001/350/166
f 3957/201/122 4130/349/295 4001/350/166 3867/202/32
f 4136/1/6 4281/2/151 4358/3/335 4215/4/85
f 4281/2/151 4143/5/13 4278/6/148 4358/3/335
f 4358/3/335 4278/6/148 4164/7/314 4282/8/152
f 4215/4/85 4358/3/335 4282/8/152 4138/9/311
f 4199/10/69 4329/11/199 4359/12/229 4286/13/156
f 4329/11/199 4196/14/66 4284/15/154 4359/12/229
f 4359/12/229 4284/15/154 4152/16/22 4242/17/112
f 4286/13/156 4359/12/229 4242/17/112 4155/18/25
f 4202/19/72 4334/20/204 4360/21/230 4288/22/158
f 4334/20/204 4199/10/69 4286/13/156 4360/21/230
f 4360/21/230 4286/13/156 4155/18/25 4247/23/117
f 4288/22/158 4360/21/230 4247/23/117 4158/24/28
f 4205/25/75 4271/26/141 4361/27/231 4339/28/209
f 4271/26/141 4171/29/41 4261/30/131 4361/27/231
f 4361/27/231 4261/30/131 4170/31/40 4272/32/142
f 4339/28/209 4361/27/231 4272/32/142 4206/33/76
f 4157/34/27 4289/35/159 4362/36/232 4273/37/303
f 4289/35/159 4135/38/5 4220/39/90 4362/36/232
f 4362/36/232 4220/39/90 4140/40/10 4290/41/160
f 4273/37/303 4362/36/232 4290/41/160 4167/42/37
f 4161/43/31 4295/44/165 4363/45/233 4293/46/163
f 4295/44/165 4188/47/58 4350/48/220 4363/45/233
f 4363/45/233 4350/48/220 4175/49/45 4249/50/119
f 4293/46/163 4363/45/233 4249/50/119 4137/51/7
f 4138/52/311 4282/53/152 4364/54/234 4216/55/86
f 4282/53/152 4164/56/314 4256/57/126 4364/54/234
f 4364/54/234 4256/57/126 4161/43/31 4293/46/163
f 4216/55/86 4364/54/234 4293/46/163 4137/51/7
f 4139/58/9 4248/59/118 4365/60/235 4297/61/167
f 4248/59/118 4183/62/53 4357/63/227 4365/60/235
f 4365/60/235 4357/63/227 4206/33/76 4272/32/142
f 4297/61/167 4365/60/235 4272/32/142 4170/31/40
f 4209/64/79 4270/65/140 4366/66/236 4343/67/213
f 4270/65/140 4169/68/39 4257/69/127 4366/66/236
f 4366/66/236 4257/69/127 4171/70/41 4271/71/141
f 4343/67/213 4366/66/236 4271/71/141 4205/72/75
f 4210/73/80 4346/74/216 4367/75/237 4291/76/161
f 4346/74/216 4202/19/72 4288/22/158 4367/75/237
f 4367/75/237 4288/22/158 4158/24/28 4275/77/145
f 4291/76/161 4367/75/237 4275/77/145 4166/78/36
f 4148/79/18 4283/80/153 4368/81/238 4233/82/103
f 4283/80/153 4132/83/2 4212/84/82 4368/81/238
f 4368/81/238 4212/84/82 4133/85/3 4285/86/155
f 4233/82/103 4368/81/238 4285/86/155 4151/87/21
f 4162/88/32 4296/89/166 4369/90/329 4255/91/125
f 4296/89/166 4184/92/54 4311/93/181 4369/90/329
f 4369/90/329 4311/93/181 4188/47/58 4295/44/165
f 4255/91/125 4369/90/329 4295/44/165 4161/43/31
f 4145/94/15 4222/95/297 4370/96/240 4280/97/150
f 4222/95/297 4143/5/13 4281/2/151 4370/96/240
f 4370/96/240 4281/2/151 4136/1/6 4219/98/89
f 4280/97/150 4370/96/240 4219/98/89 4131/99/1
f 4151/87/21 4285/86/155 4371/100/241 4238/101/108
f 4285/86/155 4133/85/3 4213/102/83 4371/100/241
f 4371/100/241 4213/102/83 4134/103/4 4287/104/157
f 4238/101/108 4371/100/241 4287/104/157 4154/105/24
f 4154/105/24 4287/104/157 4372/106/242 4243/107/113
f 4287/104/157 4134/103/4 4214/108/84 4372/106/242
f 4372/106/242 4214/108/84 4135/38/5 4289/35/159
f 4243/107/113 4372/106/242 4289/35/159 4157/34/27
f 4145/94/15 4280/97/150 4373/109/243 4228/110/98
f 4280/97/150 4131/99/1 4211/111/81 4373/109/243
f 4373/109/243 4211/111/81 4132/83/2 4283/80/153
f 4228/110/98 4373/109/243 4283/80/153 4148/79/18
f 4196/14/66 4324/112/194 4374/113/244 4284/15/154
f 4324/112/194 4193/114/63 4294/115/164 4374/113/244
f 4374/113/244 4294/115/164 4149/116/19 4237/117/107
f 4284/15/154 4374/113/244 4237/117/107 4152/16/22
f 4141/118/313 4298/119/168 4375/120/245 4218/121/88
f 4298/119/168 4173/122/315 4268/123/138 4375/120/245
f 4375/120/245 4268/123/138 4167/42/37 4290/41/160
f 4218/121/88 4375/120/245 4290/41/160 4140/40/10
f 4139/58/9 4297/61/167 4376/124/246 4217/125/87
f 4297/61/167 4170/31/40 4263/126/133 4376/124/246
f 4376/124/246 4263/126/133 4173/127/315 4298/128/168
f 4217/125/87 4376/124/246 4298/128/168 4141/129/313
f 4143/5/13 4222/95/297 4377/130/308 4221/131/91
f 4222/95/297 4145/94/15 4223/132/93 4377/130/308
f 4377/130/308 4223/132/93 4147/133/17 4224/134/94
f 4221/131/91 4377/130/308 4224/134/94 4144/135/14
f 4144/136/14 4224/137/94 4378/138/248 4225/139/95
f 4224/137/94 4147/140/17 4226/141/96 4378/138/248
f 4378/138/248 4226/141/96 4146/142/16 4227/143/97
f 4225/139/95 4378/138/248 4227/143/97 4142/144/12
f 4145/94/15 4228/110/98 4379/145/249 4223/132/93
f 4228/110/98 4148/79/18 4229/146/99 4379/145/249
f 4379/145/249 4229/146/99 4150/147/20 4230/148/100
f 4223/132/93 4379/145/249 4230/148/100 4147/133/17
f 4147/140/17 4230/149/100 4380/150/250 4226/141/96
f 4230/149/100 4150/151/20 4231/152/101 4380/150/250
f 4380/150/250 4231/152/101 4149/116/19 4232/153/102
f 4226/141/96 4380/150/250 4232/153/102 4146/142/16
f 4148/79/18 4233/82/103 4381/154/251 4229/146/99
f 4233/82/103 4151/87/21 4234/155/104 4381/154/251
f 4381/154/251 4234/155/104 4153/156/23 4235/157/105
f 4229/146/99 4381/154/251 4235/157/105 4150/147/20
f 4150/151/20 4235/158/105 4382/159/252 4231/152/101
f 4235/158/105 4153/160/23 4236/161/106 4382/159/252
f 4382/159/252 4236/161/106 4152/16/22 4237/117/107
f 4231/152/101 4382/159/252 4237/117/107 4149/116/19
f 4151/87/21 4238/101/108 4383/162/253 4234/155/104
f 4238/101/108 4154/105/24 4239/163/109 4383/162/253
f 4383/162/253 4239/163/109 4156/164/26 4240/165/110
f 4234/155/104 4383/162/253 4240/165/110 4153/156/23
f 4153/160/23 4240/166/110 4384/167/254 4236/161/106
f 4240/166/110 4156/168/26 4241/169/111 4384/167/254
f 4384/167/254 4241/169/111 4155/18/25 4242/17/112
f 4236/161/106 4384/167/254 4242/17/112 4152/16/22
f 4154/105/24 4243/107/113 4385/170/255 4239/163/109
f 4243/107/113 4157/34/27 4244/171/114 4385/170/255
f 4385/170/255 4244/171/114 4159/172/29 4245/173/115
f 4239/163/109 4385/170/255 4245/173/115 4156/164/26
f 4156/168/26 4245/174/115 4386/175/256 4241/169/111
f 4245/174/115 4159/176/29 4246/177/116 4386/175/256
f 4386/175/256 4246/177/116 4158/24/28 4247/23/117
f 4241/169/111 4386/175/256 4247/23/117 4155/18/25
f 4142/144/12 4279/178/149 4387/179/257 4276/180/146
f 4186/181/56 4308/182/178 4387/179/257 4279/178/149
f 4185/183/55 4269/184/139 4387/179/257 4308/182/178
f 4160/185/30 4251/186/121 4387/179/257 4269/184/139
f 4163/187/33 4276/180/146 4387/179/257 4251/186/121
f 4149/116/19 4294/115/164 4388/188/258 4232/153/102
f 4294/115/164 4193/114/63 4319/189/189 4388/188/258
f 4388/188/258 4319/189/189 4190/190/60 4292/191/162
f 4232/153/102 4388/188/258 4292/191/162 4146/142/16
f 4209/64/79 4345/192/215 4389/193/259 4270/65/140
f 4210/73/80 4291/76/161 4389/193/259 4345/192/215
f 4166/78/36 4264/194/134 4389/193/259 4291/76/161
f 4172/195/42 4258/196/128 4389/193/259 4264/194/134
f 4169/68/39 4270/65/140 4389/193/259 4258/196/128
f 4146/142/16 4292/191/162 4390/197/260 4227/143/97
f 4292/191/162 4190/190/60 4314/198/184 4390/197/260
f 4390/197/260 4314/198/184 4186/181/56 4279/178/149
f 4227/143/97 4390/197/260 4279/178/149 4142/144/12
f 4163/187/33 4251/186/121 4391/199/261 4250/200/120
f 4251/186/121 4160/185/30 4252/201/122 4391/199/261
f 4391/199/261 4252/201/122 4162/202/32 4253/203/123
f 4250/200/120 4391/199/261 4253/203/123 4165/204/326
f 4165/205/326 4253/206/123 4392/207/262 4254/208/124
f 4253/206/123 4162/88/32 4255/91/125 4392/207/262
f 4392/207/262 4255/91/125 4161/43/31 4256/57/126
f 4254/208/124 4392/207/262 4256/57/126 4164/56/314
f 4169/68/39 4258/196/128 4393/209/263 4257/69/127
f 4258/196/128 4172/195/42 4259/210/129 4393/209/263
f 4393/209/263 4259/210/129 4174/211/332 4260/212/130
f 4257/69/127 4393/209/263 4260/212/130 4171/70/41
f 4171/29/41 4260/213/130 4394/214/264 4261/30/131
f 4260/213/130 4174/215/332 4262/216/132 4394/214/264
f 4394/214/264 4262/216/132 4173/127/315 4263/126/133
f 4261/30/131 4394/214/264 4263/126/133 4170/31/40
f 4172/195/42 4264/194/134 4395/217/265 4259/210/129
f 4264/194/134 4166/78/36 4265/218/135 4395/217/265
f 4395/217/265 4265/218/135 4168/219/38 4266/220/136
f 4259/210/129 4395/217/265 4266/220/136 4174/211/332
f 4174/221/332 4266/222/136 4396/223/318 4262/224/132
f 4266/222/136 4168/225/38 4267/226/137 4396/223/318
f 4396/223/318 4267/226/137 4167/42/37 4268/123/138
f 4262/224/132 4396/223/318 4268/123/138 4173/122/315
f 4157/34/27 4273/37/303 4397/227/309 4244/171/114
f 4273/37/303 4167/42/37 4267/226/137 4397/227/309
f 4397/227/309 4267/226/137 4168/225/38 4274/228/144
f 4244/171/114 4397/227/309 4274/228/144 4159/172/29
f 4159/176/29 4274/229/144 4398/230/268 4246/177/116
f 4274/229/144 4168/219/38 4265/218/135 4398/230/268
f 4398/230/268 4265/218/135 4166/78/36 4275/77/145
f 4246/177/116 4398/230/268 4275/77/145 4158/24/28
f 4142/144/12 4276/180/146 4399/231/269 4225/139/95
f 4276/180/146 4163/187/33 4250/200/120 4399/231/269
f 4399/231/269 4250/200/120 4165/204/326 4277/232/147
f 4225/139/95 4399/231/269 4277/232/147 4144/136/14
f 4144/135/14 4277/233/147 4400/234/336 4221/131/91
f 4277/233/147 4165/235/326 4254/236/124 4400/234/336
f 4400/234/336 4254/236/124 4164/7/314 4278/6/148
f 4221/131/91 4400/234/336 4278/6/148 4143/5/13
f 4192/237/62 4351/238/221 4401/239/271 4318/240/188
f 4351/238/221 4177/241/47 4300/242/170 4401/239/271
f 4401/239/271 4300/242/170 4176/243/46 4349/244/219
f 4318/240/188 4401/239/271 4349/244/219 4189/245/59
f 4192/237/62 4323/246/333 4402/247/272 4351/238/221
f 4323/246/333 4195/248/65 4352/249/222 4402/247/272
f 4402/247/272 4352/249/222 4178/250/48 4301/251/171
f 4351/238/221 4402/247/272 4301/251/171 4177/241/47
f 4195/248/65 4328/252/198 4403/253/273 4352/249/222
f 4328/252/198 4198/254/68 4353/255/223 4403/253/273
f 4403/253/273 4353/255/223 4179/256/49 4302/257/172
f 4352/249/222 4403/253/273 4302/257/172 4178/250/48
f 4198/258/68 4333/259/203 4404/260/274 4353/261/223
f 4333/259/203 4201/262/71 4354/263/224 4404/260/274
f 4404/260/274 4354/263/224 4180/264/50 4303/265/173
f 4353/261/223 4404/260/274 4303/265/173 4179/266/49
f 4201/262/71 4338/267/337 4405/268/275 4354/263/224
f 4338/267/337 4204/269/74 4355/270/225 4405/268/275
f 4405/268/275 4355/270/225 4181/271/51 4304/272/174
f 4354/263/224 4405/268/275 4304/272/174 4180/264/50
f 4204/269/74 4348/273/218 4406/274/276 4355/270/225
f 4348/273/218 4207/275/77 4356/276/226 4406/274/276
f 4406/274/276 4356/276/226 4182/277/52 4305/278/175
f 4355/270/225 4406/274/276 4305/278/175 4181/271/51
f 4182/277/52 4356/276/226 4407/279/277 4306/280/176
f 4356/276/226 4207/275/77 4340/281/210 4407/279/277
f 4407/279/277 4340/281/210 4206/33/76 4357/63/227
f 4306/280/176 4407/279/277 4357/63/227 4183/62/53
f 4189/245/59 4349/244/219 4408/282/278 4313/283/183
f 4349/244/219 4176/243/46 4299/284/169 4408/282/278
f 4408/282/278 4299/284/169 4175/49/45 4350/48/220
f 4313/283/183 4408/282/278 4350/48/220 4188/47/58
f 4185/183/55 4308/182/178 4409/285/279 4307/286/177
f 4308/182/178 4186/181/56 4309/287/179 4409/285/279
f 4409/285/279 4309/287/179 4187/288/57 4310/289/180
f 4307/286/177 4409/285/279 4310/289/180 4184/290/54
f 4184/92/54 4310/291/180 4410/292/280 4311/93/181
f 4310/291/180 4187/293/57 4312/294/182 4410/292/280
f 4410/292/280 4312/294/182 4189/245/59 4313/283/183
f 4311/93/181 4410/292/280 4313/283/183 4188/47/58
f 4186/181/56 4314/198/184 4411/295/281 4309/287/179
f 4314/198/184 4190/190/60 4315/296/185 4411/295/281
f 4411/295/281 4315/296/185 4191/297/61 4316/298/186
f 4309/287/179 4411/295/281 4316/298/186 4187/288/57
f 4187/293/57 4316/299/186 4412/300/282 4312/294/182
f 4316/299/186 4191/301/61 4317/302/187 4412/300/282
f 4412/300/282 4317/302/187 4192/237/62 4318/240/188
f 4312/294/182 4412/300/282 4318/240/188 4189/245/59
f 4190/190/60 4319/189/189 4413/303/283 4315/296/185
f 4319/189/189 4193/114/63 4320/304/190 4413/303/283
f 4413/303/283 4320/304/190 4194/305/64 4321/306/191
f 4315/296/185 4413/303/283 4321/306/191 4191/297/61
f 4191/301/61 4321/307/191 4414/308/284 4317/302/187
f 4321/307/191 4194/309/64 4322/310/192 4414/308/284
f 4414/308/284 4322/310/192 4195/248/65 4323/246/333
f 4317/302/187 4414/308/284 4323/246/333 4192/237/62
f 4193/114/63 4324/112/194 4415/311/285 4320/304/190
f 4324/112/194 4196/14/66 4325/312/195 4415/311/285
f 4415/311/285 4325/312/195 4197/313/67 4326/314/196
f 4320/304/190 4415/311/285 4326/314/196 4194/305/64
f 4194/309/64 4326/315/196 4416/316/286 4322/310/192
f 4326/315/196 4197/317/67 4327/318/197 4416/316/286
f 4416/316/286 4327/318/197 4198/254/68 4328/252/198
f 4322/310/192 4416/316/286 4328/252/198 4195/248/65
f 4196/14/66 4329/11/199 4417/319/287 4325/312/195
f 4329/11/199 4199/10/69 4330/320/200 4417/319/287
f 4417/319/287 4330/320/200 4200/321/70 4331/322/201
f 4325/312/195 4417/319/287 4331/322/201 4197/313/67
f 4197/323/67 4331/324/201 4418/325/288 4327/326/197
f 4331/324/201 4200/327/70 4332/328/202 4418/325/288
f 4418/325/288 4332/328/202 4201/262/71 4333/259/203
f 4327/326/197 4418/325/288 4333/259/203 4198/258/68
f 4199/10/69 4334/20/204 4419/329/289 4330/320/200
f 4334/20/204 4202/19/72 4335/330/205 4419/329/289
f 4419/329/289 4335/330/205 4203/331/73 4336/332/206
f 4330/320/200 4419/329/289 4336/332/206 4200/321/70
f 4200/327/70 4336/333/206 4420/334/290 4332/328/202
f 4336/333/206 4203/335/73 4337/336/207 4420/334/290
f 4420/334/290 4337/336/207 4204/269/74 4338/267/337
f 4332/328/202 4420/334/290 4338/267/337 4201/262/71
f 4206/33/76 4340/281/210 4421/337/291 4339/28/209
f 4340/281/210 4207/275/77 4341/338/211 4421/337/291
f 4421/337/291 4341/338/211 4208/339/78 4342/340/212
f 4339/28/209 4421/337/291 4342/340/212 4205/25/75
f 4205/72/75 4342/341/212 4422/342/292 4343/67/213
f 4342/341/212 4208/343/78 4344/344/214 4422/342/292
f 4422/342/292 4344/344/214 4210/73/80 4345/192/215
f 4343/67/213 4422/342/292 4345/192/215 4209/64/79
f 4202/19/72 4346/74/216 4423/345/293 4335/330/205
f 4346/74/216 4210/73/80 4344/344/214 4423/345/293
f 4423/345/293 4344/344/214 4208/343/78 4347/346/217
f 4335/330/205 4423/345/293 4347/346/217 4203/331/73
f 4203/335/73 4347/347/217 4424/348/294 4337/336/207
f 4347/347/217 4208/339/78 4341/338/211 4424/348/294
f 4424/348/294 4341/338/211 4207/275/77 4348/273/218
f 4337/336/207 4424/348/294 4348/273/218 4204/269/74
f 4160/185/30 4269/184/139 4425/349/295 4252/201/122
f 4269/184/139 4185/183/55 4307/286/177 4425/349/295
f 4425/349/295 4307/286/177 4184/290/54 4296/350/166
f 4252/201/122 4425/349/295 4296/350/166 4162/202/32
f 4431/1/310 4576/2/321 4653/3/228 4510/4/85
f 4576/2/321 4438/5/13 4573/6/148 4653/3/228
f 4653/3/228 4573/6/148 4459/7/34 4577/8/152
f 4510/4/85 4653/3/228 4577/8/152 4433/9/311
f 4494/10/69 4624/11/199 4654/12/229 4581/13/156
f 4624/11/199 4491/14/66 4579/15/154 4654/12/229
f 4654/12/229 4579/15/154 4447/16/22 4537/17/112
f 4581/13/156 4654/12/229 4537/17/112 4450/18/25
f 4497/19/72 4629/20/204 4655/21/230 4583/22/158
f 4629/20/204 4494/10/69 4581/13/156 4655/21/230
f 4655/21/230 4581/13/156 4450/18/25 4542/23/117
f 4583/22/158 4655/21/230 4542/23/117 4453/24/28
f 4500/25/75 4566/26/141 4656/27/231 4634/28/209
f 4566/26/141 4466/29/41 4556/30/131 4656/27/231
f 4656/27/231 4556/30/131 4465/31/40 4567/32/142
f 4634/28/209 4656/27/231 4567/32/142 4501/33/76
f 4452/34/27 4584/35/159 4657/36/232 4568/37/143
f 4584/35/159 4430/38/5 4515/39/90 4657/36/232
f 4657/36/232 4515/39/90 4435/40/312 4585/41/325
f 4568/37/143 4657/36/232 4585/41/325 4462/42/37
f 4456/43/31 4590/44/165 4658/45/233 4588/46/163
f 4590/44/165 4483/47/58 4645/48/220 4658/45/233
f 4658/45/233 4645/48/220 4470/49/45 4544/50/119
f 4588/46/163 4658/45/233 4544/50/119 4432/51/7
f 4433/52/311 4577/53/152 4659/54/234 4511/55/86
f 4577/53/152 4459/56/34 4551/57/126 4659/54/234
f 4659/54/234 4551/57/126 4456/43/31 4588/46/163
f 4511/55/86 4659/54/234 4588/46/163 4432/51/7
f 4434/58/9 4543/59/118 4660/60/235 4592/61/167
f 4543/59/118 4478/62/53 4652/63/227 4660/60/235
f 4660/60/235 4652/63/227 4501/33/76 4567/32/142
f 4592/61/167 4660/60/235 4567/32/142 4465/31/40
f 4504/64/79 4565/65/140 4661/66/236 4638/67/213
f 4565/65/140 4464/68/39 4552/69/127 4661/66/236
f 4661/66/236 4552/69/127 4466/70/41 4566/71/141
f 4638/67/213 4661/66/236 4566/71/141 4500/72/75
f 4505/73/80 4641/74/216 4662/75/237 4586/76/161
f 4641/74/216 4497/19/72 4583/22/158 4662/75/237
f 4662/75/237 4583/22/158 4453/24/28 4570/77/145
f 4586/76/161 4662/75/237 4570/77/145 4461/78/36
f 4443/79/18 4578/80/153 4663/81/238 4528/82/103
f 4578/80/153 4427/83/2 4507/84/82 4663/81/238
f 4663/81/238 4507/84/82 4428/85/3 4580/86/155
f 4528/82/103 4663/81/238 4580/86/155 4446/87/21
f 4457/88/32 4591/89/166 4664/90/329 4550/91/125
f 4591/89/166 4479/92/54 4606/93/181 4664/90/329
f 4664/90/329 4606/93/181 4483/47/58 4590/44/165
f 4550/91/125 4664/90/329 4590/44/165 4456/43/31
f 4440/94/15 4517/95/297 4665/96/240 4575/97/150
f 4517/95/297 4438/5/13 4576/2/321 4665/96/240
f 4665/96/240 4576/2/321 4431/1/310 4514/98/89
f 4575/97/150 4665/96/240 4514/98/89 4426/99/1
f 4446/87/21 4580/86/155 4666/100/241 4533/101/108
f 4580/86/155 4428/85/3 4508/102/83 4666/100/241
f 4666/100/241 4508/102/83 4429/103/4 4582/104/157
f 4533/101/108 4666/100/241 4582/104/157 4449/105/24
f 4449/105/24 4582/104/157 4667/106/242 4538/107/113
f 4582/104/157 4429/103/4 4509/108/84 4667/106/242
f 4667/106/242 4509/108/84 4430/38/5 4584/35/159
f 4538/107/113 4667/106/242 4584/35/159 4452/34/27
f 4440/94/15 4575/97/150 4668/109/243 4523/110/98
f 4575/97/150 4426/99/1 4506/111/81 4668/109/243
f 4668/109/243 4506/111/81 4427/83/2 4578/80/153
f 4523/110/98 4668/109/243 4578/80/153 4443/79/18
f 4491/14/66 4619/112/194 4669/113/244 4579/15/154
f 4619/112/194 4488/114/63 4589/115/164 4669/113/244
f 4669/113/244 4589/115/164 4444/116/19 4532/117/107
f 4579/15/154 4669/113/244 4532/117/107 4447/16/22
f 4436/118/313 4593/119/168 4670/120/245 4513/121/88
f 4593/119/168 4468/122/43 4563/123/138 4670/120/245
f 4670/120/245 4563/123/138 4462/42/37 4585/41/325
f 4513/121/88 4670/120/245 4585/41/325 4435/40/312
f 4434/58/9 4592/61/167 4671/124/246 4512/125/87
f 4592/61/167 4465/31/40 4558/126/133 4671/124/246
f 4671/124/246 4558/126/133 4468/127/43 4593/128/168
f 4512/125/87 4671/124/246 4593/128/168 4436/129/313
f 4438/5/13 4517/95/297 4672/130/308 4516/131/91
f 4517/95/297 4440/94/15 4518/132/93 4672/130/308
f 4672/130/308 4518/132/93 4442/133/17 4519/134/94
f 4516/131/91 4672/130/308 4519/134/94 4439/135/14
f 4439/136/14 4519/137/94 4673/138/248 4520/139/95
f 4519/137/94 4442/140/17 4521/141/96 4673/138/248
f 4673/138/248 4521/141/96 4441/142/16 4522/143/97
f 4520/139/95 4673/138/248 4522/143/97 4437/144/12
f 4440/94/15 4523/110/98 4674/145/249 4518/132/93
f 4523/110/98 4443/79/18 4524/146/99 4674/145/249
f 4674/145/249 4524/146/99 4445/147/20 4525/148/100
f 4518/132/93 4674/145/249 4525/148/100 4442/133/17
f 4442/140/17 4525/149/100 4675/150/250 4521/141/96
f 4525/149/100 4445/151/20 4526/152/101 4675/150/250
f 4675/150/250 4526/152/101 4444/116/19 4527/153/102
f 4521/141/96 4675/150/250 4527/153/102 4441/142/16
f 4443/79/18 4528/82/103 4676/154/251 4524/146/99
f 4528/82/103 4446/87/21 4529/155/104 4676/154/251
f 4676/154/251 4529/155/104 4448/156/23 4530/157/105
f 4524/146/99 4676/154/251 4530/157/105 4445/147/20
f 4445/151/20 4530/158/105 4677/159/252 4526/152/101
f 4530/158/105 4448/160/23 4531/161/106 4677/159/252
f 4677/159/252 4531/161/106 4447/16/22 4532/117/107
f 4526/152/101 4677/159/252 4532/117/107 4444/116/19
f 4446/87/21 4533/101/108 4678/162/253 4529/155/104
f 4533/101/108 4449/105/24 4534/163/109 4678/162/253
f 4678/162/253 4534/163/109 4451/164/26 4535/165/110
f 4529/155/104 4678/162/253 4535/165/110 4448/156/23
f 4448/160/23 4535/166/110 4679/167/254 4531/161/106
f 4535/166/110 4451/168/26 4536/169/111 4679/167/254
f 4679/167/254 4536/169/111 4450/18/25 4537/17/112
f 4531/161/106 4679/167/254 4537/17/112 4447/16/22
f 4449/105/24 4538/107/113 4680/170/255 4534/163/109
f 4538/107/113 4452/34/27 4539/171/114 4680/170/255
f 4680/170/255 4539/171/114 4454/172/29 4540/173/115
f 4534/163/109 4680/170/255 4540/173/115 4451/164/26
f 4451/168/26 4540/174/115 4681/175/256 4536/169/111
f 4540/174/115 4454/176/29 4541/177/116 4681/175/256
f 4681/175/256 4541/177/116 4453/24/28 4542/23/117
f 4536/169/111 4681/175/256 4542/23/117 4450/18/25
f 4437/144/12 4574/178/149 4682/179/257 4571/180/146
f 4481/181/56 4603/182/178 4682/179/257 4574/178/149
f 4480/183/55 4564/184/139 4682/179/257 4603/182/178
f 4455/185/30 4546/186/121 4682/179/257 4564/184/139
f 4458/187/33 4571/180/146 4682/179/257 4546/186/121
f 4444/116/19 4589/115/164 4683/188/258 4527/153/102
f 4589/115/164 4488/114/63 4614/189/189 4683/188/258
f 4683/188/258 4614/189/189 4485/190/60 4587/191/162
f 4527/153/102 4683/188/258 4587/191/162 4441/142/16
f 4504/64/79 4640/192/215 4684/193/259 4565/65/140
f 4505/73/80 4586/76/161 4684/193/259 4640/192/215
f 4461/78/36 4559/194/134 4684/193/259 4586/76/161
f 4467/195/42 4553/196/128 4684/193/259 4559/194/134
f 4464/68/39 4565/65/140 4684/193/259 4553/196/128
f 4441/142/16 4587/191/162 4685/197/260 4522/143/97
f 4587/191/162 4485/190/60 4609/198/184 4685/197/260
f 4685/197/260 4609/198/184 4481/181/56 4574/178/149
f 4522/143/97 4685/197/260 4574/178/149 4437/144/12
f 4458/187/33 4546/186/121 4686/199/261 4545/200/120
f 4546/186/121 4455/185/30 4547/201/122 4686/199/261
f 4686/199/261 4547/201/122 4457/202/32 4548/203/123
f 4545/200/120 4686/199/261 4548/203/123 4460/204/338
f 4460/205/338 4548/206/123 4687/207/262 4549/208/327
f 4548/206/123 4457/88/32 4550/91/125 4687/207/262
f 4687/207/262 4550/91/125 4456/43/31 4551/57/126
f 4549/208/327 4687/207/262 4551/57/126 4459/56/34
f 4464/68/39 4553/196/128 4688/209/263 4552/69/127
f 4553/196/128 4467/195/42 4554/210/129 4688/209/263
f 4688/209/263 4554/210/129 4469/211/339 4555/212/130
f 4552/69/127 4688/209/263 4555/212/130 4466/70/41
f 4466/29/41 4555/213/130 4689/214/264 4556/30/131
f 4555/213/130 4469/215/339 4557/216/340 4689/214/264
f 4689/214/264 4557/216/340 4468/127/43 4558/126/133
f 4556/30/131 4689/214/264 4558/126/133 4465/31/40
f 4467/195/42 4559/194/134 4690/217/265 4554/210/129
f 4559/194/134 4461/78/36 4560/218/135 4690/217/265
f 4690/217/265 4560/218/135 4463/219/38 4561/220/136
f 4554/210/129 4690/217/265 4561/220/136 4469/211/339
f 4469/221/339 4561/222/136 4691/223/266 4557/224/340
f 4561/222/136 4463/225/38 4562/226/137 4691/223/266
f 4691/223/266 4562/226/137 4462/42/37 4563/123/138
f 4557/224/340 4691/223/266 4563/123/138 4468/122/43
f 4452/34/27 4568/37/143 4692/227/309 4539/171/114
f 4568/37/143 4462/42/37 4562/226/137 4692/227/309
f 4692/227/309 4562/226/137 4463/225/38 4569/228/144
f 4539/171/114 4692/227/309 4569/228/144 4454/172/29
f 4454/176/29 4569/229/144 4693/230/268 4541/177/116
f 4569/229/144 4463/219/38 4560/218/135 4693/230/268
f 4693/230/268 4560/218/135 4461/78/36 4570/77/145
f 4541/177/116 4693/230/268 4570/77/145 4453/24/28
f 4437/144/12 4571/180/146 4694/231/269 4520/139/95
f 4571/180/146 4458/187/33 4545/200/120 4694/231/269
f 4694/231/269 4545/200/120 4460/204/338 4572/232/147
f 4520/139/95 4694/231/269 4572/232/147 4439/136/14
f 4439/135/14 4572/233/147 4695/234/270 4516/131/91
f 4572/233/147 4460/235/338 4549/236/327 4695/234/270
f 4695/234/270 4549/236/327 4459/7/34 4573/6/148
f 4516/131/91 4695/234/270 4573/6/148 4438/5/13
f 4487/237/62 4646/238/221 4696/239/271 4613/240/188
f 4646/238/221 4472/241/47 4595/242/170 4696/239/271
f 4696/239/271 4595/242/170 4471/243/46 4644/244/219
f 4613/240/188 4696/239/271 4644/244/219 4484/245/59
f 4487/237/62 4618/246/193 4697/247/272 4646/238/221
f 4618/246/193 4490/248/65 4647/249/222 4697/247/272
f 4697/247/272 4647/249/222 4473/250/322 4596/251/171
f 4646/238/221 4697/247/272 4596/251/171 4472/241/47
f 4490/248/65 4623/252/198 4698/253/273 4647/249/222
f 4623/252/198 4493/254/68 4648/255/223 4698/253/273
f 4698/253/273 4648/255/223 4474/256/49 4597/257/172
f 4647/249/222 4698/253/273 4597/257/172 4473/250/322
f 4493/258/68 4628/259/203 4699/260/274 4648/261/223
f 4628/259/203 4496/262/71 4649/263/224 4699/260/274
f 4699/260/274 4649/263/224 4475/264/323 4598/265/173
f 4648/261/223 4699/260/274 4598/265/173 4474/266/49
f 4496/262/71 4633/267/208 4700/268/275 4649/263/224
f 4633/267/208 4499/269/74 4650/270/225 4700/268/275
f 4700/268/275 4650/270/225 4476/271/51 4599/272/174
f 4649/263/224 4700/268/275 4599/272/174 4475/264/323
f 4499/269/74 4643/273/218 4701/274/276 4650/270/225
f 4643/273/218 4502/275/77 4651/276/226 4701/274/276
f 4701/274/276 4651/276/226 4477/277/52 4600/278/175
f 4650/270/225 4701/274/276 4600/278/175 4476/271/51
f 4477/277/52 4651/276/226 4702/279/277 4601/280/176
f 4651/276/226 4502/275/77 4635/281/210 4702/279/277
f 4702/279/277 4635/281/210 4501/33/76 4652/63/227
f 4601/280/176 4702/279/277 4652/63/227 4478/62/53
f 4484/245/59 4644/244/219 4703/282/278 4608/283/183
f 4644/244/219 4471/243/46 4594/284/169 4703/282/278
f 4703/282/278 4594/284/169 4470/49/45 4645/48/220
f 4608/283/183 4703/282/278 4645/48/220 4483/47/58
f 4480/183/55 4603/182/178 4704/285/279 4602/286/177
f 4603/182/178 4481/181/56 4604/287/179 4704/285/279
f 4704/285/279 4604/287/179 4482/288/57 4605/289/180
f 4602/286/177 4704/285/279 4605/289/180 4479/290/54
f 4479/92/54 4605/291/180 4705/292/280 4606/93/181
f 4605/291/180 4482/293/57 4607/294/182 4705/292/280
f 4705/292/280 4607/294/182 4484/245/59 4608/283/183
f 4606/93/181 4705/292/280 4608/283/183 4483/47/58
f 4481/181/56 4609/198/184 4706/295/281 4604/287/179
f 4609/198/184 4485/190/60 4610/296/185 4706/295/281
f 4706/295/281 4610/296/185 4486/297/61 4611/298/186
f 4604/287/179 4706/295/281 4611/298/186 4482/288/57
f 4482/293/57 4611/299/186 4707/300/282 4607/294/182
f 4611/299/186 4486/301/61 4612/302/187 4707/300/282
f 4707/300/282 4612/302/187 4487/237/62 4613/240/188
f 4607/294/182 4707/300/282 4613/240/188 4484/245/59
f 4485/190/60 4614/189/189 4708/303/283 4610/296/185
f 4614/189/189 4488/114/63 4615/304/190 4708/303/283
f 4708/303/283 4615/304/190 4489/305/64 4616/306/191
f 4610/296/185 4708/303/283 4616/306/191 4486/297/61
f 4486/301/61 4616/307/191 4709/308/341 4612/302/187
f 4616/307/191 4489/309/64 4617/310/192 4709/308/341
f 4709/308/341 4617/310/192 4490/248/65 4618/246/193
f 4612/302/187 4709/308/341 4618/246/193 4487/237/62
f 4488/114/63 4619/112/194 4710/311/285 4615/304/190
f 4619/112/194 4491/14/66 4620/312/195 4710/311/285
f 4710/311/285 4620/312/195 4492/313/67 4621/314/196
f 4615/304/190 4710/311/285 4621/314/196 4489/305/64
f 4489/309/64 4621/315/196 4711/316/286 4617/310/192
f 4621/315/196 4492/317/67 4622/318/197 4711/316/286
f 4711/316/286 4622/318/197 4493/254/68 4623/252/198
f 4617/310/192 4711/316/286 4623/252/198 4490/248/65
f 4491/14/66 4624/11/199 4712/319/287 4620/312/195
f 4624/11/199 4494/10/69 4625/320/200 4712/319/287
f 4712/319/287 4625/320/200 4495/321/70 4626/322/201
f 4620/312/195 4712/319/287 4626/322/201 4492/313/67
f 4492/323/67 4626/324/201 4713/325/288 4622/326/197
f 4626/324/201 4495/327/70 4627/328/202 4713/325/288
f 4713/325/288 4627/328/202 4496/262/71 4628/259/203
f 4622/326/197 4713/325/288 4628/259/203 4493/258/68
f 4494/10/69 4629/20/204 4714/329/289 4625/320/200
f 4629/20/204 4497/19/72 4630/330/205 4714/329/289
f 4714/329/289 4630/330/205 4498/331/73 4631/332/206
f 4625/320/200 4714/329/289 4631/332/206 4495/321/70
f 4495/327/70 4631/333/206 4715/334/342 4627/328/202
f 4631/333/206 4498/335/73 4632/336/207 4715/334/342
f 4715/334/342 4632/336/207 4499/269/74 4633/267/208
f 4627/328/202 4715/334/342 4633/267/208 4496/262/71
f 4501/33/76 4635/281/210 4716/337/291 4634/28/209
f 4635/281/210 4502/275/77 4636/338/211 4716/337/291
f 4716/337/291 4636/338/211 4503/339/78 4637/340/212
f 4634/28/209 4716/337/291 4637/340/212 4500/25/75
f 4500/72/75 4637/341/212 4717/342/292 4638/67/213
f 4637/341/212 4503/343/78 4639/344/214 4717/342/292
f 4717/342/292 4639/344/214 4505/73/80 4640/192/215
f 4638/67/213 4717/342/292 4640/192/215 4504/64/79
f 4497/19/72 4641/74/216 4718/345/293 4630/330/205
f 4641/74/216 4505/73/80 4639/344/214 4718/345/293
f 4718/345/293 4639/344/214 4503/343/78 4642/346/217
f 4630/330/205 4718/345/293 4642/346/217 4498/331/73
f 4498/335/73 4642/347/217 4719/348/294 4632/336/207
f 4642/347/217 4503/339/78 4636/338/211 4719/348/294
f 4719/348/294 4636/338/211 4502/275/77 4643/273/218
f 4632/336/207 4719/348/294 4643/273/218 4499/269/74
f 4455/185/30 4564/184/139 4720/349/295 4547/201/122
f 4564/184/139 4480/183/55 4602/286/177 4720/349/295
f 4720/349/295 4602/286/177 4479/290/54 4591/350/166
f 4547/201/122 4720/349/295 4591/350/166 4457/202/32
f 4726/1/6 4871/2/151 4948/3/335 4805/4/85
f 4871/2/151 4733/5/13 4868/6/148 4948/3/335
f 4948/3/335 4868/6/148 4754/7/330 4872/8/152
f 4805/4/85 4948/3/335 4872/8/152 4728/9/311
f 4789/10/69 4919/11/199 4949/12/229 4876/13/156
f 4919/11/199 4786/14/66 4874/15/154 4949/12/229
f 4949/12/229 4874/15/154 4742/16/22 4832/17/112
f 4876/13/156 4949/12/229 4832/17/112 4745/18/25
f 4792/19/72 4924/20/204 4950/21/230 4878/22/158
f 4924/20/204 4789/10/69 4876/13/156 4950/21/230
f 4950/21/230 4876/13/156 4745/18/25 4837/23/117
f 4878/22/158 4950/21/230 4837/23/117 4748/24/28
f 4795/25/75 4861/26/141 4951/27/231 4929/28/209
f 4861/26/141 4761/29/41 4851/30/131 4951/27/231
f 4951/27/231 4851/30/131 4760/31/40 4862/32/142
f 4929/28/209 4951/27/231 4862/32/142 4796/33/76
f 4747/34/27 4879/35/159 4952/36/232 4863/37/303
f 4879/35/159 4725/38/5 4810/39/90 4952/36/232
f 4952/36/232 4810/39/90 4730/40/10 4880/41/160
f 4863/37/303 4952/36/232 4880/41/160 4757/42/37
f 4751/43/31 4885/44/165 4953/45/233 4883/46/163
f 4885/44/165 4778/47/58 4940/48/220 4953/45/233
f 4953/45/233 4940/48/220 4765/49/45 4839/50/119
f 4883/46/163 4953/45/233 4839/50/119 4727/51/7
f 4728/52/311 4872/53/152 4954/54/234 4806/55/86
f 4872/53/152 4754/56/330 4846/57/126 4954/54/234
f 4954/54/234 4846/57/126 4751/43/31 4883/46/163
f 4806/55/86 4954/54/234 4883/46/163 4727/51/7
f 4729/58/9 4838/59/118 4955/60/235 4887/61/167
f 4838/59/118 4773/62/53 4947/63/227 4955/60/235
f 4955/60/235 4947/63/227 4796/33/76 4862/32/142
f 4887/61/167 4955/60/235 4862/32/142 4760/31/40
f 4799/64/79 4860/65/140 4956/66/236 4933/67/213
f 4860/65/140 4759/68/39 4847/69/127 4956/66/236
f 4956/66/236 4847/69/127 4761/70/41 4861/71/141
f 4933/67/213 4956/66/236 4861/71/141 4795/72/75
f 4800/73/80 4936/74/216 4957/75/237 4881/76/161
f 4936/74/216 4792/19/72 4878/22/158 4957/75/237
f 4957/75/237 4878/22/158 4748/24/28 4865/77/145
f 4881/76/161 4957/75/237 4865/77/145 4756/78/36
f 4738/79/18 4873/80/153 4958/81/238 4823/82/103
f 4873/80/153 4722/83/2 4802/84/82 4958/81/238
f 4958/81/238 4802/84/82 4723/85/3 4875/86/155
f 4823/82/103 4958/81/238 4875/86/155 4741/87/21
f 4752/88/32 4886/89/166 4959/90/329 4845/91/125
f 4886/89/166 4774/92/54 4901/93/181 4959/90/329
f 4959/90/329 4901/93/181 4778/47/58 4885/44/165
f 4845/91/125 4959/90/329 4885/44/165 4751/43/31
f 4735/94/15 4812/95/92 4960/96/240 4870/97/150
f 4812/95/92 4733/5/13 4871/2/151 4960/96/240
f 4960/96/240 4871/2/151 4726/1/6 4809/98/89
f 4870/97/150 4960/96/240 4809/98/89 4721/99/1
f 4741/87/21 4875/86/155 4961/100/241 4828/101/108
f 4875/86/155 4723/85/3 4803/102/83 4961/100/241
f 4961/100/241 4803/102/83 4724/103/4 4877/104/157
f 4828/101/108 4961/100/241 4877/104/157 4744/105/24
f 4744/105/24 4877/104/157 4962/106/242 4833/107/113
f 4877/104/157 4724/103/4 4804/108/84 4962/106/242
f 4962/106/242 4804/108/84 4725/38/5 4879/35/159
f 4833/107/113 4962/106/242 4879/35/159 4747/34/27
f 4735/94/15 4870/97/150 4963/109/243 4818/110/98
f 4870/97/150 4721/99/1 4801/111/81 4963/109/243
f 4963/109/243 4801/111/81 4722/83/2 4873/80/153
f 4818/110/98 4963/109/243 4873/80/153 4738/79/18
f 4786/14/66 4914/112/194 4964/113/244 4874/15/154
f 4914/112/194 4783/114/63 4884/115/164 4964/113/244
f 4964/113/244 4884/115/164 4739/116/19 4827/117/107
f 4874/15/154 4964/113/244 4827/117/107 4742/16/22
f 4731/118/313 4888/119/168 4965/120/344 4808/121/88
f 4888/119/168 4763/122/331 4858/123/138 4965/120/344
f 4965/120/344 4858/123/138 4757/42/37 4880/41/160
f 4808/121/88 4965/120/344 4880/41/160 4730/40/10
f 4729/58/9 4887/61/167 4966/124/246 4807/125/87
f 4887/61/167 4760/31/40 4853/126/133 4966/124/246
f 4966/124/246 4853/126/133 4763/127/331 4888/128/168
f 4807/125/87 4966/124/246 4888/128/168 4731/129/313
f 4733/5/13 4812/95/92 4967/130/308 4811/131/91
f 4812/95/92 4735/94/15 4813/132/93 4967/130/308
f 4967/130/308 4813/132/93 4737/133/17 4814/134/94
f 4811/131/91 4967/130/308 4814/134/94 4734/135/14
f 4734/136/14 4814/137/94 4968/138/248 4815/139/95
f 4814/137/94 4737/140/17 4816/141/96 4968/138/248
f 4968/138/248 4816/141/96 4736/142/16 4817/143/97
f 4815/139/95 4968/138/248 4817/143/97 4732/144/12
f 4735/94/15 4818/110/98 4969/145/249 4813/132/93
f 4818/110/98 4738/79/18 4819/146/99 4969/145/249
f 4969/145/249 4819/146/99 4740/147/343 4820/148/100
f 4813/132/93 4969/145/249 4820/148/100 4737/133/17
f 4737/140/17 4820/149/100 4970/150/250 4816/141/96
f 4820/149/100 4740/151/343 4821/152/101 4970/150/250
f 4970/150/250 4821/152/101 4739/116/19 4822/153/102
f 4816/141/96 4970/150/250 4822/153/102 4736/142/16
f 4738/79/18 4823/82/103 4971/154/251 4819/146/99
f 4823/82/103 4741/87/21 4824/155/104 4971/154/251
f 4971/154/251 4824/155/104 4743/156/23 4825/157/105
f 4819/146/99 4971/154/251 4825/157/105 4740/147/343
f 4740/151/343 4825/158/105 4972/159/252 4821/152/101
f 4825/158/105 4743/160/23 4826/161/106 4972/159/252
f 4972/159/252 4826/161/106 4742/16/22 4827/117/107
f 4821/152/101 4972/159/252 4827/117/107 4739/116/19
f 4741/87/21 4828/101/108 4973/162/253 4824/155/104
f 4828/101/108 4744/105/24 4829/163/109 4973/162/253
f 4973/162/253 4829/163/109 4746/164/26 4830/165/110
f 4824/155/104 4973/162/253 4830/165/110 4743/156/23
f 4743/160/23 4830/166/110 4974/167/254 4826/161/106
f 4830/166/110 4746/168/26 4831/169/111 4974/167/254
f 4974/167/254 4831/169/111 4745/18/25 4832/17/112
f 4826/161/106 4974/167/254 4832/17/112 4742/16/22
f 4744/105/24 4833/107/113 4975/170/255 4829/163/109
f 4833/107/113 4747/34/27 4834/171/114 4975/170/255
f 4975/170/255 4834/171/114 4749/172/29 4835/173/302
f 4829/163/109 4975/170/255 4835/173/302 4746/164/26
f 4746/168/26 4835/174/302 4976/175/256 4831/169/111
f 4835/174/302 4749/176/29 4836/177/116 4976/175/256
f 4976/175/256 4836/177/116 4748/24/28 4837/23/117
f 4831/169/111 4976/175/256 4837/23/117 4745/18/25
f 4732/144/12 4869/178/149 4977/179/257 4866/180/146
f 4776/181/56 4898/182/178 4977/179/257 4869/178/149
f 4775/183/55 4859/184/139 4977/179/257 4898/182/178
f 4750/185/30 4841/186/121 4977/179/257 4859/184/139
f 4753/187/33 4866/180/146 4977/179/257 4841/186/121
f 4739/116/19 4884/115/164 4978/188/258 4822/153/102
f 4884/115/164 4783/114/63 4909/189/189 4978/188/258
f 4978/188/258 4909/189/189 4780/190/60 4882/191/162
f 4822/153/102 4978/188/258 4882/191/162 4736/142/16
f 4799/64/79 4935/192/215 4979/193/259 4860/65/140
f 4800/73/80 4881/76/161 4979/193/259 4935/192/215
f 4756/78/36 4854/194/134 4979/193/259 4881/76/161
f 4762/195/42 4848/196/128 4979/193/259 4854/194/134
f 4759/68/39 4860/65/140 4979/193/259 4848/196/128
f 4736/142/16 4882/191/162 4980/197/260 4817/143/97
f 4882/191/162 4780/190/60 4904/198/184 4980/197/260
f 4980/197/260 4904/198/184 4776/181/56 4869/178/149
f 4817/143/97 4980/197/260 4869/178/149 4732/144/12
f 4753/187/33 4841/186/121 4981/199/261 4840/200/120
f 4841/186/121 4750/185/30 4842/201/122 4981/199/261
f 4981/199/261 4842/201/122 4752/202/32 4843/203/123
f 4840/200/120 4981/199/261 4843/203/123 4755/204/319
f 4755/205/319 4843/206/123 4982/207/262 4844/208/124
f 4843/206/123 4752/88/32 4845/91/125 4982/207/262
f 4982/207/262 4845/91/125 4751/43/31 4846/57/126
f 4844/208/124 4982/207/262 4846/57/126 4754/56/330
f 4759/68/39 4848/196/128 4983/209/263 4847/69/127
f 4848/196/128 4762/195/42 4849/210/129 4983/209/263
f 4983/209/263 4849/210/129 4764/211/332 4850/212/130
f 4847/69/127 4983/209/263 4850/212/130 4761/70/41
f 4761/29/41 4850/213/130 4984/214/264 4851/30/131
f 4850/213/130 4764/215/332 4852/216/132 4984/214/264
f 4984/214/264 4852/216/132 4763/127/331 4853/126/133
f 4851/30/131 4984/214/264 4853/126/133 4760/31/40
f 4762/195/42 4854/194/134 4985/217/265 4849/210/129
f 4854/194/134 4756/78/36 4855/218/135 4985/217/265
f 4985/217/265 4855/218/135 4758/219/38 4856/220/136
f 4849/210/129 4985/217/265 4856/220/136 4764/211/332
f 4764/221/332 4856/222/136 4986/223/318 4852/224/132
f 4856/222/136 4758/225/38 4857/226/137 4986/223/318
f 4986/223/318 4857/226/137 4757/42/37 4858/123/138
f 4852/224/132 4986/223/318 4858/123/138 4763/122/331
f 4747/34/27 4863/37/303 4987/227/309 4834/171/114
f 4863/37/303 4757/42/37 4857/226/137 4987/227/309
f 4987/227/309 4857/226/137 4758/225/38 4864/228/304
f 4834/171/114 4987/227/309 4864/228/304 4749/172/29
f 4749/176/29 4864/229/304 4988/230/268 4836/177/116
f 4864/229/304 4758/219/38 4855/218/135 4988/230/268
f 4988/230/268 4855/218/135 4756/78/36 4865/77/145
f 4836/177/116 4988/230/268 4865/77/145 4748/24/28
f 4732/144/12 4866/180/146 4989/231/269 4815/139/95
f 4866/180/146 4753/187/33 4840/200/120 4989/231/269
f 4989/231/269 4840/200/120 4755/204/319 4867/232/147
f 4815/139/95 4989/231/269 4867/232/147 4734/136/14
f 4734/135/14 4867/233/147 4990/234/336 4811/131/91
f 4867/233/147 4755/235/319 4844/236/124 4990/234/336
f 4990/234/336 4844/236/124 4754/7/330 4868/6/148
f 4811/131/91 4990/234/336 4868/6/148 4733/5/13
f 4782/237/62 4941/238/221 4991/239/271 4908/240/188
f 4941/238/221 4767/241/47 4890/242/170 4991/239/271
f 4991/239/271 4890/242/170 4766/243/46 4939/244/219
f 4908/240/188 4991/239/271 4939/244/219 4779/245/59
f 4782/237/62 4913/246/333 4992/247/272 4941/238/221
f 4913/246/333 4785/248/65 4942/249/222 4992/247/272
f 4992/247/272 4942/249/222 4768/250/48 4891/251/171
f 4941/238/221 4992/247/272 4891/251/171 4767/241/47
f 4785/248/65 4918/252/198 4993/253/273 4942/249/222
f 4918/252/198 4788/254/68 4943/255/223 4993/253/273
f 4993/253/273 4943/255/223 4769/256/49 4892/257/172
f 4942/249/222 4993/253/273 4892/257/172 4768/250/48
f 4788/258/68 4923/259/203 4994/260/274 4943/261/223
f 4923/259/203 4791/262/71 4944/263/224 4994/260/274
f 4994/260/274 4944/263/224 4770/264/50 4893/265/173
f 4943/261/223 4994/260/274 4893/265/173 4769/266/49
f 4791/262/71 4928/267/334 4995/268/275 4944/263/224
f 4928/267/334 4794/269/74 4945/270/225 4995/268/275
f 4995/268/275 4945/270/225 4771/271/51 4894/272/174
f 4944/263/224 4995/268/275 4894/272/174 4770/264/50
f 4794/269/74 4938/273/218 4996/274/276 4945/270/225
f 4938/273/218 4797/275/77 4946/276/226 4996/274/276
f 4996/274/276 4946/276/226 4772/277/52 4895/278/175
f 4945/270/225 4996/274/276 4895/278/175 4771/271/51
f 4772/277/52 4946/276/226 4997/279/277 4896/280/176
f 4946/276/226 4797/275/77 4930/281/210 4997/279/277
f 4997/279/277 4930/281/210 4796/33/76 4947/63/227
f 4896/280/176 4997/279/277 4947/63/227 4773/62/53
f 4779/245/59 4939/244/219 4998/282/278 4903/283/183
f 4939/244/219 4766/243/46 4889/284/169 4998/282/278
f 4998/282/278 4889/284/169 4765/49/45 4940/48/220
f 4903/283/183 4998/282/278 4940/48/220 4778/47/58
f 4775/183/55 4898/182/178 4999/285/279 4897/286/177
f 4898/182/178 4776/181/56 4899/287/179 4999/285/279
f 4999/285/279 4899/287/179 4777/288/57 4900/289/180
f 4897/286/177 4999/285/279 4900/289/180 4774/290/54
f 4774/92/54 4900/291/180 5000/292/280 4901/93/181
f 4900/291/180 4777/293/57 4902/294/182 5000/292/280
f 5000/292/280 4902/294/182 4779/245/59 4903/283/183
f 4901/93/181 5000/292/280 4903/283/183 4778/47/58
f 4776/181/56 4904/198/184 5001/295/281 4899/287/179
f 4904/198/184 4780/190/60 4905/296/185 5001/295/281
f 5001/295/281 4905/296/185 4781/297/61 4906/298/186
f 4899/287/179 5001/295/281 4906/298/186 4777/288/57
f 4777/293/57 4906/299/186 5002/300/282 4902/294/182
f 4906/299/186 4781/301/61 4907/302/187 5002/300/282
f 5002/300/282 4907/302/187 4782/237/62 4908/240/188
f 4902/294/182 5002/300/282 4908/240/188 4779/245/59
f 4780/190/60 4909/189/189 5003/303/283 4905/296/185
f 4909/189/189 4783/114/63 4910/304/190 5003/303/283
f 5003/303/283 4910/304/190 4784/305/64 4911/306/191
f 4905/296/185 5003/303/283 4911/306/191 4781/297/61
f 4781/301/61 4911/307/191 5004/308/284 4907/302/187
f 4911/307/191 4784/309/64 4912/310/192 5004/308/284
f 5004/308/284 4912/310/192 4785/248/65 4913/246/333
f 4907/302/187 5004/308/284 4913/246/333 4782/237/62
f 4783/114/63 4914/112/194 5005/311/285 4910/304/190
f 4914/112/194 4786/14/66 4915/312/195 5005/311/285
f 5005/311/285 4915/312/195 4787/313/67 4916/314/196
f 4910/304/190 5005/311/285 4916/314/196 4784/305/64
f 4784/309/64 4916/315/196 5006/316/286 4912/310/192
f 4916/315/196 4787/317/67 4917/318/197 5006/316/286
f 5006/316/286 4917/318/197 4788/254/68 4918/252/198
f 4912/310/192 5006/316/286 4918/252/198 4785/248/65
f 4786/14/66 4919/11/199 5007/319/287 4915/312/195
f 4919/11/199 4789/10/69 4920/320/200 5007/319/287
f 5007/319/287 4920/320/200 4790/321/70 4921/322/201
f 4915/312/195 5007/319/287 4921/322/201 4787/313/67
f 4787/323/67 4921/324/201 5008/325/288 4917/326/197
f 4921/324/201 4790/327/70 4922/328/202 5008/325/288
f 5008/325/288 4922/328/202 4791/262/71 4923/259/203
f 4917/326/197 5008/325/288 4923/259/203 4788/258/68
f 4789/10/69 4924/20/204 5009/329/289 4920/320/200
f 4924/20/204 4792/19/72 4925/330/205 5009/329/289
f 5009/329/289 4925/330/205 4793/331/73 4926/332/206
f 4920/320/200 5009/329/289 4926/332/206 4790/321/70
f 4790/327/70 4926/333/206 5010/334/290 4922/328/202
f 4926/333/206 4793/335/73 4927/336/207 5010/334/290
f 5010/334/290 4927/336/207 4794/269/74 4928/267/334
f 4922/328/202 5010/334/290 4928/267/334 4791/262/71
f 4796/33/76 4930/281/210 5011/337/291 4929/28/209
f 4930/281/210 4797/275/77 4931/338/211 5011/337/291
f 5011/337/291 4931/338/211 4798/339/78 4932/340/212
f 4929/28/209 5011/337/291 4932/340/212 4795/25/75
f 4795/72/75 4932/341/212 5012/342/292 4933/67/213
f 4932/341/212 4798/343/78 4934/344/214 5012/342/292
f 5012/342/292 4934/344/214 4800/73/80 4935/192/215
f 4933/67/213 5012/342/292 4935/192/215 4799/64/79
f 4792/19/72 4936/74/216 5013/345/293 4925/330/205
f 4936/74/216 4800/73/80 4934/344/214 5013/345/293
f 5013/345/293 4934/344/214 4798/343/78 4937/346/217
f 4925/330/205 5013/345/293 4937/346/217 4793/331/73
f 4793/335/73 4937/347/217 5014/348/294 4927/336/207
f 4937/347/217 4798/339/78 4931/338/211 5014/348/294
f 5014/348/294 4931/338/211 4797/275/77 4938/273/218
f 4927/336/207 5014/348/294 4938/273/218 4794/269/74
f 4750/185/30 4859/184/139 5015/349/295 4842/201/122
f 4859/184/139 4775/183/55 4897/286/177 5015/349/295
f 5015/349/295 4897/286/177 4774/290/54 4886/350/166
f 4842/201/122 5015/349/295 4886/350/166 4752/202/32
f 5021/1/310 5166/2/151 5243/3/228 5100/4/85
f 5166/2/151 5028/5/13 5163/6/148 5243/3/228
f 5243/3/228 5163/6/148 5049/7/314 5167/8/152
f 5100/4/85 5243/3/228 5167/8/152 5023/9/311
f 5084/10/69 5214/11/199 5244/12/229 5171/13/156
f 5214/11/199 5081/14/66 5169/15/154 5244/12/229
f 5244/12/229 5169/15/154 5037/16/22 5127/17/112
f 5171/13/156 5244/12/229 5127/17/112 5040/18/25
f 5087/19/72 5219/20/204 5245/21/230 5173/22/158
f 5219/20/204 5084/10/69 5171/13/156 5245/21/230
f 5245/21/230 5171/13/156 5040/18/25 5132/23/117
f 5173/22/158 5245/21/230 5132/23/117 5043/24/28
f 5090/25/75 5156/26/141 5246/27/231 5224/28/209
f 5156/26/141 5056/29/41 5146/30/131 5246/27/231
f 5246/27/231 5146/30/131 5055/31/40 5157/32/142
f 5224/28/209 5246/27/231 5157/32/142 5091/33/76
f 5042/34/27 5174/35/159 5247/36/232 5158/37/303
f 5174/35/159 5020/38/5 5105/39/90 5247/36/232
f 5247/36/232 5105/39/90 5025/40/312 5175/41/325
f 5158/37/303 5247/36/232 5175/41/325 5052/42/37
f 5046/43/31 5180/44/165 5248/45/233 5178/46/163
f 5180/44/165 5073/47/58 5235/48/220 5248/45/233
f 5248/45/233 5235/48/220 5060/49/45 5134/50/119
f 5178/46/163 5248/45/233 5134/50/119 5022/51/7
f 5023/52/311 5167/53/152 5249/54/234 5101/55/86
f 5167/53/152 5049/56/314 5141/57/126 5249/54/234
f 5249/54/234 5141/57/126 5046/43/31 5178/46/163
f 5101/55/86 5249/54/234 5178/46/163 5022/51/7
f 5024/58/9 5133/59/118 5250/60/235 5182/61/167
f 5133/59/118 5068/62/53 5242/63/227 5250/60/235
f 5250/60/235 5242/63/227 5091/33/76 5157/32/142
f 5182/61/167 5250/60/235 5157/32/142 5055/31/40
f 5094/64/79 5155/65/140 5251/66/236 5228/67/213
f 5155/65/140 5054/68/39 5142/69/127 5251/66/236
f 5251/66/236 5142/69/127 5056/70/41 5156/71/141
f 5228/67/213 5251/66/236 5156/71/141 5090/72/75
f 5095/73/80 5231/74/216 5252/75/237 5176/76/161
f 5231/74/216 5087/19/72 5173/22/158 5252/75/237
f 5252/75/237 5173/22/158 5043/24/28 5160/77/145
f 5176/76/161 5252/75/237 5160/77/145 5051/78/36
f 5033/79/18 5168/80/153 5253/81/238 5118/82/103
f 5168/80/153 5017/83/2 5097/84/82 5253/81/238
f 5253/81/238 5097/84/82 5018/85/3 5170/86/155
f 5118/82/103 5253/81/238 5170/86/155 5036/87/21
f 5047/88/32 5181/89/166 5254/90/329 5140/91/125
f 5181/89/166 5069/92/54 5196/93/181 5254/90/329
f 5254/90/329 5196/93/181 5073/47/58 5180/44/165
f 5140/91/125 5254/90/329 5180/44/165 5046/43/31
f 5030/94/15 5107/95/297 5255/96/240 5165/97/150
f 5107/95/297 5028/5/13 5166/2/151 5255/96/240
f 5255/96/240 5166/2/151 5021/1/310 5104/98/89
f 5165/97/150 5255/96/240 5104/98/89 5016/99/1
f 5036/87/21 5170/86/155 5256/100/241 5123/101/108
f 5170/86/155 5018/85/3 5098/102/83 5256/100/241
f 5256/100/241 5098/102/83 5019/103/4 5172/104/157
f 5123/101/108 5256/100/241 5172/104/157 5039/105/24
f 5039/105/24 5172/104/157 5257/106/242 5128/107/113
f 5172/104/157 5019/103/4 5099/108/84 5257/106/242
f 5257/106/242 5099/108/84 5020/38/5 5174/35/159
f 5128/107/113 5257/106/242 5174/35/159 5042/34/27
f 5030/94/15 5165/97/150 5258/109/243 5113/110/98
f 5165/97/150 5016/99/1 5096/111/81 5258/109/243
f 5258/109/243 5096/111/81 5017/83/2 5168/80/153
f 5113/110/98 5258/109/243 5168/80/153 5033/79/18
f 5081/14/66 5209/112/194 5259/113/244 5169/15/154
f 5209/112/194 5078/114/63 5179/115/164 5259/113/244
f 5259/113/244 5179/115/164 5034/116/19 5122/117/107
f 5169/15/154 5259/113/244 5122/117/107 5037/16/22
f 5026/118/313 5183/119/168 5260/120/245 5103/121/88
f 5183/119/168 5058/122/315 5153/123/138 5260/120/245
f 5260/120/245 5153/123/138 5052/42/37 5175/41/325
f 5103/121/88 5260/120/245 5175/41/325 5025/40/312
f 5024/58/9 5182/61/167 5261/124/246 5102/125/87
f 5182/61/167 5055/31/40 5148/126/133 5261/124/246
f 5261/124/246 5148/126/133 5058/127/315 5183/128/168
f 5102/125/87 5261/124/246 5183/128/168 5026/129/313
f 5028/5/13 5107/95/297 5262/130/308 5106/131/91
f 5107/95/297 5030/94/15 5108/132/93 5262/130/308
f 5262/130/308 5108/132/93 5032/133/17 5109/134/94
f 5106/131/91 5262/130/308 5109/134/94 5029/135/14
f 5029/136/14 5109/137/94 5263/138/248 5110/139/95
f 5109/137/94 5032/140/17 5111/141/96 5263/138/248
f 5263/138/248 5111/141/96 5031/142/16 5112/143/97
f 5110/139/95 5263/138/248 5112/143/97 5027/144/12
f 5030/94/15 5113/110/98 5264/145/249 5108/132/93
f 5113/110/98 5033/79/18 5114/146/99 5264/145/249
f 5264/145/249 5114/146/99 5035/147/20 5115/148/100
f 5108/132/93 5264/145/249 5115/148/100 5032/133/17
f 5032/140/17 5115/149/100 5265/150/250 5111/141/96
f 5115/149/100 5035/151/20 5116/152/101 5265/150/250
f 5265/150/250 5116/152/101 5034/116/19 5117/153/102
f 5111/141/96 5265/150/250 5117/153/102 5031/142/16
f 5033/79/18 5118/82/103 5266/154/251 5114/146/99
f 5118/82/103 5036/87/21 5119/155/104 5266/154/251
f 5266/154/251 5119/155/104 5038/156/23 5120/157/105
f 5114/146/99 5266/154/251 5120/157/105 5035/147/20
f 5035/151/20 5120/158/105 5267/159/252 5116/152/101
f 5120/158/105 5038/160/23 5121/161/106 5267/159/252
f 5267/159/252 5121/161/106 5037/16/22 5122/117/107
f 5116/152/101 5267/159/252 5122/117/107 5034/116/19
f 5036/87/21 5123/101/108 5268/162/253 5119/155/104
f 5123/101/108 5039/105/24 5124/163/109 5268/162/253
f 5268/162/253 5124/163/109 5041/164/26 5125/165/110
f 5119/155/104 5268/162/253 5125/165/110 5038/156/23
f 5038/160/23 5125/166/110 5269/167/254 5121/161/106
f 5125/166/110 5041/168/26 5126/169/111 5269/167/254
f 5269/167/254 5126/169/111 5040/18/25 5127/17/112
f 5121/161/106 5269/167/254 5127/17/112 5037/16/22
f 5039/105/24 5128/107/113 5270/170/255 5124/163/109
f 5128/107/113 5042/34/27 5129/171/114 5270/170/255
f 5270/170/255 5129/171/114 5044/172/29 5130/173/115
f 5124/163/109 5270/170/255 5130/173/115 5041/164/26
f 5041/168/26 5130/174/115 5271/175/256 5126/169/111
f 5130/174/115 5044/176/29 5131/177/116 5271/175/256
f 5271/175/256 5131/177/116 5043/24/28 5132/23/117
f 5126/169/111 5271/175/256 5132/23/117 5040/18/25
f 5027/144/12 5164/178/149 5272/179/257 5161/180/146
f 5071/181/56 5193/182/178 5272/179/257 5164/178/149
f 5070/183/55 5154/184/139 5272/179/257 5193/182/178
f 5045/185/30 5136/186/121 5272/179/257 5154/184/139
f 5048/187/33 5161/180/146 5272/179/257 5136/186/121
f 5034/116/19 5179/115/164 5273/188/258 5117/153/102
f 5179/115/164 5078/114/63 5204/189/189 5273/188/258
f 5273/188/258 5204/189/189 5075/190/60 5177/191/162
f 5117/153/102 5273/188/258 5177/191/162 5031/142/16
f 5094/64/79 5230/192/215 5274/193/259 5155/65/140
f 5095/73/80 5176/76/161 5274/193/259 5230/192/215
f 5051/78/36 5149/194/134 5274/193/259 5176/76/161
f 5057/195/42 5143/196/128 5274/193/259 5149/194/134
f 5054/68/39 5155/65/140 5274/193/259 5143/196/128
f 5031/142/16 5177/191/162 5275/197/260 5112/143/97
f 5177/191/162 5075/190/60 5199/198/184 5275/197/260
f 5275/197/260 5199/198/184 5071/181/56 5164/178/149
f 5112/143/97 5275/197/260 5164/178/149 5027/144/12
f 5048/187/33 5136/186/121 5276/199/261 5135/200/120
f 5136/186/121 5045/185/30 5137/201/122 5276/199/261
f 5276/199/261 5137/201/122 5047/202/32 5138/203/123
f 5135/200/120 5276/199/261 5138/203/123 5050/204/35
f 5050/205/35 5138/206/123 5277/207/262 5139/208/327
f 5138/206/123 5047/88/32 5140/91/125 5277/207/262
f 5277/207/262 5140/91/125 5046/43/31 5141/57/126
f 5139/208/327 5277/207/262 5141/57/126 5049/56/314
f 5054/68/39 5143/196/128 5278/209/263 5142/69/127
f 5143/196/128 5057/195/42 5144/210/129 5278/209/263
f 5278/209/263 5144/210/129 5059/211/44 5145/212/130
f 5142/69/127 5278/209/263 5145/212/130 5056/70/41
f 5056/29/41 5145/213/130 5279/214/264 5146/30/131
f 5145/213/130 5059/215/44 5147/216/328 5279/214/264
f 5279/214/264 5147/216/328 5058/127/315 5148/126/133
f 5146/30/131 5279/214/264 5148/126/133 5055/31/40
f 5057/195/42 5149/194/134 5280/217/265 5144/210/129
f 5149/194/134 5051/78/36 5150/218/135 5280/217/265
f 5280/217/265 5150/218/135 5053/219/38 5151/220/136
f 5144/210/129 5280/217/265 5151/220/136 5059/211/44
f 5059/221/44 5151/222/136 5281/223/266 5147/224/328
f 5151/222/136 5053/225/38 5152/226/137 5281/223/266
f 5281/223/266 5152/226/137 5052/42/37 5153/123/138
f 5147/224/328 5281/223/266 5153/123/138 5058/122/315
f 5042/34/27 5158/37/303 5282/227/309 5129/171/114
f 5158/37/303 5052/42/37 5152/226/137 5282/227/309
f 5282/227/309 5152/226/137 5053/225/38 5159/228/304
f 5129/171/114 5282/227/309 5159/228/304 5044/172/29
f 5044/176/29 5159/229/304 5283/230/268 5131/177/116
f 5159/229/304 5053/219/38 5150/218/135 5283/230/268
f 5283/230/268 5150/218/135 5051/78/36 5160/77/145
f 5131/177/116 5283/230/268 5160/77/145 5043/24/28
f 5027/144/12 5161/180/146 5284/231/269 5110/139/95
f 5161/180/146 5048/187/33 5135/200/120 5284/231/269
f 5284/231/269 5135/200/120 5050/204/35 5162/232/147
f 5110/139/95 5284/231/269 5162/232/147 5029/136/14
f 5029/135/14 5162/233/147 5285/234/270 5106/131/91
f 5162/233/147 5050/235/35 5139/236/327 5285/234/270
f 5285/234/270 5139/236/327 5049/7/314 5163/6/148
f 5106/131/91 5285/234/270 5163/6/148 5028/5/13
f 5077/237/62 5236/238/221 5286/239/271 5203/240/188
f 5236/238/221 5062/241/47 5185/242/170 5286/239/271
f 5286/239/271 5185/242/170 5061/243/46 5234/244/219
f 5203/240/188 5286/239/271 5234/244/219 5074/245/59
f 5077/237/62 5208/246/193 5287/247/272 5236/238/221
f 5208/246/193 5080/248/65 5237/249/222 5287/247/272
f 5287/247/272 5237/249/222 5063/250/322 5186/251/171
f 5236/238/221 5287/247/272 5186/251/171 5062/241/47
f 5080/248/65 5213/252/198 5288/253/273 5237/249/222
f 5213/252/198 5083/254/68 5238/255/223 5288/253/273
f 5288/253/273 5238/255/223 5064/256/49 5187/257/172
f 5237/249/222 5288/253/273 5187/257/172 5063/250/322
f 5083/258/68 5218/259/203 5289/260/274 5238/261/223
f 5218/259/203 5086/262/71 5239/263/224 5289/260/274
f 5289/260/274 5239/263/224 5065/264/323 5188/265/173
f 5238/261/223 5289/260/274 5188/265/173 5064/266/49
f 5086/262/71 5223/267/208 5290/268/275 5239/263/224
f 5223/267/208 5089/269/74 5240/270/225 5290/268/275
f 5290/268/275 5240/270/225 5066/271/51 5189/272/174
f 5239/263/224 5290/268/275 5189/272/174 5065/264/323
f 5089/269/74 5233/273/218 5291/274/276 5240/270/225
f 5233/273/218 5092/275/77 5241/276/226 5291/274/276
f 5291/274/276 5241/276/226 5067/277/52 5190/278/175
f 5240/270/225 5291/274/276 5190/278/175 5066/271/51
f 5067/277/52 5241/276/226 5292/279/277 5191/280/176
f 5241/276/226 5092/275/77 5225/281/210 5292/279/277
f 5292/279/277 5225/281/210 5091/33/76 5242/63/227
f 5191/280/176 5292/279/277 5242/63/227 5068/62/53
f 5074/245/59 5234/244/219 5293/282/278 5198/283/183
f 5234/244/219 5061/243/46 5184/284/169 5293/282/278
f 5293/282/278 5184/284/169 5060/49/45 5235/48/220
f 5198/283/183 5293/282/278 5235/48/220 5073/47/58
f 5070/183/55 5193/182/178 5294/285/279 5192/286/177
f 5193/182/178 5071/181/56 5194/287/179 5294/285/279
f 5294/285/279 5194/287/179 5072/288/57 5195/289/180
f 5192/286/177 5294/285/279 5195/289/180 5069/290/54
f 5069/92/54 5195/291/180 5295/292/280 5196/93/181
f 5195/291/180 5072/293/57 5197/294/182 5295/292/280
f 5295/292/280 5197/294/182 5074/245/59 5198/283/183
f 5196/93/181 5295/292/280 5198/283/183 5073/47/58
f 5071/181/56 5199/198/184 5296/295/281 5194/287/179
f 5199/198/184 5075/190/60 5200/296/185 5296/295/281
f 5296/295/281 5200/296/185 5076/297/61 5201/298/186
f 5194/287/179 5296/295/281 5201/298/186 5072/288/57
f 5072/293/57 5201/299/186 5297/300/282 5197/294/182
f 5201/299/186 5076/301/61 5202/302/187 5297/300/282
f 5297/300/282 5202/302/187 5077/237/62 5203/240/188
f 5197/294/182 5297/300/282 5203/240/188 5074/245/59
f 5075/190/60 5204/189/189 5298/303/283 5200/296/185
f 5204/189/189 5078/114/63 5205/304/190 5298/303/283
f 5298/303/283 5205/304/190 5079/305/64 5206/306/191
f 5200/296/185 5298/303/283 5206/306/191 5076/297/61
f 5076/301/61 5206/307/191 5299/308/284 5202/302/187
f 5206/307/191 5079/309/64 5207/310/192 5299/308/284
f 5299/308/284 5207/310/192 5080/248/65 5208/246/193
f 5202/302/187 5299/308/284 5208/246/193 5077/237/62
f 5078/114/63 5209/112/194 5300/311/285 5205/304/190
f 5209/112/194 5081/14/66 5210/312/195 5300/311/285
f 5300/311/285 5210/312/195 5082/313/67 5211/314/196
f 5205/304/190 5300/311/285 5211/314/196 5079/305/64
f 5079/309/64 5211/315/196 5301/316/286 5207/310/192
f 5211/315/196 5082/317/67 5212/318/197 5301/316/286
f 5301/316/286 5212/318/197 5083/254/68 5213/252/198
f 5207/310/192 5301/316/286 5213/252/198 5080/248/65
f 5081/14/66 5214/11/199 5302/319/287 5210/312/195
f 5214/11/199 5084/10/69 5215/320/200 5302/319/287
f 5302/319/287 5215/320/200 5085/321/70 5216/322/201
f 5210/312/195 5302/319/287 5216/322/201 5082/313/67
f 5082/323/67 5216/324/201 5303/325/288 5212/326/197
f 5216/324/201 5085/327/70 5217/328/202 5303/325/288
f 5303/325/288 5217/328/202 5086/262/71 5218/259/203
f 5212/326/197 5303/325/288 5218/259/203 5083/258/68
f 5084/10/69 5219/20/204 5304/329/289 5215/320/200
f 5219/20/204 5087/19/72 5220/330/205 5304/329/289
f 5304/329/289 5220/330/205 5088/331/73 5221/332/206
f 5215/320/200 5304/329/289 5221/332/206 5085/321/70
f 5085/327/70 5221/333/206 5305/334/290 5217/328/202
f 5221/333/206 5088/335/73 5222/336/207 5305/334/290
f 5305/334/290 5222/336/207 5089/269/74 5223/267/208
f 5217/328/202 5305/334/290 5223/267/208 5086/262/71
f 5091/33/76 5225/281/210 5306/337/291 5224/28/209
f 5225/281/210 5092/275/77 5226/338/211 5306/337/291
f 5306/337/291 5226/338/211 5093/339/78 5227/340/212
f 5224/28/209 5306/337/291 5227/340/212 5090/25/75
f 5090/72/75 5227/341/212 5307/342/292 5228/67/213
f 5227/341/212 5093/343/78 5229/344/214 5307/342/292
f 5307/342/292 5229/344/214 5095/73/80 5230/192/215
f 5228/67/213 5307/342/292 5230/192/215 5094/64/79
f 5087/19/72 5231/74/216 5308/345/293 5220/330/205
f 5231/74/216 5095/73/80 5229/344/214 5308/345/293
f 5308/345/293 5229/344/214 5093/343/78 5232/346/217
f 5220/330/205 5308/345/293 5232/346/217 5088/331/73
f 5088/335/73 5232/347/217 5309/348/294 5222/336/207
f 5232/347/217 5093/339/78 5226/338/211 5309/348/294
f 5309/348/294 5226/338/211 5092/275/77 5233/273/218
f 5222/336/207 5309/348/294 5233/273/218 5089/269/74
f 5045/185/30 5154/184/139 5310/349/295 5137/201/122
f 5154/184/139 5070/183/55 5192/286/177 5310/349/295
f 5310/349/295 5192/286/177 5069/290/54 5181/350/166
f 5137/201/122 5310/349/295 5181/350/166 5047/202/32
f 5316/1/6 5461/2/151 5538/3/335 5395/4/85
f 5461/2/151 5323/5/13 5458/6/148 5538/3/335
f 5538/3/335 5458/6/148 5344/7/330 5462/8/152
f 5395/4/85 5538/3/335 5462/8/152 5318/9/311
f 5379/10/69 5509/11/199 5539/12/229 5466/13/156
f 5509/11/199 5376/14/66 5464/15/154 5539/12/229
f 5539/12/229 5464/15/154 5332/16/22 5422/17/112
f 5466/13/156 5539/12/229 5422/17/112 5335/18/25
f 5382/19/72 5514/20/204 5540/21/230 5468/22/158
f 5514/20/204 5379/10/69 5466/13/156 5540/21/230
f 5540/21/230 5466/13/156 5335/18/25 5427/23/117
f 5468/22/158 5540/21/230 5427/23/117 5338/24/28
f 5385/25/75 5451/26/141 5541/27/231 5519/28/209
f 5451/26/141 5351/29/41 5441/30/131 5541/27/231
f 5541/27/231 5441/30/131 5350/31/40 5452/32/142
f 5519/28/209 5541/27/231 5452/32/142 5386/33/76
f 5337/34/27 5469/35/159 5542/36/232 5453/37/303
f 5469/35/159 5315/38/5 5400/39/90 5542/36/232
f 5542/36/232 5400/39/90 5320/40/10 5470/41/160
f 5453/37/303 5542/36/232 5470/41/160 5347/42/37
f 5341/43/31 5475/44/165 5543/45/233 5473/46/163
f 5475/44/165 5368/47/58 5530/48/220 5543/45/233
f 5543/45/233 5530/48/220 5355/49/45 5429/50/119
f 5473/46/163 5543/45/233 5429/50/119 5317/51/7
f 5318/52/311 5462/53/152 5544/54/234 5396/55/86
f 5462/53/152 5344/56/330 5436/57/126 5544/54/234
f 5544/54/234 5436/57/126 5341/43/31 5473/46/163
f 5396/55/86 5544/54/234 5473/46/163 5317/51/7
f 5319/58/9 5428/59/118 5545/60/235 5477/61/167
f 5428/59/118 5363/62/53 5537/63/227 5545/60/235
f 5545/60/235 5537/63/227 5386/33/76 5452/32/142
f 5477/61/167 5545/60/235 5452/32/142 5350/31/40
f 5389/64/79 5450/65/140 5546/66/236 5523/67/213
f 5450/65/140 5349/68/39 5437/69/127 5546/66/236
f 5546/66/236 5437/69/127 5351/70/41 5451/71/141
f 5523/67/213 5546/66/236 5451/71/141 5385/72/75
f 5390/73/80 5526/74/216 5547/75/237 5471/76/161
f 5526/74/216 5382/19/72 5468/22/158 5547/75/237
f 5547/75/237 5468/22/158 5338/24/28 5455/77/145
f 5471/76/161 5547/75/237 5455/77/145 5346/78/36
f 5328/79/18 5463/80/153 5548/81/238 5413/82/103
f 5463/80/153 5312/83/2 5392/84/82 5548/81/238
f 5548/81/238 5392/84/82 5313/85/3 5465/86/155
f 5413/82/103 5548/81/238 5465/86/155 5331/87/21
f 5342/88/32 5476/89/166 5549/90/329 5435/91/125
f 5476/89/166 5364/92/54 5491/93/181 5549/90/329
f 5549/90/329 5491/93/181 5368/47/58 5475/44/165
f 5435/91/125 5549/90/329 5475/44/165 5341/43/31
f 5325/94/15 5402/95/297 5550/96/240 5460/97/150
f 5402/95/297 5323/5/13 5461/2/151 5550/96/240
f 5550/96/240 5461/2/151 5316/1/6 5399/98/89
f 5460/97/150 5550/96/240 5399/98/89 5311/99/1
f 5331/87/21 5465/86/155 5551/100/241 5418/101/108
f 5465/86/155 5313/85/3 5393/102/83 5551/100/241
f 5551/100/241 5393/102/83 5314/103/4 5467/104/157
f 5418/101/108 5551/100/241 5467/104/157 5334/105/24
f 5334/105/24 5467/104/157 5552/106/242 5423/107/113
f 5467/104/157 5314/103/4 5394/108/84 5552/106/242
f 5552/106/242 5394/108/84 5315/38/5 5469/35/159
f 5423/107/113 5552/106/242 5469/35/159 5337/34/27
f 5325/94/15 5460/97/150 5553/109/243 5408/110/98
f 5460/97/150 5311/99/1 5391/111/81 5553/109/243
f 5553/109/243 5391/111/81 5312/83/2 5463/80/153
f 5408/110/98 5553/109/243 5463/80/153 5328/79/18
f 5376/14/66 5504/112/194 5554/113/244 5464/15/154
f 5504/112/194 5373/114/63 5474/115/164 5554/113/244
f 5554/113/244 5474/115/164 5329/116/19 5417/117/107
f 5464/15/154 5554/113/244 5417/117/107 5332/16/22
f 5321/118/313 5478/119/168 5555/120/344 5398/121/88
f 5478/119/168 5353/122/331 5448/123/138 5555/120/344
f 5555/120/344 5448/123/138 5347/42/37 5470/41/160
f 5398/121/88 5555/120/344 5470/41/160 5320/40/10
f 5319/58/9 5477/61/167 5556/124/246 5397/125/87
f 5477/61/167 5350/31/40 5443/126/133 5556/124/246
f 5556/124/246 5443/126/133 5353/127/331 5478/128/168
f 5397/125/87 5556/124/246 5478/128/168 5321/129/313
f 5323/5/13 5402/95/297 5557/130/308 5401/131/91
f 5402/95/297 5325/94/15 5403/132/93 5557/130/308
f 5557/130/308 5403/132/93 5327/133/17 5404/134/94
f 5401/131/91 5557/130/308 5404/134/94 5324/135/14
f 5324/136/14 5404/137/94 5558/138/248 5405/139/95
f 5404/137/94 5327/140/17 5406/141/96 5558/138/248
f 5558/138/248 5406/141/96 5326/142/16 5407/143/97
f 5405/139/95 5558/138/248 5407/143/97 5322/144/12
f 5325/94/15 5408/110/98 5559/145/249 5403/132/93
f 5408/110/98 5328/79/18 5409/146/99 5559/145/249
f 5559/145/249 5409/146/99 5330/147/20 5410/148/100
f 5403/132/93 5559/145/249 5410/148/100 5327/133/17
f 5327/140/17 5410/149/100 5560/150/250 5406/141/96
f 5410/149/100 5330/151/20 5411/152/101 5560/150/250
f 5560/150/250 5411/152/101 5329/116/19 5412/153/102
f 5406/141/96 5560/150/250 5412/153/102 5326/142/16
f 5328/79/18 5413/82/103 5561/154/251 5409/146/99
f 5413/82/103 5331/87/21 5414/155/104 5561/154/251
f 5561/154/251 5414/155/104 5333/156/23 5415/157/105
f 5409/146/99 5561/154/251 5415/157/105 5330/147/20
f 5330/151/20 5415/158/105 5562/159/252 5411/152/101
f 5415/158/105 5333/160/23 5416/161/106 5562/159/252
f 5562/159/252 5416/161/106 5332/16/22 5417/117/107
f 5411/152/101 5562/159/252 5417/117/107 5329/116/19
f 5331/87/21 5418/101/108 5563/162/253 5414/155/104
f 5418/101/108 5334/105/24 5419/163/109 5563/162/253
f 5563/162/253 5419/163/109 5336/164/26 5420/165/110
f 5414/155/104 5563/162/253 5420/165/110 5333/156/23
f 5333/160/23 5420/166/110 5564/167/254 5416/161/106
f 5420/166/110 5336/168/26 5421/169/111 5564/167/254
f 5564/167/254 5421/169/111 5335/18/25 5422/17/112
f 5416/161/106 5564/167/254 5422/17/112 5332/16/22
f 5334/105/24 5423/107/113 5565/170/255 5419/163/109
f 5423/107/113 5337/34/27 5424/171/114 5565/170/255
f 5565/170/255 5424/171/114 5339/172/29 5425/173/302
f 5419/163/109 5565/170/255 5425/173/302 5336/164/26
f 5336/168/26 5425/174/302 5566/175/256 5421/169/111
f 5425/174/302 5339/176/29 5426/177/116 5566/175/256
f 5566/175/256 5426/177/116 5338/24/28 5427/23/117
f 5421/169/111 5566/175/256 5427/23/117 5335/18/25
f 5322/144/12 5459/178/149 5567/179/257 5456/180/146
f 5366/181/56 5488/182/178 5567/179/257 5459/178/149
f 5365/183/55 5449/184/139 5567/179/257 5488/182/178
f 5340/185/30 5431/186/121 5567/179/257 5449/184/139
f 5343/187/33 5456/180/146 5567/179/257 5431/186/121
f 5329/116/19 5474/115/164 5568/188/258 5412/153/102
f 5474/115/164 5373/114/63 5499/189/189 5568/188/258
f 5568/188/258 5499/189/189 5370/190/60 5472/191/162
f 5412/153/102 5568/188/258 5472/191/162 5326/142/16
f 5389/64/79 5525/192/215 5569/193/259 5450/65/140
f 5390/73/80 5471/76/161 5569/193/259 5525/192/215
f 5346/78/36 5444/194/134 5569/193/259 5471/76/161
f 5352/195/42 5438/196/128 5569/193/259 5444/194/134
f 5349/68/39 5450/65/140 5569/193/259 5438/196/128
f 5326/142/16 5472/191/162 5570/197/260 5407/143/97
f 5472/191/162 5370/190/60 5494/198/184 5570/197/260
f 5570/197/260 5494/198/184 5366/181/56 5459/178/149
f 5407/143/97 5570/197/260 5459/178/149 5322/144/12
f 5343/187/33 5431/186/121 5571/199/261 5430/200/120
f 5431/186/121 5340/185/30 5432/201/122 5571/199/261
f 5571/199/261 5432/201/122 5342/202/32 5433/203/123
f 5430/200/120 5571/199/261 5433/203/123 5345/204/326
f 5345/205/326 5433/206/123 5572/207/262 5434/208/124
f 5433/206/123 5342/88/32 5435/91/125 5572/207/262
f 5572/207/262 5435/91/125 5341/43/31 5436/57/126
f 5434/208/124 5572/207/262 5436/57/126 5344/56/330
f 5349/68/39 5438/196/128 5573/209/263 5437/69/127
f 5438/196/128 5352/195/42 5439/210/129 5573/209/263
f 5573/209/263 5439/210/129 5354/211/332 5440/212/130
f 5437/69/127 5573/209/263 5440/212/130 5351/70/41
f 5351/29/41 5440/213/130 5574/214/264 5441/30/131
f 5440/213/130 5354/215/332 5442/216/132 5574/214/264
f 5574/214/264 5442/216/132 5353/127/331 5443/126/133
f 5441/30/131 5574/214/264 5443/126/133 5350/31/40
f 5352/195/42 5444/194/134 5575/217/265 5439/210/129
f 5444/194/134 5346/78/36 5445/218/135 5575/217/265
f 5575/217/265 5445/218/135 5348/219/38 5446/220/136
f 5439/210/129 5575/217/265 5446/220/136 5354/211/332
f 5354/221/332 5446/222/136 5576/223/318 5442/224/132
f 5446/222/136 5348/225/38 5447/226/137 5576/223/318
f 5576/223/318 5447/226/137 5347/42/37 5448/123/138
f 5442/224/132 5576/223/318 5448/123/138 5353/122/331
f 5337/34/27 5453/37/303 5577/227/309 5424/171/114
f 5453/37/303 5347/42/37 5447/226/137 5577/227/309
f 5577/227/309 5447/226/137 5348/225/38 5454/228/304
f 5424/171/114 5577/227/309 5454/228/304 5339/172/29
f 5339/176/29 5454/229/304 5578/230/268 5426/177/116
f 5454/229/304 5348/219/38 5445/218/135 5578/230/268
f 5578/230/268 5445/218/135 5346/78/36 5455/77/145
f 5426/177/116 5578/230/268 5455/77/145 5338/24/28
f 5322/144/12 5456/180/146 5579/231/269 5405/139/95
f 5456/180/146 5343/187/33 5430/200/120 5579/231/269
f 5579/231/269 5430/200/120 5345/204/326 5457/232/147
f 5405/139/95 5579/231/269 5457/232/147 5324/136/14
f 5324/135/14 5457/233/147 5580/234/336 5401/131/91
f 5457/233/147 5345/235/326 5434/236/124 5580/234/336
f 5580/234/336 5434/236/124 5344/7/330 5458/6/148
f 5401/131/91 5580/234/336 5458/6/148 5323/5/13
f 5372/237/62 5531/238/221 5581/239/271 5498/240/188
f 5531/238/221 5357/241/47 5480/242/170 5581/239/271
f 5581/239/271 5480/242/170 5356/243/46 5529/244/219
f 5498/240/188 5581/239/271 5529/244/219 5369/245/59
f 5372/237/62 5503/246/345 5582/247/272 5531/238/221
f 5503/246/345 5375/248/65 5532/249/222 5582/247/272
f 5582/247/272 5532/249/222 5358/250/48 5481/251/171
f 5531/238/221 5582/247/272 5481/251/171 5357/241/47
f 5375/248/65 5508/252/346 5583/253/273 5532/249/222
f 5508/252/346 5378/254/68 5533/255/223 5583/253/273
f 5583/253/273 5533/255/223 5359/256/49 5482/257/172
f 5532/249/222 5583/253/273 5482/257/172 5358/250/48
f 5378/258/68 5513/259/203 5584/260/274 5533/261/223
f 5513/259/203 5381/262/71 5534/263/224 5584/260/274
f 5584/260/274 5534/263/224 5360/264/50 5483/265/173
f 5533/261/223 5584/260/274 5483/265/173 5359/266/49
f 5381/262/71 5518/267/334 5585/268/275 5534/263/224
f 5518/267/334 5384/269/74 5535/270/225 5585/268/275
f 5585/268/275 5535/270/225 5361/271/51 5484/272/174
f 5534/263/224 5585/268/275 5484/272/174 5360/264/50
f 5384/269/74 5528/273/218 5586/274/276 5535/270/225
f 5528/273/218 5387/275/77 5536/276/226 5586/274/276
f 5586/274/276 5536/276/226 5362/277/52 5485/278/175
f 5535/270/225 5586/274/276 5485/278/175 5361/271/51
f 5362/277/52 5536/276/226 5587/279/277 5486/280/176
f 5536/276/226 5387/275/77 5520/281/210 5587/279/277
f 5587/279/277 5520/281/210 5386/33/76 5537/63/227
f 5486/280/176 5587/279/277 5537/63/227 5363/62/53
f 5369/245/59 5529/244/219 5588/282/278 5493/283/183
f 5529/244/219 5356/243/46 5479/284/169 5588/282/278
f 5588/282/278 5479/284/169 5355/49/45 5530/48/220
f 5493/283/183 5588/282/278 5530/48/220 5368/47/58
f 5365/183/55 5488/182/178 5589/285/279 5487/286/177
f 5488/182/178 5366/181/56 5489/287/179 5589/285/279
f 5589/285/279 5489/287/179 5367/288/57 5490/289/180
f 5487/286/177 5589/285/279 5490/289/180 5364/290/54
f 5364/92/54 5490/291/180 5590/292/280 5491/93/181
f 5490/291/180 5367/293/57 5492/294/182 5590/292/280
f 5590/292/280 5492/294/182 5369/245/59 5493/283/183
f 5491/93/181 5590/292/280 5493/283/183 5368/47/58
f 5366/181/56 5494/198/184 5591/295/281 5489/287/179
f 5494/198/184 5370/190/60 5495/296/185 5591/295/281
f 5591/295/281 5495/296/185 5371/297/61 5496/298/186
f 5489/287/179 5591/295/281 5496/298/186 5367/288/57
f 5367/293/57 5496/299/186 5592/300/282 5492/294/182
f 5496/299/186 5371/301/61 5497/302/187 5592/300/282
f 5592/300/282 5497/302/187 5372/237/62 5498/240/188
f 5492/294/182 5592/300/282 5498/240/188 5369/245/59
f 5370/190/60 5499/189/189 5593/303/283 5495/296/185
f 5499/189/189 5373/114/63 5500/304/190 5593/303/283
f 5593/303/283 5500/304/190 5374/305/64 5501/306/191
f 5495/296/185 5593/303/283 5501/306/191 5371/297/61
f 5371/301/61 5501/307/191 5594/308/284 5497/302/187
f 5501/307/191 5374/309/64 5502/310/192 5594/308/284
f 5594/308/284 5502/310/192 5375/248/65 5503/246/345
f 5497/302/187 5594/308/284 5503/246/345 5372/237/62
f 5373/114/63 5504/112/194 5595/311/285 5500/304/190
f 5504/112/194 5376/14/66 5505/312/195 5595/311/285
f 5595/311/285 5505/312/195 5377/313/67 5506/314/196
f 5500/304/190 5595/311/285 5506/314/196 5374/305/64
f 5374/309/64 5506/315/196 5596/316/286 5502/310/192
f 5506/315/196 5377/317/67 5507/318/197 5596/316/286
f 5596/316/286 5507/318/197 5378/254/68 5508/252/346
f 5502/310/192 5596/316/286 5508/252/346 5375/248/65
f 5376/14/66 5509/11/199 5597/319/287 5505/312/195
f 5509/11/199 5379/10/69 5510/320/200 5597/319/287
f 5597/319/287 5510/320/200 5380/321/70 5511/322/201
f 5505/312/195 5597/319/287 5511/322/201 5377/313/67
f 5377/323/67 5511/324/201 5598/325/288 5507/326/197
f 5511/324/201 5380/327/70 5512/328/202 5598/325/288
f 5598/325/288 5512/328/202 5381/262/71 5513/259/203
f 5507/326/197 5598/325/288 5513/259/203 5378/258/68
f 5379/10/69 5514/20/204 5599/329/289 5510/320/200
f 5514/20/204 5382/19/72 5515/330/205 5599/329/289
f 5599/329/289 5515/330/205 5383/331/73 5516/332/206
f 5510/320/200 5599/329/289 5516/332/206 5380/321/70
f 5380/327/70 5516/333/206 5600/334/290 5512/328/202
f 5516/333/206 5383/335/73 5517/336/207 5600/334/290
f 5600/334/290 5517/336/207 5384/269/74 5518/267/334
f 5512/328/202 5600/334/290 5518/267/334 5381/262/71
f 5386/33/76 5520/281/210 5601/337/291 5519/28/209
f 5520/281/210 5387/275/77 5521/338/211 5601/337/291
f 5601/337/291 5521/338/211 5388/339/78 5522/340/212
f 5519/28/209 5601/337/291 5522/340/212 5385/25/75
f 5385/72/75 5522/341/212 5602/342/292 5523/67/213
f 5522/341/212 5388/343/78 5524/344/214 5602/342/292
f 5602/342/292 5524/344/214 5390/73/80 5525/192/215
f 5523/67/213 5602/342/292 5525/192/215 5389/64/79
f 5382/19/72 5526/74/216 5603/345/293 5515/330/205
f 5526/74/216 5390/73/80 5524/344/214 5603/345/293
f 5603/345/293 5524/344/214 5388/343/78 5527/346/217
f 5515/330/205 5603/345/293 5527/346/217 5383/331/73
f 5383/335/73 5527/347/217 5604/348/294 5517/336/207
f 5527/347/217 5388/339/78 5521/338/211 5604/348/294
f 5604/348/294 5521/338/211 5387/275/77 5528/273/218
f 5517/336/207 5604/348/294 5528/273/218 5384/269/74
f 5340/185/30 5449/184/139 5605/349/295 5432/201/122
f 5449/184/139 5365/183/55 5487/286/177 5605/349/295
f 5605/349/295 5487/286/177 5364/290/54 5476/350/166
f 5432/201/122 5605/349/295 5476/350/166 5342/202/32
f 5611/1/310 5756/2/151 5833/3/228 5690/4/85
f 5756/2/151 5618/5/13 5753/6/148 5833/3/228
f 5833/3/228 5753/6/148 5639/7/34 5757/8/152
f 5690/4/85 5833/3/228 5757/8/152 5613/9/311
f 5674/10/69 5804/11/199 5834/12/229 5761/13/156
f 5804/11/199 5671/14/66 5759/15/154 5834/12/229
f 5834/12/229 5759/15/154 5627/16/22 5717/17/112
f 5761/13/156 5834/12/229 5717/17/112 5630/18/25
f 5677/19/72 5809/20/204 5835/21/230 5763/22/158
f 5809/20/204 5674/10/69 5761/13/156 5835/21/230
f 5835/21/230 5761/13/156 5630/18/25 5722/23/117
f 5763/22/158 5835/21/230 5722/23/117 5633/24/28
f 5680/25/75 5746/26/141 5836/27/231 5814/28/209
f 5746/26/141 5646/29/41 5736/30/131 5836/27/231
f 5836/27/231 5736/30/131 5645/31/40 5747/32/142
f 5814/28/209 5836/27/231 5747/32/142 5681/33/76
f 5632/34/27 5764/35/159 5837/36/232 5748/37/143
f 5764/35/159 5610/38/5 5695/39/90 5837/36/232
f 5837/36/232 5695/39/90 5615/40/312 5765/41/325
f 5748/37/143 5837/36/232 5765/41/325 5642/42/37
f 5636/43/31 5770/44/165 5838/45/233 5768/46/163
f 5770/44/165 5663/47/58 5825/48/220 5838/45/233
f 5838/45/233 5825/48/220 5650/49/45 5724/50/119
f 5768/46/163 5838/45/233 5724/50/119 5612/51/7
f 5613/52/311 5757/53/152 5839/54/234 5691/55/86
f 5757/53/152 5639/56/34 5731/57/126 5839/54/234
f 5839/54/234 5731/57/126 5636/43/31 5768/46/163
f 5691/55/86 5839/54/234 5768/46/163 5612/51/7
f 5614/58/9 5723/59/118 5840/60/235 5772/61/167
f 5723/59/118 5658/62/53 5832/63/227 5840/60/235
f 5840/60/235 5832/63/227 5681/33/76 5747/32/142
f 5772/61/167 5840/60/235 5747/32/142 5645/31/40
f 5684/64/79 5745/65/140 5841/66/236 5818/67/213
f 5745/65/140 5644/68/39 5732/69/127 5841/66/236
f 5841/66/236 5732/69/127 5646/70/41 5746/71/141
f 5818/67/213 5841/66/236 5746/71/141 5680/72/75
f 5685/73/80 5821/74/216 5842/75/237 5766/76/161
f 5821/74/216 5677/19/72 5763/22/158 5842/75/237
f 5842/75/237 5763/22/158 5633/24/28 5750/77/145
f 5766/76/161 5842/75/237 5750/77/145 5641/78/36
f 5623/79/18 5758/80/153 5843/81/238 5708/82/103
f 5758/80/153 5607/83/2 5687/84/82 5843/81/238
f 5843/81/238 5687/84/82 5608/85/3 5760/86/155
f 5708/82/103 5843/81/238 5760/86/155 5626/87/21
f 5637/88/32 5771/89/166 5844/90/329 5730/91/125
f 5771/89/166 5659/92/54 5786/93/181 5844/90/329
f 5844/90/329 5786/93/181 5663/47/58 5770/44/165
f 5730/91/125 5844/90/329 5770/44/165 5636/43/31
f 5620/94/15 5697/95/297 5845/96/240 5755/97/150
f 5697/95/297 5618/5/13 5756/2/151 5845/96/240
f 5845/96/240 5756/2/151 5611/1/310 5694/98/89
f 5755/97/150 5845/96/240 5694/98/89 5606/99/1
f 5626/87/21 5760/86/155 5846/100/241 5713/101/108
f 5760/86/155 5608/85/3 5688/102/83 5846/100/241
f 5846/100/241 5688/102/83 5609/103/4 5762/104/157
f 5713/101/108 5846/100/241 5762/104/157 5629/105/24
f 5629/105/24 5762/104/157 5847/106/242 5718/107/113
f 5762/104/157 5609/103/4 5689/108/84 5847/106/242
f 5847/106/242 5689/108/84 5610/38/5 5764/35/159
f 5718/107/113 5847/106/242 5764/35/159 5632/34/27
f 5620/94/15 5755/97/150 5848/109/243 5703/110/98
f 5755/97/150 5606/99/1 5686/111/81 5848/109/243
f 5848/109/243 5686/111/81 5607/83/2 5758/80/153
f 5703/110/98 5848/109/243 5758/80/153 5623/79/18
f 5671/14/66 5799/112/194 5849/113/244 5759/15/154
f 5799/112/194 5668/114/63 5769/115/164 5849/113/244
f 5849/113/244 5769/115/164 5624/116/19 5712/117/107
f 5759/15/154 5849/113/244 5712/117/107 5627/16/22
f 5616/118/313 5773/119/168 5850/120/245 5693/121/88
f 5773/119/168 5648/122/43 5743/123/138 5850/120/245
f 5850/120/245 5743/123/138 5642/42/37 5765/41/325
f 5693/121/88 5850/120/245 5765/41/325 5615/40/312
f 5614/58/9 5772/61/167 5851/124/246 5692/125/87
f 5772/61/167 5645/31/40 5738/126/133 5851/124/246
f 5851/124/246 5738/126/133 5648/127/43 5773/128/168
f 5692/125/87 5851/124/246 5773/128/168 5616/129/313
f 5618/5/13 5697/95/297 5852/130/308 5696/131/91
f 5697/95/297 5620/94/15 5698/132/93 5852/130/308
f 5852/130/308 5698/132/93 5622/133/17 5699/134/94
f 5696/131/91 5852/130/308 5699/134/94 5619/135/14
f 5619/136/14 5699/137/94 5853/138/248 5700/139/95
f 5699/137/94 5622/140/17 5701/141/96 5853/138/248
f 5853/138/248 5701/141/96 5621/142/16 5702/143/97
f 5700/139/95 5853/138/248 5702/143/97 5617/144/12
f 5620/94/15 5703/110/98 5854/145/249 5698/132/93
f 5703/110/98 5623/79/18 5704/146/99 5854/145/249
f 5854/145/249 5704/146/99 5625/147/20 5705/148/100
f 5698/132/93 5854/145/249 5705/148/100 5622/133/17
f 5622/140/17 5705/149/100 5855/150/250 5701/141/96
f 5705/149/100 5625/151/20 5706/152/101 5855/150/250
f 5855/150/250 5706/152/101 5624/116/19 5707/153/102
f 5701/141/96 5855/150/250 5707/153/102 5621/142/16
f 5623/79/18 5708/82/103 5856/154/251 5704/146/99
f 5708/82/103 5626/87/21 5709/155/104 5856/154/251
f 5856/154/251 5709/155/104 5628/156/23 5710/157/105
f 5704/146/99 5856/154/251 5710/157/105 5625/147/20
f 5625/151/20 5710/158/105 5857/159/252 5706/152/101
f 5710/158/105 5628/160/23 5711/161/106 5857/159/252
f 5857/159/252 5711/161/106 5627/16/22 5712/117/107
f 5706/152/101 5857/159/252 5712/117/107 5624/116/19
f 5626/87/21 5713/101/108 5858/162/253 5709/155/104
f 5713/101/108 5629/105/24 5714/163/109 5858/162/253
f 5858/162/253 5714/163/109 5631/164/26 5715/165/110
f 5709/155/104 5858/162/253 5715/165/110 5628/156/23
f 5628/160/23 5715/166/110 5859/167/254 5711/161/106
f 5715/166/110 5631/168/26 5716/169/111 5859/167/254
f 5859/167/254 5716/169/111 5630/18/25 5717/17/112
f 5711/161/106 5859/167/254 5717/17/112 5627/16/22
f 5629/105/24 5718/107/113 5860/170/255 5714/163/109
f 5718/107/113 5632/34/27 5719/171/114 5860/170/255
f 5860/170/255 5719/171/114 5634/172/29 5720/173/115
f 5714/163/109 5860/170/255 5720/173/115 5631/164/26
f 5631/168/26 5720/174/115 5861/175/256 5716/169/111
f 5720/174/115 5634/176/29 5721/177/116 5861/175/256
f 5861/175/256 5721/177/116 5633/24/28 5722/23/117
f 5716/169/111 5861/175/256 5722/23/117 5630/18/25
f 5617/144/12 5754/178/149 5862/179/257 5751/180/146
f 5661/181/56 5783/182/178 5862/179/257 5754/178/149
f 5660/183/55 5744/184/139 5862/179/257 5783/182/178
f 5635/185/30 5726/186/121 5862/179/257 5744/184/139
f 5638/187/33 5751/180/146 5862/179/257 5726/186/121
f 5624/116/19 5769/115/164 5863/188/258 5707/153/102
f 5769/115/164 5668/114/63 5794/189/189 5863/188/258
f 5863/188/258 5794/189/189 5665/190/60 5767/191/162
f 5707/153/102 5863/188/258 5767/191/162 5621/142/16
f 5684/64/79 5820/192/215 5864/193/259 5745/65/140
f 5685/73/80 5766/76/161 5864/193/259 5820/192/215
f 5641/78/36 5739/194/134 5864/193/259 5766/76/161
f 5647/195/42 5733/196/128 5864/193/259 5739/194/134
f 5644/68/39 5745/65/140 5864/193/259 5733/196/128
f 5621/142/16 5767/191/162 5865/197/260 5702/143/97
f 5767/191/162 5665/190/60 5789/198/184 5865/197/260
f 5865/197/260 5789/198/184 5661/181/56 5754/178/149
f 5702/143/97 5865/197/260 5754/178/149 5617/144/12
f 5638/187/33 5726/186/121 5866/199/261 5725/200/120
f 5726/186/121 5635/185/30 5727/201/122 5866/199/261
f 5866/199/261 5727/201/122 5637/202/32 5728/203/123
f 5725/200/120 5866/199/261 5728/203/123 5640/204/35
f 5640/205/35 5728/206/123 5867/207/262 5729/208/327
f 5728/206/123 5637/88/32 5730/91/125 5867/207/262
f 5867/207/262 5730/91/125 5636/43/31 5731/57/126
f 5729/208/327 5867/207/262 5731/57/126 5639/56/34
f 5644/68/39 5733/196/128 5868/209/263 5732/69/127
f 5733/196/128 5647/195/42 5734/210/129 5868/209/263
f 5868/209/263 5734/210/129 5649/211/44 5735/212/130
f 5732/69/127 5868/209/263 5735/212/130 5646/70/41
f 5646/29/41 5735/213/130 5869/214/264 5736/30/131
f 5735/213/130 5649/215/44 5737/216/328 5869/214/264
f 5869/214/264 5737/216/328 5648/127/43 5738/126/133
f 5736/30/131 5869/214/264 5738/126/133 5645/31/40
f 5647/195/42 5739/194/134 5870/217/265 5734/210/129
f 5739/194/134 5641/78/36 5740/218/135 5870/217/265
f 5870/217/265 5740/218/135 5643/219/38 5741/220/136
f 5734/210/129 5870/217/265 5741/220/136 5649/211/44
f 5649/221/44 5741/222/136 5871/223/266 5737/224/328
f 5741/222/136 5643/225/38 5742/226/137 5871/223/266
f 5871/223/266 5742/226/137 5642/42/37 5743/123/138
f 5737/224/328 5871/223/266 5743/123/138 5648/122/43
f 5632/34/27 5748/37/143 5872/227/309 5719/171/114
f 5748/37/143 5642/42/37 5742/226/137 5872/227/309
f 5872/227/309 5742/226/137 5643/225/38 5749/228/144
f 5719/171/114 5872/227/309 5749/228/144 5634/172/29
f 5634/176/29 5749/229/144 5873/230/268 5721/177/116
f 5749/229/144 5643/219/38 5740/218/135 5873/230/268
f 5873/230/268 5740/218/135 5641/78/36 5750/77/145
f 5721/177/116 5873/230/268 5750/77/145 5633/24/28
f 5617/144/12 5751/180/146 5874/231/269 5700/139/95
f 5751/180/146 5638/187/33 5725/200/120 5874/231/269
f 5874/231/269 5725/200/120 5640/204/35 5752/232/147
f 5700/139/95 5874/231/269 5752/232/147 5619/136/14
f 5619/135/14 5752/233/147 5875/234/270 5696/131/91
f 5752/233/147 5640/235/35 5729/236/327 5875/234/270
f 5875/234/270 5729/236/327 5639/7/34 5753/6/148
f 5696/131/91 5875/234/270 5753/6/148 5618/5/13
f 5667/237/62 5826/238/221 5876/239/271 5793/240/188
f 5826/238/221 5652/241/47 5775/242/170 5876/239/271
f 5876/239/271 5775/242/170 5651/243/46 5824/244/219
f 5793/240/188 5876/239/271 5824/244/219 5664/245/59
f 5667/237/62 5798/246/193 5877/247/272 5826/238/221
f 5798/246/193 5670/248/65 5827/249/222 5877/247/272
f 5877/247/272 5827/249/222 5653/250/322 5776/251/171
f 5826/238/221 5877/247/272 5776/251/171 5652/241/47
f 5670/248/65 5803/252/198 5878/253/273 5827/249/222
f 5803/252/198 5673/254/68 5828/255/223 5878/253/273
f 5878/253/273 5828/255/223 5654/256/49 5777/257/172
f 5827/249/222 5878/253/273 5777/257/172 5653/250/322
f 5673/258/68 5808/259/203 5879/260/274 5828/261/223
f 5808/259/203 5676/262/71 5829/263/224 5879/260/274
f 5879/260/274 5829/263/224 5655/264/323 5778/265/173
f 5828/261/223 5879/260/274 5778/265/173 5654/266/49
f 5676/262/71 5813/267/208 5880/268/275 5829/263/224
f 5813/267/208 5679/269/74 5830/270/225 5880/268/275
f 5880/268/275 5830/270/225 5656/271/51 5779/272/174
f 5829/263/224 5880/268/275 5779/272/174 5655/264/323
f 5679/269/74 5823/273/218 5881/274/276 5830/270/225
f 5823/273/218 5682/275/77 5831/276/226 5881/274/276
f 5881/274/276 5831/276/226 5657/277/52 5780/278/175
f 5830/270/225 5881/274/276 5780/278/175 5656/271/51
f 5657/277/52 5831/276/226 5882/279/277 5781/280/176
f 5831/276/226 5682/275/77 5815/281/210 5882/279/277
f 5882/279/277 5815/281/210 5681/33/76 5832/63/227
f 5781/280/176 5882/279/277 5832/63/227 5658/62/53
f 5664/245/59 5824/244/219 5883/282/278 5788/283/183
f 5824/244/219 5651/243/46 5774/284/169 5883/282/278
f 5883/282/278 5774/284/169 5650/49/45 5825/48/220
f 5788/283/183 5883/282/278 5825/48/220 5663/47/58
f 5660/183/55 5783/182/178 5884/285/279 5782/286/177
f 5783/182/178 5661/181/56 5784/287/179 5884/285/279
f 5884/285/279 5784/287/179 5662/288/57 5785/289/180
f 5782/286/177 5884/285/279 5785/289/180 5659/290/54
f 5659/92/54 5785/291/180 5885/292/280 5786/93/181
f 5785/291/180 5662/293/57 5787/294/182 5885/292/280
f 5885/292/280 5787/294/182 5664/245/59 5788/283/183
f 5786/93/181 5885/292/280 5788/283/183 5663/47/58
f 5661/181/56 5789/198/184 5886/295/281 5784/287/179
f 5789/198/184 5665/190/60 5790/296/185 5886/295/281
f 5886/295/281 5790/296/185 5666/297/61 5791/298/186
f 5784/287/179 5886/295/281 5791/298/186 5662/288/57
f 5662/293/57 5791/299/186 5887/300/282 5787/294/182
f 5791/299/186 5666/301/61 5792/302/187 5887/300/282
f 5887/300/282 5792/302/187 5667/237/62 5793/240/188
f 5787/294/182 5887/300/282 5793/240/188 5664/245/59
f 5665/190/60 5794/189/189 5888/303/283 5790/296/185
f 5794/189/189 5668/114/63 5795/304/190 5888/303/283
f 5888/303/283 5795/304/190 5669/305/64 5796/306/191
f 5790/296/185 5888/303/283 5796/306/191 5666/297/61
f 5666/301/61 5796/307/191 5889/308/341 5792/302/187
f 5796/307/191 5669/309/64 5797/310/192 5889/308/341
f 5889/308/341 5797/310/192 5670/248/65 5798/246/193
f 5792/302/187 5889/308/341 5798/246/193 5667/237/62
f 5668/114/63 5799/112/194 5890/311/285 5795/304/190
f 5799/112/194 5671/14/66 5800/312/195 5890/311/285
f 5890/311/285 5800/312/195 5672/313/67 5801/314/196
f 5795/304/190 5890/311/285 5801/314/196 5669/305/64
f 5669/309/64 5801/315/196 5891/316/286 5797/310/192
f 5801/315/196 5672/317/67 5802/318/197 5891/316/286
f 5891/316/286 5802/318/197 5673/254/68 5803/252/198
f 5797/310/192 5891/316/286 5803/252/198 5670/248/65
f 5671/14/66 5804/11/199 5892/319/287 5800/312/195
f 5804/11/199 5674/10/69 5805/320/200 5892/319/287
f 5892/319/287 5805/320/200 5675/321/70 5806/322/201
f 5800/312/195 5892/319/287 5806/322/201 5672/313/67
f 5672/323/67 5806/324/201 5893/325/288 5802/326/197
f 5806/324/201 5675/327/70 5807/328/202 5893/325/288
f 5893/325/288 5807/328/202 5676/262/71 5808/259/203
f 5802/326/197 5893/325/288 5808/259/203 5673/258/68
f 5674/10/69 5809/20/204 5894/329/289 5805/320/200
f 5809/20/204 5677/19/72 5810/330/205 5894/329/289
f 5894/329/289 5810/330/205 5678/331/73 5811/332/206
f 5805/320/200 5894/329/289 5811/332/206 5675/321/70
f 5675/327/70 5811/333/206 5895/334/290 5807/328/202
f 5811/333/206 5678/335/73 5812/336/207 5895/334/290
f 5895/334/290 5812/336/207 5679/269/74 5813/267/208
f 5807/328/202 5895/334/290 5813/267/208 5676/262/71
f 5681/33/76 5815/281/210 5896/337/291 5814/28/209
f 5815/281/210 5682/275/77 5816/338/211 5896/337/291
f 5896/337/291 5816/338/211 5683/339/78 5817/340/212
f 5814/28/209 5896/337/291 5817/340/212 5680/25/75
f 5680/72/75 5817/341/212 5897/342/292 5818/67/213
f 5817/341/212 5683/343/78 5819/344/214 5897/342/292
f 5897/342/292 5819/344/214 5685/73/80 5820/192/215
f 5818/67/213 5897/342/292 5820/192/215 5684/64/79
f 5677/19/72 5821/74/216 5898/345/293 5810/330/205
f 5821/74/216 5685/73/80 5819/344/214 5898/345/293
f 5898/345/293 5819/344/214 5683/343/78 5822/346/217
f 5810/330/205 5898/345/293 5822/346/217 5678/331/73
f 5678/335/73 5822/347/217 5899/348/294 5812/336/207
f 5822/347/217 5683/339/78 5816/338/211 5899/348/294
f 5899/348/294 5816/338/211 5682/275/77 5823/273/218
f 5812/336/207 5899/348/294 5823/273/218 5679/269/74
f 5635/185/30 5744/184/139 5900/349/295 5727/201/122
f 5744/184/139 5660/183/55 5782/286/177 5900/349/295
f 5900/349/295 5782/286/177 5659/290/54 5771/350/166
f 5727/201/122 5900/349/295 5771/350/166 5637/202/32
